ISO-10303-21;
HEADER;
/* Generated by software containing ST-Developer
 * from STEP Tools, Inc. (www.steptools.com) 
 */

FILE_DESCRIPTION(
/* description */ (''),
/* implementation_level */ '2;1');

FILE_NAME(
/* name */ 'Mikrocontrollergehuse.step',
/* time_stamp */ '2026-09-02T08:49:17+02:00',
/* author */ (''),
/* organization */ (''),
/* preprocessor_version */ 'ST-DEVELOPER v20.1',
/* originating_system */ 'Autodesk Translation Framework v15.8.0.0',
/* authorisation */ '');

FILE_SCHEMA (('AUTOMOTIVE_DESIGN { 1 0 10303 214 3 1 1 }'));
ENDSEC;

DATA;
#10=MECHANICAL_DESIGN_GEOMETRIC_PRESENTATION_REPRESENTATION('',(#13),#14559);
#11=SHAPE_REPRESENTATION_RELATIONSHIP('SRR','None',#14566,#12);
#12=ADVANCED_BREP_SHAPE_REPRESENTATION('',(#14),#14558);
#13=STYLED_ITEM('',(#14576),#14);
#14=MANIFOLD_SOLID_BREP('Arduino Case  (1) (1)',#7716);
#15=ELLIPSE('',#7987,11.3538608521507,11.);
#16=ELLIPSE('',#7989,9.42921822051012,9.);
#17=ELLIPSE('',#7993,11.3538608521507,11.);
#18=ELLIPSE('',#7994,9.42921822051012,9.);
#19=ELLIPSE('',#7998,9.42921822051012,9.);
#20=ELLIPSE('',#7999,11.3538608521507,11.);
#21=ELLIPSE('',#8003,9.42921822051012,9.);
#22=ELLIPSE('',#8004,11.3538608521507,11.);
#23=B_SPLINE_SURFACE_WITH_KNOTS('',3,1,((#10602,#10603),(#10604,#10605),
(#10606,#10607),(#10608,#10609),(#10610,#10611)),.UNSPECIFIED.,.F.,.F.,
 .F.,(4,1,4),(2,2),(0.,0.0331178232702541,0.0802767591782416),(0.,0.0999999999999996),
 .UNSPECIFIED.);
#24=B_SPLINE_SURFACE_WITH_KNOTS('',3,1,((#10630,#10631),(#10632,#10633),
(#10634,#10635),(#10636,#10637),(#10638,#10639)),.UNSPECIFIED.,.F.,.F.,
 .F.,(4,1,4),(2,2),(0.,0.0188489317273155,0.042296465974948),(0.,0.0999999999999996),
 .UNSPECIFIED.);
#25=B_SPLINE_SURFACE_WITH_KNOTS('',3,1,((#10655,#10656),(#10657,#10658),
(#10659,#10660),(#10661,#10662),(#10663,#10664)),.UNSPECIFIED.,.F.,.F.,
 .F.,(4,1,4),(2,2),(0.,0.0160277690129367,0.0320904434904329),(0.,0.0999999999999996),
 .UNSPECIFIED.);
#26=B_SPLINE_SURFACE_WITH_KNOTS('',3,1,((#10680,#10681),(#10682,#10683),
(#10684,#10685),(#10686,#10687),(#10688,#10689)),.UNSPECIFIED.,.F.,.F.,
 .F.,(4,1,4),(2,2),(0.,0.026696634603069,0.0503880082882847),(0.,0.0999999999999996),
 .UNSPECIFIED.);
#27=B_SPLINE_SURFACE_WITH_KNOTS('',3,1,((#10706,#10707),(#10708,#10709),
(#10710,#10711),(#10712,#10713),(#10714,#10715)),.UNSPECIFIED.,.F.,.F.,
 .F.,(4,1,4),(2,2),(0.,0.0644114558230859,0.105821155354252),(0.,0.0999999999999996),
 .UNSPECIFIED.);
#28=B_SPLINE_SURFACE_WITH_KNOTS('',3,1,((#10731,#10732),(#10733,#10734),
(#10735,#10736),(#10737,#10738),(#10739,#10740)),.UNSPECIFIED.,.F.,.F.,
 .F.,(4,1,4),(2,2),(0.,0.0464663988036519,0.0941609507995495),(0.,0.0999999999999996),
 .UNSPECIFIED.);
#29=B_SPLINE_SURFACE_WITH_KNOTS('',3,1,((#10759,#10760),(#10761,#10762),
(#10763,#10764),(#10765,#10766),(#10767,#10768)),.UNSPECIFIED.,.F.,.F.,
 .F.,(4,1,4),(2,2),(0.,0.0208199691929232,0.0437793012907734),(0.,0.0999999999999996),
 .UNSPECIFIED.);
#30=B_SPLINE_SURFACE_WITH_KNOTS('',3,1,((#10783,#10784),(#10785,#10786),
(#10787,#10788),(#10789,#10790),(#10791,#10792)),.UNSPECIFIED.,.F.,.F.,
 .F.,(4,1,4),(2,2),(0.,0.0218830435366049,0.0423756214263968),(0.,0.0999999999999996),
 .UNSPECIFIED.);
#31=B_SPLINE_SURFACE_WITH_KNOTS('',3,1,((#10808,#10809),(#10810,#10811),
(#10812,#10813),(#10814,#10815),(#10816,#10817)),.UNSPECIFIED.,.F.,.F.,
 .F.,(4,1,4),(2,2),(0.,0.0261454591044009,0.0498729438228084),(0.,0.0999999999999996),
 .UNSPECIFIED.);
#32=B_SPLINE_SURFACE_WITH_KNOTS('',3,1,((#10833,#10834),(#10835,#10836),
(#10837,#10838),(#10839,#10840),(#10841,#10842)),.UNSPECIFIED.,.F.,.F.,
 .F.,(4,1,4),(2,2),(0.,0.0368532916936367,0.0673443643920302),(0.,0.0999999999999996),
 .UNSPECIFIED.);
#33=B_SPLINE_SURFACE_WITH_KNOTS('',3,1,((#10858,#10859),(#10860,#10861),
(#10862,#10863),(#10864,#10865),(#10866,#10867)),.UNSPECIFIED.,.F.,.F.,
 .F.,(4,1,4),(2,2),(0.,0.0621491764908173,0.13635770384953),(0.,0.0999999999999996),
 .UNSPECIFIED.);
#34=B_SPLINE_SURFACE_WITH_KNOTS('',3,1,((#10883,#10884),(#10885,#10886),
(#10887,#10888),(#10889,#10890),(#10891,#10892)),.UNSPECIFIED.,.F.,.F.,
 .F.,(4,1,4),(2,2),(0.,0.0974689320315523,0.167268493964971),(0.,0.0999999999999996),
 .UNSPECIFIED.);
#35=B_SPLINE_SURFACE_WITH_KNOTS('',3,1,((#10908,#10909),(#10910,#10911),
(#10912,#10913),(#10914,#10915),(#10916,#10917)),.UNSPECIFIED.,.F.,.F.,
 .F.,(4,1,4),(2,2),(0.,0.0188138099145585,0.0400585624269158),(0.,0.0999999999999996),
 .UNSPECIFIED.);
#36=B_SPLINE_SURFACE_WITH_KNOTS('',3,1,((#10936,#10937),(#10938,#10939),
(#10940,#10941),(#10942,#10943),(#10944,#10945)),.UNSPECIFIED.,.F.,.F.,
 .F.,(4,1,4),(2,2),(0.,0.033218760440439,0.0560810662496039),(0.,0.0999999999999996),
 .UNSPECIFIED.);
#37=B_SPLINE_SURFACE_WITH_KNOTS('',3,1,((#10973,#10974),(#10975,#10976),
(#10977,#10978),(#10979,#10980),(#10981,#10982)),.UNSPECIFIED.,.F.,.F.,
 .F.,(4,1,4),(2,2),(0.,0.0570766342938772,0.101118491233128),(0.,0.0999999999999996),
 .UNSPECIFIED.);
#38=B_SPLINE_SURFACE_WITH_KNOTS('',3,1,((#11001,#11002),(#11003,#11004),
(#11005,#11006),(#11007,#11008),(#11009,#11010)),.UNSPECIFIED.,.F.,.F.,
 .F.,(4,1,4),(2,2),(0.,0.0383674034968348,0.0782793104917158),(0.,0.0999999999999996),
 .UNSPECIFIED.);
#39=B_SPLINE_SURFACE_WITH_KNOTS('',3,1,((#11026,#11027),(#11028,#11029),
(#11030,#11031),(#11032,#11033),(#11034,#11035)),.UNSPECIFIED.,.F.,.F.,
 .F.,(4,1,4),(2,2),(0.,0.0352565152962482,0.0718858075429282),(0.,0.0999999999999996),
 .UNSPECIFIED.);
#40=B_SPLINE_SURFACE_WITH_KNOTS('',3,1,((#11051,#11052),(#11053,#11054),
(#11055,#11056),(#11057,#11058),(#11059,#11060)),.UNSPECIFIED.,.F.,.F.,
 .F.,(4,1,4),(2,2),(0.,0.0354948598140406,0.0702243517774078),(0.,0.0999999999999996),
 .UNSPECIFIED.);
#41=B_SPLINE_SURFACE_WITH_KNOTS('',3,1,((#11076,#11077),(#11078,#11079),
(#11080,#11081),(#11082,#11083),(#11084,#11085)),.UNSPECIFIED.,.F.,.F.,
 .F.,(4,1,4),(2,2),(0.,0.0491832154164614,0.089276281564738),(0.,0.0999999999999996),
 .UNSPECIFIED.);
#42=B_SPLINE_SURFACE_WITH_KNOTS('',3,1,((#11115,#11116),(#11117,#11118),
(#11119,#11120),(#11121,#11122),(#11123,#11124)),.UNSPECIFIED.,.F.,.F.,
 .F.,(4,1,4),(2,2),(0.,0.0489226122196285,0.104955540111763),(0.,0.0999999999999996),
 .UNSPECIFIED.);
#43=B_SPLINE_SURFACE_WITH_KNOTS('',3,1,((#11140,#11141),(#11142,#11143),
(#11144,#11145),(#11146,#11147),(#11148,#11149)),.UNSPECIFIED.,.F.,.F.,
 .F.,(4,1,4),(2,2),(0.,0.0679094525483875,0.121642340183627),(0.,0.0999999999999996),
 .UNSPECIFIED.);
#44=B_SPLINE_SURFACE_WITH_KNOTS('',3,1,((#11165,#11166),(#11167,#11168),
(#11169,#11170),(#11171,#11172),(#11173,#11174)),.UNSPECIFIED.,.F.,.F.,
 .F.,(4,1,4),(2,2),(0.,0.0442543544888211,0.100260570940658),(0.,0.0999999999999996),
 .UNSPECIFIED.);
#45=B_SPLINE_SURFACE_WITH_KNOTS('',3,1,((#11190,#11191),(#11192,#11193),
(#11194,#11195),(#11196,#11197),(#11198,#11199)),.UNSPECIFIED.,.F.,.F.,
 .F.,(4,1,4),(2,2),(0.,0.0332666684653499,0.0696609341792291),(0.,0.0999999999999996),
 .UNSPECIFIED.);
#46=B_SPLINE_SURFACE_WITH_KNOTS('',3,1,((#11215,#11216),(#11217,#11218),
(#11219,#11220),(#11221,#11222),(#11223,#11224)),.UNSPECIFIED.,.F.,.F.,
 .F.,(4,1,4),(2,2),(0.,0.0302718990912756,0.0614261497918197),(0.,0.0999999999999996),
 .UNSPECIFIED.);
#47=B_SPLINE_SURFACE_WITH_KNOTS('',3,1,((#11240,#11241),(#11242,#11243),
(#11244,#11245),(#11246,#11247),(#11248,#11249)),.UNSPECIFIED.,.F.,.F.,
 .F.,(4,1,4),(2,2),(0.,0.0432751298722794,0.0869266916532769),(0.,0.0999999999999996),
 .UNSPECIFIED.);
#48=B_SPLINE_SURFACE_WITH_KNOTS('',3,1,((#11265,#11266),(#11267,#11268),
(#11269,#11270),(#11271,#11272),(#11273,#11274)),.UNSPECIFIED.,.F.,.F.,
 .F.,(4,1,4),(2,2),(0.,0.0728244969939318,0.126580412657191),(0.,0.0999999999999996),
 .UNSPECIFIED.);
#49=B_SPLINE_SURFACE_WITH_KNOTS('',3,1,((#11290,#11291),(#11292,#11293),
(#11294,#11295),(#11296,#11297),(#11298,#11299)),.UNSPECIFIED.,.F.,.F.,
 .F.,(4,1,4),(2,2),(0.,0.0256001885320302,0.0677842250711791),(0.,0.0999999999999996),
 .UNSPECIFIED.);
#50=B_SPLINE_SURFACE_WITH_KNOTS('',3,1,((#11315,#11316),(#11317,#11318),
(#11319,#11320),(#11321,#11322),(#11323,#11324)),.UNSPECIFIED.,.F.,.F.,
 .F.,(4,1,4),(2,2),(0.,0.0151235752205029,0.0317433959802239),(0.,0.0999999999999996),
 .UNSPECIFIED.);
#51=B_SPLINE_SURFACE_WITH_KNOTS('',3,1,((#11340,#11341),(#11342,#11343),
(#11344,#11345),(#11346,#11347),(#11348,#11349)),.UNSPECIFIED.,.F.,.F.,
 .F.,(4,1,4),(2,2),(0.,0.0173219220438998,0.0331562524743654),(0.,0.0999999999999996),
 .UNSPECIFIED.);
#52=B_SPLINE_SURFACE_WITH_KNOTS('',3,1,((#11365,#11366),(#11367,#11368),
(#11369,#11370),(#11371,#11372),(#11373,#11374)),.UNSPECIFIED.,.F.,.F.,
 .F.,(4,1,4),(2,2),(0.,0.0235975047493605,0.0431585066351483),(0.,0.0999999999999996),
 .UNSPECIFIED.);
#53=B_SPLINE_SURFACE_WITH_KNOTS('',3,1,((#11390,#11391),(#11392,#11393),
(#11394,#11395),(#11396,#11397),(#11398,#11399)),.UNSPECIFIED.,.F.,.F.,
 .F.,(4,1,4),(2,2),(0.,0.0294888372052638,0.0614486415543975),(0.,0.0999999999999996),
 .UNSPECIFIED.);
#54=B_SPLINE_SURFACE_WITH_KNOTS('',3,1,((#11414,#11415),(#11416,#11417),
(#11418,#11419),(#11420,#11421),(#11422,#11423)),.UNSPECIFIED.,.F.,.F.,
 .F.,(4,1,4),(2,2),(0.,0.0258961855933913,0.0467373100481418),(0.,0.0999999999999996),
 .UNSPECIFIED.);
#55=B_SPLINE_SURFACE_WITH_KNOTS('',3,1,((#11487,#11488),(#11489,#11490),
(#11491,#11492),(#11493,#11494),(#11495,#11496)),.UNSPECIFIED.,.F.,.F.,
 .F.,(4,1,4),(2,2),(0.,0.0541225151363477,0.115322885821099),(0.,0.0999999999999996),
 .UNSPECIFIED.);
#56=B_SPLINE_SURFACE_WITH_KNOTS('',3,1,((#11515,#11516),(#11517,#11518),
(#11519,#11520),(#11521,#11522),(#11523,#11524)),.UNSPECIFIED.,.F.,.F.,
 .F.,(4,1,4),(2,2),(0.,0.0678937170913008,0.124014943557306),(0.,0.0999999999999996),
 .UNSPECIFIED.);
#57=B_SPLINE_SURFACE_WITH_KNOTS('',3,1,((#11540,#11541),(#11542,#11543),
(#11544,#11545),(#11546,#11547),(#11548,#11549)),.UNSPECIFIED.,.F.,.F.,
 .F.,(4,1,4),(2,2),(0.,0.0754003398786323,0.162112542093669),(0.,0.0999999999999996),
 .UNSPECIFIED.);
#58=B_SPLINE_SURFACE_WITH_KNOTS('',3,1,((#11565,#11566),(#11567,#11568),
(#11569,#11570),(#11571,#11572),(#11573,#11574)),.UNSPECIFIED.,.F.,.F.,
 .F.,(4,1,4),(2,2),(0.,0.0887715272900306,0.164602666062003),(0.,0.0999999999999996),
 .UNSPECIFIED.);
#59=B_SPLINE_SURFACE_WITH_KNOTS('',3,1,((#11590,#11591),(#11592,#11593),
(#11594,#11595),(#11596,#11597),(#11598,#11599)),.UNSPECIFIED.,.F.,.F.,
 .F.,(4,1,4),(2,2),(0.,0.058904596809871,0.127122074709024),(0.,0.0999999999999996),
 .UNSPECIFIED.);
#60=B_SPLINE_SURFACE_WITH_KNOTS('',3,1,((#11615,#11616),(#11617,#11618),
(#11619,#11620),(#11621,#11622),(#11623,#11624)),.UNSPECIFIED.,.F.,.F.,
 .F.,(4,1,4),(2,2),(0.,0.0465246802305654,0.0987146598123258),(0.,0.0999999999999996),
 .UNSPECIFIED.);
#61=B_SPLINE_SURFACE_WITH_KNOTS('',3,1,((#11640,#11641),(#11642,#11643),
(#11644,#11645),(#11646,#11647),(#11648,#11649)),.UNSPECIFIED.,.F.,.F.,
 .F.,(4,1,4),(2,2),(0.,0.0594635037190589,0.108929464831755),(0.,0.0999999999999996),
 .UNSPECIFIED.);
#62=B_SPLINE_SURFACE_WITH_KNOTS('',3,1,((#11665,#11666),(#11667,#11668),
(#11669,#11670),(#11671,#11672),(#11673,#11674)),.UNSPECIFIED.,.F.,.F.,
 .F.,(4,1,4),(2,2),(0.,0.0411162370435274,0.0902471669604722),(0.,0.0999999999999996),
 .UNSPECIFIED.);
#63=B_SPLINE_SURFACE_WITH_KNOTS('',3,1,((#11690,#11691),(#11692,#11693),
(#11694,#11695),(#11696,#11697),(#11698,#11699)),.UNSPECIFIED.,.F.,.F.,
 .F.,(4,1,4),(2,2),(0.,0.0375756006244861,0.0749988606664082),(0.,0.0999999999999996),
 .UNSPECIFIED.);
#64=B_SPLINE_SURFACE_WITH_KNOTS('',3,1,((#11715,#11716),(#11717,#11718),
(#11719,#11720),(#11721,#11722),(#11723,#11724)),.UNSPECIFIED.,.F.,.F.,
 .F.,(4,1,4),(2,2),(0.,0.0441123664604912,0.0839928598098044),(0.,0.0999999999999996),
 .UNSPECIFIED.);
#65=B_SPLINE_SURFACE_WITH_KNOTS('',3,1,((#11761,#11762),(#11763,#11764),
(#11765,#11766),(#11767,#11768),(#11769,#11770)),.UNSPECIFIED.,.F.,.F.,
 .F.,(4,1,4),(2,2),(0.,0.0123632625275167,0.0248672538030913),(0.,0.0999999999999996),
 .UNSPECIFIED.);
#66=B_SPLINE_SURFACE_WITH_KNOTS('',3,1,((#11789,#11790),(#11791,#11792),
(#11793,#11794),(#11795,#11796),(#11797,#11798)),.UNSPECIFIED.,.F.,.F.,
 .F.,(4,1,4),(2,2),(0.,0.0119450011168397,0.0239630506955152),(0.,0.0999999999999996),
 .UNSPECIFIED.);
#67=B_SPLINE_SURFACE_WITH_KNOTS('',3,1,((#11814,#11815),(#11816,#11817),
(#11818,#11819),(#11820,#11821),(#11822,#11823)),.UNSPECIFIED.,.F.,.F.,
 .F.,(4,1,4),(2,2),(0.,0.0124895440021041,0.0332248145474231),(0.,0.0999999999999996),
 .UNSPECIFIED.);
#68=B_SPLINE_SURFACE_WITH_KNOTS('',3,1,((#11845,#11846),(#11847,#11848),
(#11849,#11850),(#11851,#11852),(#11853,#11854)),.UNSPECIFIED.,.F.,.F.,
 .F.,(4,1,4),(2,2),(0.,0.0275202826072524,0.055614830638756),(0.,0.0999999999999996),
 .UNSPECIFIED.);
#69=B_SPLINE_SURFACE_WITH_KNOTS('',3,1,((#11873,#11874),(#11875,#11876),
(#11877,#11878),(#11879,#11880),(#11881,#11882)),.UNSPECIFIED.,.F.,.F.,
 .F.,(4,1,4),(2,2),(0.,0.0312388862779283,0.0598278857402572),(0.,0.0999999999999996),
 .UNSPECIFIED.);
#70=B_SPLINE_SURFACE_WITH_KNOTS('',3,1,((#11898,#11899),(#11900,#11901),
(#11902,#11903),(#11904,#11905),(#11906,#11907)),.UNSPECIFIED.,.F.,.F.,
 .F.,(4,1,4),(2,2),(0.,0.0325266175810053,0.0680963907886425),(0.,0.0999999999999996),
 .UNSPECIFIED.);
#71=B_SPLINE_SURFACE_WITH_KNOTS('',3,1,((#11923,#11924),(#11925,#11926),
(#11927,#11928),(#11929,#11930),(#11931,#11932)),.UNSPECIFIED.,.F.,.F.,
 .F.,(4,1,4),(2,2),(0.,0.0307515215248266,0.0618707546127924),(0.,0.0999999999999996),
 .UNSPECIFIED.);
#72=B_SPLINE_SURFACE_WITH_KNOTS('',3,1,((#11948,#11949),(#11950,#11951),
(#11952,#11953),(#11954,#11955),(#11956,#11957)),.UNSPECIFIED.,.F.,.F.,
 .F.,(4,1,4),(2,2),(0.,0.0506053099641141,0.0883704687774912),(0.,0.0999999999999996),
 .UNSPECIFIED.);
#73=B_SPLINE_SURFACE_WITH_KNOTS('',3,1,((#12003,#12004),(#12005,#12006),
(#12007,#12008),(#12009,#12010),(#12011,#12012)),.UNSPECIFIED.,.F.,.F.,
 .F.,(4,1,4),(2,2),(0.,0.0158637228146453,0.032060698209339),(0.,0.0999999999999996),
 .UNSPECIFIED.);
#74=B_SPLINE_SURFACE_WITH_KNOTS('',3,1,((#12028,#12029),(#12030,#12031),
(#12032,#12033),(#12034,#12035),(#12036,#12037)),.UNSPECIFIED.,.F.,.F.,
 .F.,(4,1,4),(2,2),(0.,0.0228939916402172,0.0382896886824195),(0.,0.0999999999999996),
 .UNSPECIFIED.);
#75=B_SPLINE_SURFACE_WITH_KNOTS('',3,1,((#12074,#12075),(#12076,#12077),
(#12078,#12079),(#12080,#12081),(#12082,#12083)),.UNSPECIFIED.,.F.,.F.,
 .F.,(4,1,4),(2,2),(0.,0.0381274678092415,0.0813918506702068),(0.,0.0999999999999996),
 .UNSPECIFIED.);
#76=B_SPLINE_SURFACE_WITH_KNOTS('',3,1,((#12102,#12103),(#12104,#12105),
(#12106,#12107),(#12108,#12109),(#12110,#12111)),.UNSPECIFIED.,.F.,.F.,
 .F.,(4,1,4),(2,2),(0.,0.0357393557481658,0.0710755887843032),(0.,0.0999999999999996),
 .UNSPECIFIED.);
#77=B_SPLINE_SURFACE_WITH_KNOTS('',3,1,((#12127,#12128),(#12129,#12130),
(#12131,#12132),(#12133,#12134),(#12135,#12136)),.UNSPECIFIED.,.F.,.F.,
 .F.,(4,1,4),(2,2),(0.,0.0539072967256673,0.0958537104366408),(0.,0.0999999999999996),
 .UNSPECIFIED.);
#78=B_SPLINE_SURFACE_WITH_KNOTS('',3,1,((#12151,#12152),(#12153,#12154),
(#12155,#12156),(#12157,#12158),(#12159,#12160)),.UNSPECIFIED.,.F.,.F.,
 .F.,(4,1,4),(2,2),(0.,0.0457115159788917,0.0981943857473136),(0.,0.0999999999999996),
 .UNSPECIFIED.);
#79=B_SPLINE_SURFACE_WITH_KNOTS('',3,1,((#12176,#12177),(#12178,#12179),
(#12180,#12181),(#12182,#12183),(#12184,#12185)),.UNSPECIFIED.,.F.,.F.,
 .F.,(4,1,4),(2,2),(0.,0.0377053971917598,0.0789061174874805),(0.,0.0999999999999996),
 .UNSPECIFIED.);
#80=B_SPLINE_SURFACE_WITH_KNOTS('',3,1,((#12201,#12202),(#12203,#12204),
(#12205,#12206),(#12207,#12208),(#12209,#12210)),.UNSPECIFIED.,.F.,.F.,
 .F.,(4,1,4),(2,2),(0.,0.0603781806677202,0.105262083761876),(0.,0.0999999999999996),
 .UNSPECIFIED.);
#81=B_SPLINE_SURFACE_WITH_KNOTS('',3,1,((#12238,#12239),(#12240,#12241),
(#12242,#12243),(#12244,#12245),(#12246,#12247)),.UNSPECIFIED.,.F.,.F.,
 .F.,(4,1,4),(2,2),(0.,0.0312780506011048,0.0684671365118869),(0.,0.0999999999999996),
 .UNSPECIFIED.);
#82=B_SPLINE_SURFACE_WITH_KNOTS('',3,1,((#12266,#12267),(#12268,#12269),
(#12270,#12271),(#12272,#12273),(#12274,#12275)),.UNSPECIFIED.,.F.,.F.,
 .F.,(4,1,4),(2,2),(0.,0.0327748035162723,0.0627428794185215),(0.,0.0999999999999996),
 .UNSPECIFIED.);
#83=B_SPLINE_SURFACE_WITH_KNOTS('',3,3,((#12809,#12810,#12811,#12812,#12813,
#12814),(#12815,#12816,#12817,#12818,#12819,#12820),(#12821,#12822,#12823,
#12824,#12825,#12826),(#12827,#12828,#12829,#12830,#12831,#12832),(#12833,
#12834,#12835,#12836,#12837,#12838)),.UNSPECIFIED.,.F.,.F.,.F.,(4,1,4),
(4,1,1,4),(0.,0.571428571428571,1.),(-1.5707963267949,-0.897597901025655,
-0.448798950512827,4.44089209850063E-16),.UNSPECIFIED.);
#84=B_SPLINE_SURFACE_WITH_KNOTS('',3,3,((#12853,#12854,#12855,#12856,#12857,
#12858),(#12859,#12860,#12861,#12862,#12863,#12864),(#12865,#12866,#12867,
#12868,#12869,#12870),(#12871,#12872,#12873,#12874,#12875,#12876),(#12877,
#12878,#12879,#12880,#12881,#12882)),.UNSPECIFIED.,.F.,.F.,.F.,(4,1,4),
(4,1,1,4),(0.,0.571428571428571,1.),(-9.10220052271406E-16,0.67319842576924,
1.12199737628207,1.5707963267949),.UNSPECIFIED.);
#85=B_SPLINE_SURFACE_WITH_KNOTS('',3,3,((#12891,#12892,#12893,#12894,#12895,
#12896),(#12897,#12898,#12899,#12900,#12901,#12902),(#12903,#12904,#12905,
#12906,#12907,#12908),(#12909,#12910,#12911,#12912,#12913,#12914),(#12915,
#12916,#12917,#12918,#12919,#12920),(#12921,#12922,#12923,#12924,#12925,
#12926)),.UNSPECIFIED.,.F.,.F.,.F.,(4,1,1,4),(4,1,1,4),(0.,0.285714285714286,
0.571428571428571,1.),(-5.27355936696949E-16,0.448798950512827,0.897597901025655,
1.5707963267949),.UNSPECIFIED.);
#86=B_SPLINE_SURFACE_WITH_KNOTS('',3,3,((#12938,#12939,#12940,#12941,#12942,
#12943,#12944),(#12945,#12946,#12947,#12948,#12949,#12950,#12951),(#12952,
#12953,#12954,#12955,#12956,#12957,#12958),(#12959,#12960,#12961,#12962,
#12963,#12964,#12965),(#12966,#12967,#12968,#12969,#12970,#12971,#12972),
(#12973,#12974,#12975,#12976,#12977,#12978,#12979)),.UNSPECIFIED.,.F.,.F.,
 .F.,(4,1,1,4),(4,1,1,1,4),(0.,0.285714285714286,0.571428571428571,1.),
(4.71238898038469,5.16118793089752,5.60998688141035,5.83438635666676,6.28318530717959),
 .UNSPECIFIED.);
#87=B_SPLINE_SURFACE_WITH_KNOTS('',3,1,((#13341,#13342),(#13343,#13344),
(#13345,#13346),(#13347,#13348),(#13349,#13350)),.UNSPECIFIED.,.F.,.F.,
 .F.,(4,1,4),(2,2),(0.,0.0408832577759247,0.0853338292834188),(0.,0.0999999999999996),
 .UNSPECIFIED.);
#88=B_SPLINE_SURFACE_WITH_KNOTS('',3,1,((#13360,#13361),(#13362,#13363),
(#13364,#13365),(#13366,#13367),(#13368,#13369)),.UNSPECIFIED.,.F.,.F.,
 .F.,(4,1,4),(2,2),(0.,0.029133336159561,0.0646727990717419),(0.,0.0999999999999996),
 .UNSPECIFIED.);
#89=B_SPLINE_SURFACE_WITH_KNOTS('',3,1,((#13379,#13380),(#13381,#13382),
(#13383,#13384),(#13385,#13386),(#13387,#13388)),.UNSPECIFIED.,.F.,.F.,
 .F.,(4,1,4),(2,2),(0.,0.0345741563818883,0.0701293264175028),(0.,0.0999999999999996),
 .UNSPECIFIED.);
#90=B_SPLINE_SURFACE_WITH_KNOTS('',3,1,((#13398,#13399),(#13400,#13401),
(#13402,#13403),(#13404,#13405),(#13406,#13407)),.UNSPECIFIED.,.F.,.F.,
 .F.,(4,1,4),(2,2),(0.,0.0458113926613414,0.0837330391489433),(0.,0.0999999999999996),
 .UNSPECIFIED.);
#91=B_SPLINE_SURFACE_WITH_KNOTS('',3,1,((#13417,#13418),(#13419,#13420),
(#13421,#13422),(#13423,#13424),(#13425,#13426)),.UNSPECIFIED.,.F.,.F.,
 .F.,(4,1,4),(2,2),(0.,0.0628244630988547,0.140594447935488),(0.,0.0999999999999996),
 .UNSPECIFIED.);
#92=B_SPLINE_SURFACE_WITH_KNOTS('',3,1,((#13436,#13437),(#13438,#13439),
(#13440,#13441),(#13442,#13443),(#13444,#13445)),.UNSPECIFIED.,.F.,.F.,
 .F.,(4,1,4),(2,2),(0.,0.0947188717967614,0.16541515304427),(0.,0.0999999999999996),
 .UNSPECIFIED.);
#93=B_SPLINE_SURFACE_WITH_KNOTS('',3,1,((#13453,#13454),(#13455,#13456),
(#13457,#13458),(#13459,#13460),(#13461,#13462)),.UNSPECIFIED.,.F.,.F.,
 .F.,(4,1,4),(2,2),(0.,0.0408202449941821,0.104536851132139),(0.,0.0999999999999996),
 .UNSPECIFIED.);
#94=B_SPLINE_SURFACE_WITH_KNOTS('',3,1,((#13472,#13473),(#13474,#13475),
(#13476,#13477),(#13478,#13479),(#13480,#13481)),.UNSPECIFIED.,.F.,.F.,
 .F.,(4,1,4),(2,2),(0.,0.0247560829017874,0.0512782554654459),(0.,0.0999999999999996),
 .UNSPECIFIED.);
#95=B_SPLINE_SURFACE_WITH_KNOTS('',3,1,((#13491,#13492),(#13493,#13494),
(#13495,#13496),(#13497,#13498),(#13499,#13500)),.UNSPECIFIED.,.F.,.F.,
 .F.,(4,1,4),(2,2),(0.,0.0266225505506925,0.0512093169198691),(0.,0.0999999999999996),
 .UNSPECIFIED.);
#96=B_SPLINE_SURFACE_WITH_KNOTS('',3,1,((#13510,#13511),(#13512,#13513),
(#13514,#13515),(#13516,#13517),(#13518,#13519)),.UNSPECIFIED.,.F.,.F.,
 .F.,(4,1,4),(2,2),(0.,0.066663008264178,0.108321099758913),(0.,0.0999999999999996),
 .UNSPECIFIED.);
#97=B_SPLINE_SURFACE_WITH_KNOTS('',3,1,((#13536,#13537),(#13538,#13539),
(#13540,#13541),(#13542,#13543),(#13544,#13545)),.UNSPECIFIED.,.F.,.F.,
 .F.,(4,1,4),(2,2),(0.,0.0395999161256083,0.0746313211391947),(0.,0.0999999999999996),
 .UNSPECIFIED.);
#98=B_SPLINE_SURFACE_WITH_KNOTS('',3,1,((#13555,#13556),(#13557,#13558),
(#13559,#13560),(#13561,#13562),(#13563,#13564)),.UNSPECIFIED.,.F.,.F.,
 .F.,(4,1,4),(2,2),(0.,0.0333711538745451,0.064507816136204),(0.,0.0999999999999996),
 .UNSPECIFIED.);
#99=B_SPLINE_SURFACE_WITH_KNOTS('',3,1,((#13574,#13575),(#13576,#13577),
(#13578,#13579),(#13580,#13581),(#13582,#13583)),.UNSPECIFIED.,.F.,.F.,
 .F.,(4,1,4),(2,2),(0.,0.0367426811461394,0.0721012936606124),(0.,0.0999999999999996),
 .UNSPECIFIED.);
#100=B_SPLINE_SURFACE_WITH_KNOTS('',3,1,((#13594,#13595),(#13596,#13597),
(#13598,#13599),(#13600,#13601),(#13602,#13603)),.UNSPECIFIED.,.F.,.F.,
 .F.,(4,1,4),(2,2),(0.,0.032697971229456,0.0743141448260168),(0.,0.0999999999999996),
 .UNSPECIFIED.);
#101=B_SPLINE_SURFACE_WITH_KNOTS('',3,1,((#13613,#13614),(#13615,#13616),
(#13617,#13618),(#13619,#13620),(#13621,#13622)),.UNSPECIFIED.,.F.,.F.,
 .F.,(4,1,4),(2,2),(0.,0.0537973931789326,0.0907247384637276),(0.,0.0999999999999996),
 .UNSPECIFIED.);
#102=B_SPLINE_SURFACE_WITH_KNOTS('',3,1,((#13632,#13633),(#13634,#13635),
(#13636,#13637),(#13638,#13639),(#13640,#13641)),.UNSPECIFIED.,.F.,.F.,
 .F.,(4,1,4),(2,2),(0.,0.0290183792074539,0.0704884887513677),(0.,0.0999999999999996),
 .UNSPECIFIED.);
#103=B_SPLINE_SURFACE_WITH_KNOTS('',3,1,((#13650,#13651),(#13652,#13653),
(#13654,#13655),(#13656,#13657),(#13658,#13659)),.UNSPECIFIED.,.F.,.F.,
 .F.,(4,1,4),(2,2),(0.,0.0541902014500942,0.111118314743593),(0.,0.0999999999999996),
 .UNSPECIFIED.);
#104=B_SPLINE_SURFACE_WITH_KNOTS('',3,1,((#13669,#13670),(#13671,#13672),
(#13673,#13674),(#13675,#13676),(#13677,#13678)),.UNSPECIFIED.,.F.,.F.,
 .F.,(4,1,4),(2,2),(0.,0.0869142853900764,0.149293036191135),(0.,0.0999999999999996),
 .UNSPECIFIED.);
#105=B_SPLINE_SURFACE_WITH_KNOTS('',3,1,((#13688,#13689),(#13690,#13691),
(#13692,#13693),(#13694,#13695),(#13696,#13697)),.UNSPECIFIED.,.F.,.F.,
 .F.,(4,1,4),(2,2),(0.,0.0449469085606225,0.0982473690543324),(0.,0.0999999999999996),
 .UNSPECIFIED.);
#106=B_SPLINE_SURFACE_WITH_KNOTS('',3,1,((#13707,#13708),(#13709,#13710),
(#13711,#13712),(#13713,#13714),(#13715,#13716)),.UNSPECIFIED.,.F.,.F.,
 .F.,(4,1,4),(2,2),(0.,0.0383109183893341,0.0781456256890345),(0.,0.0999999999999996),
 .UNSPECIFIED.);
#107=B_SPLINE_SURFACE_WITH_KNOTS('',3,1,((#13726,#13727),(#13728,#13729),
(#13730,#13731),(#13732,#13733),(#13734,#13735)),.UNSPECIFIED.,.F.,.F.,
 .F.,(4,1,4),(2,2),(0.,0.0373522724306394,0.0748854127656925),(0.,0.0999999999999996),
 .UNSPECIFIED.);
#108=B_SPLINE_SURFACE_WITH_KNOTS('',3,1,((#13745,#13746),(#13747,#13748),
(#13749,#13750),(#13751,#13752),(#13753,#13754)),.UNSPECIFIED.,.F.,.F.,
 .F.,(4,1,4),(2,2),(0.,0.0305247527643921,0.0619567006050475),(0.,0.0999999999999996),
 .UNSPECIFIED.);
#109=B_SPLINE_SURFACE_WITH_KNOTS('',3,1,((#13763,#13764),(#13765,#13766),
(#13767,#13768),(#13769,#13770),(#13771,#13772)),.UNSPECIFIED.,.F.,.F.,
 .F.,(4,1,4),(2,2),(0.,0.0363062411839647,0.068194930297757),(0.,0.0999999999999996),
 .UNSPECIFIED.);
#110=B_SPLINE_SURFACE_WITH_KNOTS('',3,1,((#13782,#13783),(#13784,#13785),
(#13786,#13787),(#13788,#13789),(#13790,#13791)),.UNSPECIFIED.,.F.,.F.,
 .F.,(4,1,4),(2,2),(0.,0.0717021648384945,0.121474391930636),(0.,0.0999999999999996),
 .UNSPECIFIED.);
#111=B_SPLINE_SURFACE_WITH_KNOTS('',3,1,((#13801,#13802),(#13803,#13804),
(#13805,#13806),(#13807,#13808),(#13809,#13810)),.UNSPECIFIED.,.F.,.F.,
 .F.,(4,1,4),(2,2),(0.,0.0165969189568544,0.0442613978569889),(0.,0.0999999999999996),
 .UNSPECIFIED.);
#112=B_SPLINE_SURFACE_WITH_KNOTS('',3,1,((#13820,#13821),(#13822,#13823),
(#13824,#13825),(#13826,#13827),(#13828,#13829)),.UNSPECIFIED.,.F.,.F.,
 .F.,(4,1,4),(2,2),(0.,0.00934739682240267,0.0199065084027577),(0.,0.0999999999999996),
 .UNSPECIFIED.);
#113=B_SPLINE_SURFACE_WITH_KNOTS('',3,1,((#13839,#13840),(#13841,#13842),
(#13843,#13844),(#13845,#13846),(#13847,#13848)),.UNSPECIFIED.,.F.,.F.,
 .F.,(4,1,4),(2,2),(0.,0.0129441017712367,0.0253222049221948),(0.,0.0999999999999996),
 .UNSPECIFIED.);
#114=B_SPLINE_SURFACE_WITH_KNOTS('',3,1,((#13858,#13859),(#13860,#13861),
(#13862,#13863),(#13864,#13865),(#13866,#13867)),.UNSPECIFIED.,.F.,.F.,
 .F.,(4,1,4),(2,2),(0.,0.0190367420286525,0.0342903925178774),(0.,0.0999999999999996),
 .UNSPECIFIED.);
#115=B_SPLINE_SURFACE_WITH_KNOTS('',3,1,((#13877,#13878),(#13879,#13880),
(#13881,#13882),(#13883,#13884),(#13885,#13886)),.UNSPECIFIED.,.F.,.F.,
 .F.,(4,1,4),(2,2),(0.,0.0198625924330267,0.0433924532027697),(0.,0.0999999999999996),
 .UNSPECIFIED.);
#116=B_SPLINE_SURFACE_WITH_KNOTS('',3,1,((#13896,#13897),(#13898,#13899),
(#13900,#13901),(#13902,#13903),(#13904,#13905)),.UNSPECIFIED.,.F.,.F.,
 .F.,(4,1,4),(2,2),(0.,0.0244236176361825,0.0446450324557302),(0.,0.0999999999999996),
 .UNSPECIFIED.);
#117=B_SPLINE_SURFACE_WITH_KNOTS('',3,1,((#13967,#13968),(#13969,#13970),
(#13971,#13972),(#13973,#13974),(#13975,#13976)),.UNSPECIFIED.,.F.,.F.,
 .F.,(4,1,4),(2,2),(0.,0.0179543907300542,0.030391115318866),(0.,0.0999999999999996),
 .UNSPECIFIED.);
#118=B_SPLINE_SURFACE_WITH_KNOTS('',3,1,((#13986,#13987),(#13988,#13989),
(#13990,#13991),(#13992,#13993),(#13994,#13995)),.UNSPECIFIED.,.F.,.F.,
 .F.,(4,1,4),(2,2),(0.,0.0113431553623057,0.028811750990073),(0.,0.0999999999999996),
 .UNSPECIFIED.);
#119=B_SPLINE_SURFACE_WITH_KNOTS('',3,1,((#14005,#14006),(#14007,#14008),
(#14009,#14010),(#14011,#14012),(#14013,#14014)),.UNSPECIFIED.,.F.,.F.,
 .F.,(4,1,4),(2,2),(0.,0.0204710023055238,0.0354977267315851),(0.,0.0999999999999996),
 .UNSPECIFIED.);
#120=B_SPLINE_SURFACE_WITH_KNOTS('',3,1,((#14024,#14025),(#14026,#14027),
(#14028,#14029),(#14030,#14031),(#14032,#14033)),.UNSPECIFIED.,.F.,.F.,
 .F.,(4,1,4),(2,2),(0.,0.0206909957810856,0.0463173274260524),(0.,0.0999999999999996),
 .UNSPECIFIED.);
#121=B_SPLINE_SURFACE_WITH_KNOTS('',3,1,((#14048,#14049),(#14050,#14051),
(#14052,#14053),(#14054,#14055),(#14056,#14057)),.UNSPECIFIED.,.F.,.F.,
 .F.,(4,1,4),(2,2),(0.,0.0193028307398166,0.0478654581316425),(0.,0.0999999999999996),
 .UNSPECIFIED.);
#122=B_SPLINE_SURFACE_WITH_KNOTS('',3,1,((#14067,#14068),(#14069,#14070),
(#14071,#14072),(#14073,#14074),(#14075,#14076)),.UNSPECIFIED.,.F.,.F.,
 .F.,(4,1,4),(2,2),(0.,0.0173943502737517,0.0330164699559655),(0.,0.0999999999999996),
 .UNSPECIFIED.);
#123=B_SPLINE_SURFACE_WITH_KNOTS('',3,1,((#14087,#14088),(#14089,#14090),
(#14091,#14092),(#14093,#14094),(#14095,#14096)),.UNSPECIFIED.,.F.,.F.,
 .F.,(4,1,4),(2,2),(0.,0.029062584642425,0.0641606243690424),(0.,0.0999999999999996),
 .UNSPECIFIED.);
#124=B_SPLINE_SURFACE_WITH_KNOTS('',3,1,((#14105,#14106),(#14107,#14108),
(#14109,#14110),(#14111,#14112),(#14113,#14114)),.UNSPECIFIED.,.F.,.F.,
 .F.,(4,1,4),(2,2),(0.,0.0315011036872146,0.0584036738924439),(0.,0.0999999999999996),
 .UNSPECIFIED.);
#125=B_SPLINE_SURFACE_WITH_KNOTS('',3,1,((#14124,#14125),(#14126,#14127),
(#14128,#14129),(#14130,#14131),(#14132,#14133)),.UNSPECIFIED.,.F.,.F.,
 .F.,(4,1,4),(2,2),(0.,0.0304779397077717,0.0635225581865569),(0.,0.0999999999999996),
 .UNSPECIFIED.);
#126=B_SPLINE_SURFACE_WITH_KNOTS('',3,1,((#14143,#14144),(#14145,#14146),
(#14147,#14148),(#14149,#14150),(#14151,#14152)),.UNSPECIFIED.,.F.,.F.,
 .F.,(4,1,4),(2,2),(0.,0.0563655879647971,0.0947454327630926),(0.,0.0999999999999996),
 .UNSPECIFIED.);
#127=B_SPLINE_SURFACE_WITH_KNOTS('',3,1,((#14162,#14163),(#14164,#14165),
(#14166,#14167),(#14168,#14169),(#14170,#14171)),.UNSPECIFIED.,.F.,.F.,
 .F.,(4,1,4),(2,2),(0.,0.0346696325507501,0.0814505672473058),(0.,0.0999999999999996),
 .UNSPECIFIED.);
#128=B_SPLINE_SURFACE_WITH_KNOTS('',3,1,((#14181,#14182),(#14183,#14184),
(#14185,#14186),(#14187,#14188),(#14189,#14190)),.UNSPECIFIED.,.F.,.F.,
 .F.,(4,1,4),(2,2),(0.,0.0380596219153685,0.0753205500369933),(0.,0.0999999999999996),
 .UNSPECIFIED.);
#129=B_SPLINE_SURFACE_WITH_KNOTS('',3,1,((#14200,#14201),(#14202,#14203),
(#14204,#14205),(#14206,#14207),(#14208,#14209)),.UNSPECIFIED.,.F.,.F.,
 .F.,(4,1,4),(2,2),(0.,0.0168948828511849,0.034664940059144),(0.,0.0999999999999996),
 .UNSPECIFIED.);
#130=B_SPLINE_SURFACE_WITH_KNOTS('',3,1,((#14219,#14220),(#14221,#14222),
(#14223,#14224),(#14225,#14226),(#14227,#14228)),.UNSPECIFIED.,.F.,.F.,
 .F.,(4,1,4),(2,2),(0.,0.0170418922286275,0.0337094414165542),(0.,0.0999999999999996),
 .UNSPECIFIED.);
#131=B_SPLINE_SURFACE_WITH_KNOTS('',3,1,((#14238,#14239),(#14240,#14241),
(#14242,#14243),(#14244,#14245),(#14246,#14247)),.UNSPECIFIED.,.F.,.F.,
 .F.,(4,1,4),(2,2),(0.,0.0168776318303438,0.0293998751281346),(0.,0.0999999999999996),
 .UNSPECIFIED.);
#132=B_SPLINE_SURFACE_WITH_KNOTS('',3,1,((#14271,#14272),(#14273,#14274),
(#14275,#14276),(#14277,#14278),(#14279,#14280)),.UNSPECIFIED.,.F.,.F.,
 .F.,(4,1,4),(2,2),(0.,0.0220706653500109,0.0534765457886286),(0.,0.0999999999999996),
 .UNSPECIFIED.);
#133=B_SPLINE_SURFACE_WITH_KNOTS('',3,1,((#14289,#14290),(#14291,#14292),
(#14293,#14294),(#14295,#14296),(#14297,#14298)),.UNSPECIFIED.,.F.,.F.,
 .F.,(4,1,4),(2,2),(0.,0.0183422232483362,0.0351874340124231),(0.,0.0999999999999996),
 .UNSPECIFIED.);
#134=B_SPLINE_SURFACE_WITH_KNOTS('',3,1,((#14308,#14309),(#14310,#14311),
(#14312,#14313),(#14314,#14315),(#14316,#14317)),.UNSPECIFIED.,.F.,.F.,
 .F.,(4,1,4),(2,2),(0.,0.00943330839446811,0.0211017122712021),(0.,0.0999999999999996),
 .UNSPECIFIED.);
#135=B_SPLINE_SURFACE_WITH_KNOTS('',3,1,((#14327,#14328),(#14329,#14330),
(#14331,#14332),(#14333,#14334),(#14335,#14336)),.UNSPECIFIED.,.F.,.F.,
 .F.,(4,1,4),(2,2),(0.,0.0129955865125898,0.0257307900248535),(0.,0.0999999999999996),
 .UNSPECIFIED.);
#136=B_SPLINE_SURFACE_WITH_KNOTS('',3,1,((#14346,#14347),(#14348,#14349),
(#14350,#14351),(#14352,#14353),(#14354,#14355)),.UNSPECIFIED.,.F.,.F.,
 .F.,(4,1,4),(2,2),(0.,0.0230923230000946,0.0396674065175297),(0.,0.0999999999999996),
 .UNSPECIFIED.);
#137=B_SPLINE_SURFACE_WITH_KNOTS('',3,1,((#14371,#14372),(#14373,#14374),
(#14375,#14376),(#14377,#14378),(#14379,#14380)),.UNSPECIFIED.,.F.,.F.,
 .F.,(4,1,4),(2,2),(0.,0.0400370573364666,0.0806315733249311),(0.,0.0999999999999996),
 .UNSPECIFIED.);
#138=B_SPLINE_SURFACE_WITH_KNOTS('',3,1,((#14390,#14391),(#14392,#14393),
(#14394,#14395),(#14396,#14397),(#14398,#14399)),.UNSPECIFIED.,.F.,.F.,
 .F.,(4,1,4),(2,2),(0.,0.0542772970355241,0.0988829218228211),(0.,0.0999999999999996),
 .UNSPECIFIED.);
#139=B_SPLINE_CURVE_WITH_KNOTS('',3,(#10471,#10472,#10473,#10474,#10475,
#10476,#10477,#10478),.UNSPECIFIED.,.F.,.F.,(4,2,2,4),(0.872830703276003,
0.969652200447968,1.06647369761993,1.26011669196386),.UNSPECIFIED.);
#140=B_SPLINE_CURVE_WITH_KNOTS('',3,(#10481,#10482,#10483,#10484,#10485,
#10486,#10487,#10488),.UNSPECIFIED.,.F.,.F.,(4,2,2,4),(0.,0.19364299434393,
0.290464491515895,0.38728598868786),.UNSPECIFIED.);
#141=B_SPLINE_CURVE_WITH_KNOTS('',3,(#10491,#10492,#10493,#10494,#10495,
#10496,#10497,#10498),.UNSPECIFIED.,.F.,.F.,(4,2,2,4),(0.872830703276003,
0.969652200447968,1.06647369761993,1.26011669196386),.UNSPECIFIED.);
#142=B_SPLINE_CURVE_WITH_KNOTS('',3,(#10500,#10501,#10502,#10503,#10504,
#10505,#10506,#10507,#10508,#10509),.UNSPECIFIED.,.F.,.F.,(4,2,2,2,4),(0.,
0.102491593180999,0.204983186361999,0.288650361870678,0.372317537379357),
 .UNSPECIFIED.);
#143=B_SPLINE_CURVE_WITH_KNOTS('',3,(#10512,#10513,#10514,#10515,#10516,
#10517,#10518,#10519),.UNSPECIFIED.,.F.,.F.,(4,2,2,4),(0.872830703276002,
0.969652200447968,1.06647369761993,1.26011669196386),.UNSPECIFIED.);
#144=B_SPLINE_CURVE_WITH_KNOTS('',3,(#10521,#10522,#10523,#10524,#10525,
#10526,#10527,#10528),.UNSPECIFIED.,.F.,.F.,(4,2,2,4),(0.,0.19364299434393,
0.290464491515895,0.38728598868786),.UNSPECIFIED.);
#145=B_SPLINE_CURVE_WITH_KNOTS('',3,(#10537,#10538,#10539,#10540,#10541,
#10542,#10543,#10544),.UNSPECIFIED.,.F.,.F.,(4,2,2,4),(0.872812138199566,
0.969633635371531,1.0664551325435,1.26009812688743),.UNSPECIFIED.);
#146=B_SPLINE_CURVE_WITH_KNOTS('',3,(#10547,#10548,#10549,#10550,#10551,
#10552,#10553,#10554,#10555,#10556),.UNSPECIFIED.,.F.,.F.,(4,2,2,2,4),(0.,
0.102491593180999,0.204983186361999,0.288650361870678,0.372317537379357),
 .UNSPECIFIED.);
#147=B_SPLINE_CURVE_WITH_KNOTS('',3,(#10559,#10560,#10561,#10562,#10563,
#10564,#10565,#10566),.UNSPECIFIED.,.F.,.F.,(4,2,2,4),(0.872830703276002,
0.969652200447967,1.06647369761993,1.26011669196386),.UNSPECIFIED.);
#148=B_SPLINE_CURVE_WITH_KNOTS('',3,(#10568,#10569,#10570,#10571,#10572,
#10573,#10574,#10575),.UNSPECIFIED.,.F.,.F.,(4,2,2,4),(0.,0.19364299434393,
0.290464491515895,0.38728598868786),.UNSPECIFIED.);
#149=B_SPLINE_CURVE_WITH_KNOTS('',3,(#10614,#10615,#10616,#10617,#10618,
#10619,#10620),.UNSPECIFIED.,.F.,.F.,(4,3,4),(-0.0822663292825922,-0.048327717632561,
0.),.UNSPECIFIED.);
#150=B_SPLINE_CURVE_WITH_KNOTS('',3,(#10624,#10625,#10626,#10627,#10628),
 .UNSPECIFIED.,.F.,.F.,(4,1,4),(0.,0.0331178232702541,0.0802767591782416),
 .UNSPECIFIED.);
#151=B_SPLINE_CURVE_WITH_KNOTS('',3,(#10641,#10642,#10643,#10644,#10645,
#10646,#10647),.UNSPECIFIED.,.F.,.F.,(4,3,4),(-0.0433356217708715,-0.02402360226069,
6.93889390390723E-18),.UNSPECIFIED.);
#152=B_SPLINE_CURVE_WITH_KNOTS('',3,(#10649,#10650,#10651,#10652,#10653),
 .UNSPECIFIED.,.F.,.F.,(4,1,4),(0.,0.0188489317273155,0.042296465974948),
 .UNSPECIFIED.);
#153=B_SPLINE_CURVE_WITH_KNOTS('',3,(#10666,#10667,#10668,#10669,#10670,
#10671,#10672),.UNSPECIFIED.,.F.,.F.,(4,3,4),(-0.0328572847034935,-0.0164465121388545,
0.),.UNSPECIFIED.);
#154=B_SPLINE_CURVE_WITH_KNOTS('',3,(#10674,#10675,#10676,#10677,#10678),
 .UNSPECIFIED.,.F.,.F.,(4,1,4),(0.,0.0160277690129367,0.0320904434904329),
 .UNSPECIFIED.);
#155=B_SPLINE_CURVE_WITH_KNOTS('',3,(#10691,#10692,#10693,#10694,#10695,
#10696,#10697,#10698),.UNSPECIFIED.,.F.,.F.,(4,2,2,4),(-0.0420487594912212,
-0.0318285868342693,-0.0226701418308781,0.),.UNSPECIFIED.);
#156=B_SPLINE_CURVE_WITH_KNOTS('',3,(#10700,#10701,#10702,#10703,#10704),
 .UNSPECIFIED.,.F.,.F.,(4,1,4),(0.,0.026696634603069,0.0503880082882847),
 .UNSPECIFIED.);
#157=B_SPLINE_CURVE_WITH_KNOTS('',3,(#10717,#10718,#10719,#10720,#10721,
#10722,#10723),.UNSPECIFIED.,.F.,.F.,(4,3,4),(-0.117651440099889,-0.0460391002879898,
0.),.UNSPECIFIED.);
#158=B_SPLINE_CURVE_WITH_KNOTS('',3,(#10725,#10726,#10727,#10728,#10729),
 .UNSPECIFIED.,.F.,.F.,(4,1,4),(0.,0.0644114558230859,0.105821155354252),
 .UNSPECIFIED.);
#159=B_SPLINE_CURVE_WITH_KNOTS('',3,(#10743,#10744,#10745,#10746,#10747,
#10748,#10749),.UNSPECIFIED.,.F.,.F.,(4,3,4),(-0.0944017223707643,-0.0478165079885349,
0.),.UNSPECIFIED.);
#160=B_SPLINE_CURVE_WITH_KNOTS('',3,(#10753,#10754,#10755,#10756,#10757),
 .UNSPECIFIED.,.F.,.F.,(4,1,4),(0.,0.0464663988036519,0.0941609507995495),
 .UNSPECIFIED.);
#161=B_SPLINE_CURVE_WITH_KNOTS('',3,(#10770,#10771,#10772,#10773,#10774,
#10775),.UNSPECIFIED.,.F.,.F.,(4,2,4),(-0.0439970741884364,-0.0219507859005986,
0.),.UNSPECIFIED.);
#162=B_SPLINE_CURVE_WITH_KNOTS('',3,(#10777,#10778,#10779,#10780,#10781),
 .UNSPECIFIED.,.F.,.F.,(4,1,4),(0.,0.0208199691929232,0.0437793012907734),
 .UNSPECIFIED.);
#163=B_SPLINE_CURVE_WITH_KNOTS('',3,(#10794,#10795,#10796,#10797,#10798,
#10799,#10800),.UNSPECIFIED.,.F.,.F.,(4,3,4),(-0.0448663004551061,-0.0216970542437953,
0.),.UNSPECIFIED.);
#164=B_SPLINE_CURVE_WITH_KNOTS('',3,(#10802,#10803,#10804,#10805,#10806),
 .UNSPECIFIED.,.F.,.F.,(4,1,4),(0.,0.0218830435366049,0.0423756214263968),
 .UNSPECIFIED.);
#165=B_SPLINE_CURVE_WITH_KNOTS('',3,(#10819,#10820,#10821,#10822,#10823,
#10824,#10825),.UNSPECIFIED.,.F.,.F.,(4,3,4),(-0.0539021975431803,-0.0256444370526507,
-6.93889390390723E-18),.UNSPECIFIED.);
#166=B_SPLINE_CURVE_WITH_KNOTS('',3,(#10827,#10828,#10829,#10830,#10831),
 .UNSPECIFIED.,.F.,.F.,(4,1,4),(0.,0.0261454591044009,0.0498729438228084),
 .UNSPECIFIED.);
#167=B_SPLINE_CURVE_WITH_KNOTS('',3,(#10844,#10845,#10846,#10847,#10848,
#10849,#10850),.UNSPECIFIED.,.F.,.F.,(4,3,4),(-0.0751085368381857,-0.0340064068861286,
0.),.UNSPECIFIED.);
#168=B_SPLINE_CURVE_WITH_KNOTS('',3,(#10852,#10853,#10854,#10855,#10856),
 .UNSPECIFIED.,.F.,.F.,(4,1,4),(0.,0.0368532916936367,0.0673443643920302),
 .UNSPECIFIED.);
#169=B_SPLINE_CURVE_WITH_KNOTS('',3,(#10869,#10870,#10871,#10872,#10873,
#10874,#10875),.UNSPECIFIED.,.F.,.F.,(4,3,4),(-0.141486938273609,-0.0769999569761291,
0.),.UNSPECIFIED.);
#170=B_SPLINE_CURVE_WITH_KNOTS('',3,(#10877,#10878,#10879,#10880,#10881),
 .UNSPECIFIED.,.F.,.F.,(4,1,4),(0.,0.0621491764908173,0.13635770384953),
 .UNSPECIFIED.);
#171=B_SPLINE_CURVE_WITH_KNOTS('',3,(#10894,#10895,#10896,#10897,#10898,
#10899,#10900),.UNSPECIFIED.,.F.,.F.,(4,3,4),(-0.190492055279854,-0.0794905346198361,
0.),.UNSPECIFIED.);
#172=B_SPLINE_CURVE_WITH_KNOTS('',3,(#10902,#10903,#10904,#10905,#10906),
 .UNSPECIFIED.,.F.,.F.,(4,1,4),(0.,0.0974689320315523,0.167268493964971),
 .UNSPECIFIED.);
#173=B_SPLINE_CURVE_WITH_KNOTS('',3,(#10920,#10921,#10922,#10923,#10924,
#10925,#10926),.UNSPECIFIED.,.F.,.F.,(4,3,4),(-0.0409595374955192,-0.0217225777560166,
6.93889390390723E-18),.UNSPECIFIED.);
#174=B_SPLINE_CURVE_WITH_KNOTS('',3,(#10930,#10931,#10932,#10933,#10934),
 .UNSPECIFIED.,.F.,.F.,(4,1,4),(0.,0.0188138099145585,0.0400585624269158),
 .UNSPECIFIED.);
#175=B_SPLINE_CURVE_WITH_KNOTS('',3,(#10947,#10948,#10949,#10950,#10951,
#10952,#10953),.UNSPECIFIED.,.F.,.F.,(4,3,4),(-0.063070074083606,-0.0257114819231217,
0.),.UNSPECIFIED.);
#176=B_SPLINE_CURVE_WITH_KNOTS('',3,(#10955,#10956,#10957,#10958,#10959),
 .UNSPECIFIED.,.F.,.F.,(4,1,4),(0.,0.033218760440439,0.0560810662496039),
 .UNSPECIFIED.);
#177=B_SPLINE_CURVE_WITH_KNOTS('',3,(#10985,#10986,#10987,#10988,#10989,
#10990,#10991),.UNSPECIFIED.,.F.,.F.,(4,3,4),(-0.113924568059961,-0.049619505465079,
-1.38777878078145E-17),.UNSPECIFIED.);
#178=B_SPLINE_CURVE_WITH_KNOTS('',3,(#10995,#10996,#10997,#10998,#10999),
 .UNSPECIFIED.,.F.,.F.,(4,1,4),(0.,0.0570766342938772,0.101118491233128),
 .UNSPECIFIED.);
#179=B_SPLINE_CURVE_WITH_KNOTS('',3,(#11012,#11013,#11014,#11015,#11016,
#11017,#11018),.UNSPECIFIED.,.F.,.F.,(4,3,4),(-0.0785250921627736,-0.0400372225493319,
0.),.UNSPECIFIED.);
#180=B_SPLINE_CURVE_WITH_KNOTS('',3,(#11020,#11021,#11022,#11023,#11024),
 .UNSPECIFIED.,.F.,.F.,(4,1,4),(0.,0.0383674034968348,0.0782793104917158),
 .UNSPECIFIED.);
#181=B_SPLINE_CURVE_WITH_KNOTS('',3,(#11037,#11038,#11039,#11040,#11041,
#11042,#11043),.UNSPECIFIED.,.F.,.F.,(4,3,4),(-0.0723937727394483,-0.0368881250576402,
0.),.UNSPECIFIED.);
#182=B_SPLINE_CURVE_WITH_KNOTS('',3,(#11045,#11046,#11047,#11048,#11049),
 .UNSPECIFIED.,.F.,.F.,(4,1,4),(0.,0.0352565152962482,0.0718858075429282),
 .UNSPECIFIED.);
#183=B_SPLINE_CURVE_WITH_KNOTS('',3,(#11062,#11063,#11064,#11065,#11066,
#11067,#11068),.UNSPECIFIED.,.F.,.F.,(4,3,4),(-0.0723345650702844,-0.0357730991130387,
0.),.UNSPECIFIED.);
#184=B_SPLINE_CURVE_WITH_KNOTS('',3,(#11070,#11071,#11072,#11073,#11074),
 .UNSPECIFIED.,.F.,.F.,(4,1,4),(0.,0.0354948598140406,0.0702243517774078),
 .UNSPECIFIED.);
#185=B_SPLINE_CURVE_WITH_KNOTS('',3,(#11087,#11088,#11089,#11090,#11091,
#11092),.UNSPECIFIED.,.F.,.F.,(4,2,4),(-0.0999830045981439,-0.0504184202245629,
0.),.UNSPECIFIED.);
#186=B_SPLINE_CURVE_WITH_KNOTS('',3,(#11094,#11095,#11096,#11097,#11098),
 .UNSPECIFIED.,.F.,.F.,(4,1,4),(0.,0.0491832154164614,0.089276281564738),
 .UNSPECIFIED.);
#187=B_SPLINE_CURVE_WITH_KNOTS('',3,(#11126,#11127,#11128,#11129,#11130,
#11131,#11132),.UNSPECIFIED.,.F.,.F.,(4,3,4),(-0.108604211751989,-0.0579808551259059,
1.38777878078145E-17),.UNSPECIFIED.);
#188=B_SPLINE_CURVE_WITH_KNOTS('',3,(#11134,#11135,#11136,#11137,#11138),
 .UNSPECIFIED.,.F.,.F.,(4,1,4),(0.,0.0489226122196285,0.104955540111763),
 .UNSPECIFIED.);
#189=B_SPLINE_CURVE_WITH_KNOTS('',3,(#11151,#11152,#11153,#11154,#11155,
#11156,#11157),.UNSPECIFIED.,.F.,.F.,(4,3,4),(-0.137770388720678,-0.0608571062133169,
0.),.UNSPECIFIED.);
#190=B_SPLINE_CURVE_WITH_KNOTS('',3,(#11159,#11160,#11161,#11162,#11163),
 .UNSPECIFIED.,.F.,.F.,(4,1,4),(0.,0.0679094525483875,0.121642340183627),
 .UNSPECIFIED.);
#191=B_SPLINE_CURVE_WITH_KNOTS('',3,(#11176,#11177,#11178,#11179,#11180,
#11181,#11182),.UNSPECIFIED.,.F.,.F.,(4,3,4),(-0.102101855058509,-0.0570347699089553,
0.),.UNSPECIFIED.);
#192=B_SPLINE_CURVE_WITH_KNOTS('',3,(#11184,#11185,#11186,#11187,#11188),
 .UNSPECIFIED.,.F.,.F.,(4,1,4),(0.,0.0442543544888211,0.100260570940658),
 .UNSPECIFIED.);
#193=B_SPLINE_CURVE_WITH_KNOTS('',3,(#11201,#11202,#11203,#11204,#11205,
#11206,#11207),.UNSPECIFIED.,.F.,.F.,(4,3,4),(-0.0707787428740516,-0.0369782634327726,
0.),.UNSPECIFIED.);
#194=B_SPLINE_CURVE_WITH_KNOTS('',3,(#11209,#11210,#11211,#11212,#11213),
 .UNSPECIFIED.,.F.,.F.,(4,1,4),(0.,0.0332666684653499,0.0696609341792291),
 .UNSPECIFIED.);
#195=B_SPLINE_CURVE_WITH_KNOTS('',3,(#11226,#11227,#11228,#11229,#11230,
#11231,#11232),.UNSPECIFIED.,.F.,.F.,(4,3,4),(-0.0622715866173236,-0.0315830412222109,
0.),.UNSPECIFIED.);
#196=B_SPLINE_CURVE_WITH_KNOTS('',3,(#11234,#11235,#11236,#11237,#11238),
 .UNSPECIFIED.,.F.,.F.,(4,1,4),(0.,0.0302718990912756,0.0614261497918197),
 .UNSPECIFIED.);
#197=B_SPLINE_CURVE_WITH_KNOTS('',3,(#11251,#11252,#11253,#11254,#11255,
#11256,#11257),.UNSPECIFIED.,.F.,.F.,(4,3,4),(-0.0895910378980827,-0.0449895038158216,
0.),.UNSPECIFIED.);
#198=B_SPLINE_CURVE_WITH_KNOTS('',3,(#11259,#11260,#11261,#11262,#11263),
 .UNSPECIFIED.,.F.,.F.,(4,1,4),(0.,0.0432751298722794,0.0869266916532769),
 .UNSPECIFIED.);
#199=B_SPLINE_CURVE_WITH_KNOTS('',3,(#11276,#11277,#11278,#11279,#11280,
#11281,#11282),.UNSPECIFIED.,.F.,.F.,(4,3,4),(-0.143141512008145,-0.0607890501057241,
0.),.UNSPECIFIED.);
#200=B_SPLINE_CURVE_WITH_KNOTS('',3,(#11284,#11285,#11286,#11287,#11288),
 .UNSPECIFIED.,.F.,.F.,(4,1,4),(0.,0.0728244969939318,0.126580412657191),
 .UNSPECIFIED.);
#201=B_SPLINE_CURVE_WITH_KNOTS('',3,(#11301,#11302,#11303,#11304,#11305,
#11306,#11307),.UNSPECIFIED.,.F.,.F.,(4,3,4),(-0.0711678626620969,-0.0442897697185225,
0.),.UNSPECIFIED.);
#202=B_SPLINE_CURVE_WITH_KNOTS('',3,(#11309,#11310,#11311,#11312,#11313),
 .UNSPECIFIED.,.F.,.F.,(4,1,4),(0.,0.0256001885320302,0.0677842250711791),
 .UNSPECIFIED.);
#203=B_SPLINE_CURVE_WITH_KNOTS('',3,(#11326,#11327,#11328,#11329,#11330,
#11331,#11332),.UNSPECIFIED.,.F.,.F.,(4,3,4),(-0.0327748514168508,-0.0171598576382282,
-6.93889390390723E-18),.UNSPECIFIED.);
#204=B_SPLINE_CURVE_WITH_KNOTS('',3,(#11334,#11335,#11336,#11337,#11338),
 .UNSPECIFIED.,.F.,.F.,(4,1,4),(0.,0.0151235752205029,0.0317433959802239),
 .UNSPECIFIED.);
#205=B_SPLINE_CURVE_WITH_KNOTS('',3,(#11351,#11352,#11353,#11354,#11355,
#11356,#11357),.UNSPECIFIED.,.F.,.F.,(4,3,4),(-0.0364863448336402,-0.0174246724880155,
0.),.UNSPECIFIED.);
#206=B_SPLINE_CURVE_WITH_KNOTS('',3,(#11359,#11360,#11361,#11362,#11363),
 .UNSPECIFIED.,.F.,.F.,(4,1,4),(0.,0.0173219220438998,0.0331562524743654),
 .UNSPECIFIED.);
#207=B_SPLINE_CURVE_WITH_KNOTS('',3,(#11376,#11377,#11378,#11379,#11380,
#11381,#11382),.UNSPECIFIED.,.F.,.F.,(4,3,4),(-0.0487379887066857,-0.022089825699033,
6.93889390390723E-18),.UNSPECIFIED.);
#208=B_SPLINE_CURVE_WITH_KNOTS('',3,(#11384,#11385,#11386,#11387,#11388),
 .UNSPECIFIED.,.F.,.F.,(4,1,4),(0.,0.0235975047493605,0.0431585066351483),
 .UNSPECIFIED.);
#209=B_SPLINE_CURVE_WITH_KNOTS('',3,(#11401,#11402,#11403,#11404,#11405,
#11406),.UNSPECIFIED.,.F.,.F.,(4,2,4),(-0.0637303622780068,-0.0318175619365231,
0.),.UNSPECIFIED.);
#210=B_SPLINE_CURVE_WITH_KNOTS('',3,(#11408,#11409,#11410,#11411,#11412),
 .UNSPECIFIED.,.F.,.F.,(4,1,4),(0.,0.0294888372052638,0.0614486415543975),
 .UNSPECIFIED.);
#211=B_SPLINE_CURVE_WITH_KNOTS('',3,(#11425,#11426,#11427,#11428,#11429,
#11430,#11431),.UNSPECIFIED.,.F.,.F.,(4,3,4),(-0.0526413926802158,-0.0234738759074858,
0.),.UNSPECIFIED.);
#212=B_SPLINE_CURVE_WITH_KNOTS('',3,(#11433,#11434,#11435,#11436,#11437),
 .UNSPECIFIED.,.F.,.F.,(4,1,4),(0.,0.0258961855933913,0.0467373100481418),
 .UNSPECIFIED.);
#213=B_SPLINE_CURVE_WITH_KNOTS('',3,(#11499,#11500,#11501,#11502,#11503,
#11504,#11505),.UNSPECIFIED.,.F.,.F.,(4,3,4),(-0.117704464678382,-0.0624642439206913,
1.38777878078145E-17),.UNSPECIFIED.);
#214=B_SPLINE_CURVE_WITH_KNOTS('',3,(#11509,#11510,#11511,#11512,#11513),
 .UNSPECIFIED.,.F.,.F.,(4,1,4),(0.,0.0541225151363477,0.115322885821099),
 .UNSPECIFIED.);
#215=B_SPLINE_CURVE_WITH_KNOTS('',3,(#11526,#11527,#11528,#11529,#11530,
#11531,#11532),.UNSPECIFIED.,.F.,.F.,(4,3,4),(-0.139493798011462,-0.0631259653413214,
0.),.UNSPECIFIED.);
#216=B_SPLINE_CURVE_WITH_KNOTS('',3,(#11534,#11535,#11536,#11537,#11538),
 .UNSPECIFIED.,.F.,.F.,(4,1,4),(0.,0.0678937170913008,0.124014943557306),
 .UNSPECIFIED.);
#217=B_SPLINE_CURVE_WITH_KNOTS('',3,(#11551,#11552,#11553,#11554,#11555,
#11556,#11557),.UNSPECIFIED.,.F.,.F.,(4,3,4),(-0.167233327175819,-0.0894512534063173,
2.77555756156289E-17),.UNSPECIFIED.);
#218=B_SPLINE_CURVE_WITH_KNOTS('',3,(#11559,#11560,#11561,#11562,#11563),
 .UNSPECIFIED.,.F.,.F.,(4,1,4),(0.,0.0754003398786323,0.162112542093669),
 .UNSPECIFIED.);
#219=B_SPLINE_CURVE_WITH_KNOTS('',3,(#11576,#11577,#11578,#11579,#11580,
#11581,#11582),.UNSPECIFIED.,.F.,.F.,(4,3,4),(-0.185180583317586,-0.0853112215457138,
-2.77555756156289E-17),.UNSPECIFIED.);
#220=B_SPLINE_CURVE_WITH_KNOTS('',3,(#11584,#11585,#11586,#11587,#11588),
 .UNSPECIFIED.,.F.,.F.,(4,1,4),(0.,0.0887715272900306,0.164602666062003),
 .UNSPECIFIED.);
#221=B_SPLINE_CURVE_WITH_KNOTS('',3,(#11601,#11602,#11603,#11604,#11605,
#11606,#11607),.UNSPECIFIED.,.F.,.F.,(4,3,4),(-0.129421359116815,-0.0694513421483905,
0.),.UNSPECIFIED.);
#222=B_SPLINE_CURVE_WITH_KNOTS('',3,(#11609,#11610,#11611,#11612,#11613),
 .UNSPECIFIED.,.F.,.F.,(4,1,4),(0.,0.058904596809871,0.127122074709024),
 .UNSPECIFIED.);
#223=B_SPLINE_CURVE_WITH_KNOTS('',3,(#11626,#11627,#11628,#11629,#11630,
#11631,#11632),.UNSPECIFIED.,.F.,.F.,(4,3,4),(-0.100389377143911,-0.0530753948129614,
0.),.UNSPECIFIED.);
#224=B_SPLINE_CURVE_WITH_KNOTS('',3,(#11634,#11635,#11636,#11637,#11638),
 .UNSPECIFIED.,.F.,.F.,(4,1,4),(0.,0.0465246802305654,0.0987146598123258),
 .UNSPECIFIED.);
#225=B_SPLINE_CURVE_WITH_KNOTS('',3,(#11651,#11652,#11653,#11654,#11655,
#11656,#11657),.UNSPECIFIED.,.F.,.F.,(4,3,4),(-0.121519349524893,-0.0551831538631239,
1.38777878078145E-17),.UNSPECIFIED.);
#226=B_SPLINE_CURVE_WITH_KNOTS('',3,(#11659,#11660,#11661,#11662,#11663),
 .UNSPECIFIED.,.F.,.F.,(4,1,4),(0.,0.0594635037190589,0.108929464831755),
 .UNSPECIFIED.);
#227=B_SPLINE_CURVE_WITH_KNOTS('',3,(#11676,#11677,#11678,#11679,#11680,
#11681,#11682),.UNSPECIFIED.,.F.,.F.,(4,3,4),(-0.0915299229066227,-0.049829267544745,
0.),.UNSPECIFIED.);
#228=B_SPLINE_CURVE_WITH_KNOTS('',3,(#11684,#11685,#11686,#11687,#11688),
 .UNSPECIFIED.,.F.,.F.,(4,1,4),(0.,0.0411162370435274,0.0902471669604722),
 .UNSPECIFIED.);
#229=B_SPLINE_CURVE_WITH_KNOTS('',3,(#11701,#11702,#11703,#11704,#11705,
#11706,#11707),.UNSPECIFIED.,.F.,.F.,(4,3,4),(-0.0760402657583722,-0.037942904916781,
0.),.UNSPECIFIED.);
#230=B_SPLINE_CURVE_WITH_KNOTS('',3,(#11709,#11710,#11711,#11712,#11713),
 .UNSPECIFIED.,.F.,.F.,(4,1,4),(0.,0.0375756006244861,0.0749988606664082),
 .UNSPECIFIED.);
#231=B_SPLINE_CURVE_WITH_KNOTS('',3,(#11726,#11727,#11728,#11729,#11730,
#11731,#11732),.UNSPECIFIED.,.F.,.F.,(4,3,4),(-0.0909659849870493,-0.0431913899289125,
0.),.UNSPECIFIED.);
#232=B_SPLINE_CURVE_WITH_KNOTS('',3,(#11734,#11735,#11736,#11737,#11738),
 .UNSPECIFIED.,.F.,.F.,(4,1,4),(0.,0.0441123664604912,0.0839928598098044),
 .UNSPECIFIED.);
#233=B_SPLINE_CURVE_WITH_KNOTS('',3,(#11773,#11774,#11775,#11776,#11777,
#11778,#11779),.UNSPECIFIED.,.F.,.F.,(4,3,4),(-0.0253165599340559,-0.0127299156975525,
0.),.UNSPECIFIED.);
#234=B_SPLINE_CURVE_WITH_KNOTS('',3,(#11783,#11784,#11785,#11786,#11787),
 .UNSPECIFIED.,.F.,.F.,(4,1,4),(0.,0.0123632625275167,0.0248672538030913),
 .UNSPECIFIED.);
#235=B_SPLINE_CURVE_WITH_KNOTS('',3,(#11800,#11801,#11802,#11803,#11804,
#11805,#11806),.UNSPECIFIED.,.F.,.F.,(4,3,4),(-0.0244803427155129,-0.0122774840397539,
0.),.UNSPECIFIED.);
#236=B_SPLINE_CURVE_WITH_KNOTS('',3,(#11808,#11809,#11810,#11811,#11812),
 .UNSPECIFIED.,.F.,.F.,(4,1,4),(0.,0.0119450011168397,0.0239630506955152),
 .UNSPECIFIED.);
#237=B_SPLINE_CURVE_WITH_KNOTS('',3,(#11825,#11826,#11827,#11828,#11829,
#11830,#11831),.UNSPECIFIED.,.F.,.F.,(4,3,4),(-0.0346487271611402,-0.0216239199984611,
0.),.UNSPECIFIED.);
#238=B_SPLINE_CURVE_WITH_KNOTS('',3,(#11833,#11834,#11835,#11836,#11837),
 .UNSPECIFIED.,.F.,.F.,(4,1,4),(0.,0.0124895440021041,0.0332248145474231),
 .UNSPECIFIED.);
#239=B_SPLINE_CURVE_WITH_KNOTS('',3,(#11857,#11858,#11859,#11860,#11861,
#11862,#11863),.UNSPECIFIED.,.F.,.F.,(4,3,4),(-0.0561669967821995,-0.0283734818709161,
6.93889390390723E-18),.UNSPECIFIED.);
#240=B_SPLINE_CURVE_WITH_KNOTS('',3,(#11867,#11868,#11869,#11870,#11871),
 .UNSPECIFIED.,.F.,.F.,(4,1,4),(0.,0.0275202826072524,0.055614830638756),
 .UNSPECIFIED.);
#241=B_SPLINE_CURVE_WITH_KNOTS('',3,(#11884,#11885,#11886,#11887,#11888,
#11889,#11890),.UNSPECIFIED.,.F.,.F.,(4,3,4),(-0.0646392344074169,-0.0308881220663882,
0.),.UNSPECIFIED.);
#242=B_SPLINE_CURVE_WITH_KNOTS('',3,(#11892,#11893,#11894,#11895,#11896),
 .UNSPECIFIED.,.F.,.F.,(4,1,4),(0.,0.0312388862779283,0.0598278857402572),
 .UNSPECIFIED.);
#243=B_SPLINE_CURVE_WITH_KNOTS('',3,(#11909,#11910,#11911,#11912,#11913,
#11914,#11915),.UNSPECIFIED.,.F.,.F.,(4,3,4),(-0.0692928452810941,-0.0361947345962936,
0.),.UNSPECIFIED.);
#244=B_SPLINE_CURVE_WITH_KNOTS('',3,(#11917,#11918,#11919,#11920,#11921),
 .UNSPECIFIED.,.F.,.F.,(4,1,4),(0.,0.0325266175810053,0.0680963907886425),
 .UNSPECIFIED.);
#245=B_SPLINE_CURVE_WITH_KNOTS('',3,(#11934,#11935,#11936,#11937,#11938,
#11939,#11940),.UNSPECIFIED.,.F.,.F.,(4,3,4),(-0.0629403889070099,-0.0316572287715315,
0.),.UNSPECIFIED.);
#246=B_SPLINE_CURVE_WITH_KNOTS('',3,(#11942,#11943,#11944,#11945,#11946),
 .UNSPECIFIED.,.F.,.F.,(4,1,4),(0.,0.0307515215248266,0.0618707546127924),
 .UNSPECIFIED.);
#247=B_SPLINE_CURVE_WITH_KNOTS('',3,(#11959,#11960,#11961,#11962,#11963,
#11964,#11965),.UNSPECIFIED.,.F.,.F.,(4,3,4),(-0.099506728802576,-0.0425242444474403,
0.),.UNSPECIFIED.);
#248=B_SPLINE_CURVE_WITH_KNOTS('',3,(#11967,#11968,#11969,#11970,#11971),
 .UNSPECIFIED.,.F.,.F.,(4,1,4),(0.,0.0506053099641141,0.0883704687774912),
 .UNSPECIFIED.);
#249=B_SPLINE_CURVE_WITH_KNOTS('',3,(#12014,#12015,#12016,#12017,#12018,
#12019,#12020),.UNSPECIFIED.,.F.,.F.,(4,3,4),(-0.0325451655797739,-0.0164417269602157,
0.),.UNSPECIFIED.);
#250=B_SPLINE_CURVE_WITH_KNOTS('',3,(#12022,#12023,#12024,#12025,#12026),
 .UNSPECIFIED.,.F.,.F.,(4,1,4),(0.,0.0158637228146453,0.032060698209339),
 .UNSPECIFIED.);
#251=B_SPLINE_CURVE_WITH_KNOTS('',3,(#12039,#12040,#12041,#12042,#12043,
#12044,#12045),.UNSPECIFIED.,.F.,.F.,(4,3,4),(-0.0429113738923366,-0.0172540058392905,
0.),.UNSPECIFIED.);
#252=B_SPLINE_CURVE_WITH_KNOTS('',3,(#12047,#12048,#12049,#12050,#12051),
 .UNSPECIFIED.,.F.,.F.,(4,1,4),(0.,0.0228939916402172,0.0382896886824195),
 .UNSPECIFIED.);
#253=B_SPLINE_CURVE_WITH_KNOTS('',3,(#12086,#12087,#12088,#12089,#12090,
#12091,#12092),.UNSPECIFIED.,.F.,.F.,(4,3,4),(-0.0823611581455756,-0.0437796247356619,
0.),.UNSPECIFIED.);
#254=B_SPLINE_CURVE_WITH_KNOTS('',3,(#12096,#12097,#12098,#12099,#12100),
 .UNSPECIFIED.,.F.,.F.,(4,1,4),(0.,0.0381274678092415,0.0813918506702068),
 .UNSPECIFIED.);
#255=B_SPLINE_CURVE_WITH_KNOTS('',3,(#12113,#12114,#12115,#12116,#12117,
#12118,#12119),.UNSPECIFIED.,.F.,.F.,(4,3,4),(-0.0728431036536688,-0.0362149780228062,
0.),.UNSPECIFIED.);
#256=B_SPLINE_CURVE_WITH_KNOTS('',3,(#12121,#12122,#12123,#12124,#12125),
 .UNSPECIFIED.,.F.,.F.,(4,1,4),(0.,0.0357393557481658,0.0710755887843032),
 .UNSPECIFIED.);
#257=B_SPLINE_CURVE_WITH_KNOTS('',3,(#12138,#12139,#12140,#12141,#12142,
#12143),.UNSPECIFIED.,.F.,.F.,(4,2,4),(-0.108110660243473,-0.0547206184590578,
0.),.UNSPECIFIED.);
#258=B_SPLINE_CURVE_WITH_KNOTS('',3,(#12145,#12146,#12147,#12148,#12149),
 .UNSPECIFIED.,.F.,.F.,(4,1,4),(0.,0.0539072967256673,0.0958537104366408),
 .UNSPECIFIED.);
#259=B_SPLINE_CURVE_WITH_KNOTS('',3,(#12162,#12163,#12164,#12165,#12166,
#12167,#12168),.UNSPECIFIED.,.F.,.F.,(4,3,4),(-0.100095151382489,-0.0534987897167164,
0.),.UNSPECIFIED.);
#260=B_SPLINE_CURVE_WITH_KNOTS('',3,(#12170,#12171,#12172,#12173,#12174),
 .UNSPECIFIED.,.F.,.F.,(4,1,4),(0.,0.0457115159788917,0.0981943857473136),
 .UNSPECIFIED.);
#261=B_SPLINE_CURVE_WITH_KNOTS('',3,(#12187,#12188,#12189,#12190,#12191,
#12192,#12193),.UNSPECIFIED.,.F.,.F.,(4,3,4),(-0.0804736716904936,-0.0420192165584088,
0.),.UNSPECIFIED.);
#262=B_SPLINE_CURVE_WITH_KNOTS('',3,(#12195,#12196,#12197,#12198,#12199),
 .UNSPECIFIED.,.F.,.F.,(4,1,4),(0.,0.0377053971917598,0.0789061174874805),
 .UNSPECIFIED.);
#263=B_SPLINE_CURVE_WITH_KNOTS('',3,(#12212,#12213,#12214,#12215,#12216,
#12217,#12218),.UNSPECIFIED.,.F.,.F.,(4,3,4),(-0.118566242567419,-0.050556815440525,
-1.38777878078145E-17),.UNSPECIFIED.);
#264=B_SPLINE_CURVE_WITH_KNOTS('',3,(#12220,#12221,#12222,#12223,#12224),
 .UNSPECIFIED.,.F.,.F.,(4,1,4),(0.,0.0603781806677202,0.105262083761876),
 .UNSPECIFIED.);
#265=B_SPLINE_CURVE_WITH_KNOTS('',3,(#12250,#12251,#12252,#12253,#12254,
#12255,#12256),.UNSPECIFIED.,.F.,.F.,(4,3,4),(-0.0689865686397005,-0.0374712242768686,
0.),.UNSPECIFIED.);
#266=B_SPLINE_CURVE_WITH_KNOTS('',3,(#12260,#12261,#12262,#12263,#12264),
 .UNSPECIFIED.,.F.,.F.,(4,1,4),(0.,0.0312780506011048,0.0684671365118869),
 .UNSPECIFIED.);
#267=B_SPLINE_CURVE_WITH_KNOTS('',3,(#12277,#12278,#12279,#12280,#12281,
#12282,#12283),.UNSPECIFIED.,.F.,.F.,(4,3,4),(-0.0672032168096675,-0.032098480670508,
0.),.UNSPECIFIED.);
#268=B_SPLINE_CURVE_WITH_KNOTS('',3,(#12285,#12286,#12287,#12288,#12289),
 .UNSPECIFIED.,.F.,.F.,(4,1,4),(0.,0.0327748035162723,0.0627428794185215),
 .UNSPECIFIED.);
#269=B_SPLINE_CURVE_WITH_KNOTS('',3,(#12315,#12316,#12317,#12318,#12319),
 .UNSPECIFIED.,.F.,.F.,(4,1,4),(0.,0.0173943502737517,0.0330164699559655),
 .UNSPECIFIED.);
#270=B_SPLINE_CURVE_WITH_KNOTS('',3,(#12320,#12321,#12322,#12323,#12324),
 .UNSPECIFIED.,.F.,.F.,(4,1,4),(0.,0.0193028307398166,0.0478654581316425),
 .UNSPECIFIED.);
#271=B_SPLINE_CURVE_WITH_KNOTS('',3,(#12332,#12333,#12334,#12335,#12336),
 .UNSPECIFIED.,.F.,.F.,(4,1,4),(0.,0.032697971229456,0.0743141448260168),
 .UNSPECIFIED.);
#272=B_SPLINE_CURVE_WITH_KNOTS('',3,(#12339,#12340,#12341,#12342,#12343),
 .UNSPECIFIED.,.F.,.F.,(4,1,4),(0.,0.0290183792074539,0.0704884887513677),
 .UNSPECIFIED.);
#273=B_SPLINE_CURVE_WITH_KNOTS('',3,(#12344,#12345,#12346,#12347,#12348),
 .UNSPECIFIED.,.F.,.F.,(4,1,4),(0.,0.0537973931789326,0.0907247384637276),
 .UNSPECIFIED.);
#274=B_SPLINE_CURVE_WITH_KNOTS('',3,(#12363,#12364,#12365,#12366,#12367),
 .UNSPECIFIED.,.F.,.F.,(4,1,4),(0.,0.0247560829017874,0.0512782554654459),
 .UNSPECIFIED.);
#275=B_SPLINE_CURVE_WITH_KNOTS('',3,(#12368,#12369,#12370,#12371,#12372),
 .UNSPECIFIED.,.F.,.F.,(4,1,4),(0.,0.0408202449941821,0.104536851132139),
 .UNSPECIFIED.);
#276=B_SPLINE_CURVE_WITH_KNOTS('',3,(#12374,#12375,#12376,#12377,#12378),
 .UNSPECIFIED.,.F.,.F.,(4,1,4),(0.,0.066663008264178,0.108321099758913),
 .UNSPECIFIED.);
#277=B_SPLINE_CURVE_WITH_KNOTS('',3,(#12379,#12380,#12381,#12382,#12383),
 .UNSPECIFIED.,.F.,.F.,(4,1,4),(0.,0.0266225505506925,0.0512093169198691),
 .UNSPECIFIED.);
#278=B_SPLINE_CURVE_WITH_KNOTS('',3,(#12387,#12388,#12389,#12390,#12391,
#12392,#12393,#12394),.UNSPECIFIED.,.F.,.F.,(4,2,2,4),(0.,0.19364299434393,
0.290464491515895,0.38728598868786),.UNSPECIFIED.);
#279=B_SPLINE_CURVE_WITH_KNOTS('',3,(#12398,#12399,#12400,#12401,#12402,
#12403,#12404,#12405),.UNSPECIFIED.,.F.,.F.,(4,2,2,4),(0.872830703276002,
0.969652200447967,1.06647369761993,1.26011669196386),.UNSPECIFIED.);
#280=B_SPLINE_CURVE_WITH_KNOTS('',3,(#12409,#12410,#12411,#12412,#12413,
#12414,#12415,#12416),.UNSPECIFIED.,.F.,.F.,(4,2,2,4),(0.,0.19364299434393,
0.290464491515895,0.38728598868786),.UNSPECIFIED.);
#281=B_SPLINE_CURVE_WITH_KNOTS('',3,(#12421,#12422,#12423,#12424,#12425,
#12426,#12427,#12428),.UNSPECIFIED.,.F.,.F.,(4,2,2,4),(0.,0.19364299434393,
0.290464491515895,0.38728598868786),.UNSPECIFIED.);
#282=B_SPLINE_CURVE_WITH_KNOTS('',3,(#12432,#12433,#12434,#12435,#12436,
#12437,#12438,#12439,#12440,#12441),.UNSPECIFIED.,.F.,.F.,(4,2,2,2,4),(0.872812138199566,
0.956479313708245,1.04014648921692,1.14263808239792,1.24512967557892),
 .UNSPECIFIED.);
#283=B_SPLINE_CURVE_WITH_KNOTS('',3,(#12446,#12447,#12448,#12449,#12450,
#12451,#12452,#12453),.UNSPECIFIED.,.F.,.F.,(4,2,2,4),(0.857862251967499,
0.954683749139464,1.05150524631143,1.24514824065536),.UNSPECIFIED.);
#284=B_SPLINE_CURVE_WITH_KNOTS('',3,(#12457,#12458,#12459,#12460,#12461,
#12462,#12463,#12464),.UNSPECIFIED.,.F.,.F.,(4,2,2,4),(0.,0.19364299434393,
0.290464491515895,0.38728598868786),.UNSPECIFIED.);
#285=B_SPLINE_CURVE_WITH_KNOTS('',3,(#12466,#12467,#12468,#12469,#12470,
#12471,#12472,#12473),.UNSPECIFIED.,.F.,.F.,(4,2,2,4),(0.872812138199566,
0.969633635371531,1.0664551325435,1.26009812688743),.UNSPECIFIED.);
#286=B_SPLINE_CURVE_WITH_KNOTS('',3,(#12476,#12477,#12478,#12479,#12480,
#12481,#12482,#12483),.UNSPECIFIED.,.F.,.F.,(4,2,2,4),(0.,0.19364299434393,
0.290464491515895,0.38728598868786),.UNSPECIFIED.);
#287=B_SPLINE_CURVE_WITH_KNOTS('',3,(#12489,#12490,#12491,#12492,#12493,
#12494,#12495,#12496),.UNSPECIFIED.,.F.,.F.,(4,2,2,4),(0.,0.19364299434393,
0.290464491515895,0.38728598868786),.UNSPECIFIED.);
#288=B_SPLINE_CURVE_WITH_KNOTS('',3,(#12497,#12498,#12499,#12500,#12501,
#12502,#12503,#12504),.UNSPECIFIED.,.F.,.F.,(4,2,2,4),(0.872830703276002,
0.969652200447967,1.06647369761993,1.26011669196386),.UNSPECIFIED.);
#289=B_SPLINE_CURVE_WITH_KNOTS('',3,(#12506,#12507,#12508,#12509,#12510,
#12511,#12512,#12513),.UNSPECIFIED.,.F.,.F.,(4,2,2,4),(0.,0.19364299434393,
0.290464491515895,0.38728598868786),.UNSPECIFIED.);
#290=B_SPLINE_CURVE_WITH_KNOTS('',3,(#12514,#12515,#12516,#12517,#12518,
#12519,#12520,#12521),.UNSPECIFIED.,.F.,.F.,(4,2,2,4),(0.872830703276003,
0.969652200447968,1.06647369761993,1.26011669196386),.UNSPECIFIED.);
#291=B_SPLINE_CURVE_WITH_KNOTS('',3,(#12523,#12524,#12525,#12526,#12527,
#12528,#12529,#12530),.UNSPECIFIED.,.F.,.F.,(4,2,2,4),(0.872830703276002,
0.969652200447967,1.06647369761993,1.26011669196386),.UNSPECIFIED.);
#292=B_SPLINE_CURVE_WITH_KNOTS('',3,(#12532,#12533,#12534,#12535,#12536,
#12537,#12538,#12539),.UNSPECIFIED.,.F.,.F.,(4,2,2,4),(0.,0.19364299434393,
0.290464491515895,0.38728598868786),.UNSPECIFIED.);
#293=B_SPLINE_CURVE_WITH_KNOTS('',3,(#12540,#12541,#12542,#12543,#12544,
#12545,#12546,#12547),.UNSPECIFIED.,.F.,.F.,(4,2,2,4),(0.872830703276003,
0.969652200447968,1.06647369761993,1.26011669196386),.UNSPECIFIED.);
#294=B_SPLINE_CURVE_WITH_KNOTS('',3,(#12550,#12551,#12552,#12553,#12554,
#12555,#12556,#12557,#12558,#12559),.UNSPECIFIED.,.F.,.F.,(4,2,2,2,4),(0.,
0.102491593180999,0.204983186361998,0.288650361870677,0.372317537379356),
 .UNSPECIFIED.);
#295=B_SPLINE_CURVE_WITH_KNOTS('',3,(#12560,#12561,#12562,#12563,#12564,
#12565,#12566,#12567,#12568,#12569),.UNSPECIFIED.,.F.,.F.,(4,2,2,2,4),(0.872830703276003,
0.956497878784682,1.04016505429336,1.14265664747436,1.24514824065536),
 .UNSPECIFIED.);
#296=B_SPLINE_CURVE_WITH_KNOTS('',3,(#12572,#12573,#12574,#12575,#12576,
#12577,#12578,#12579),.UNSPECIFIED.,.F.,.F.,(4,2,2,4),(0.857843686891062,
0.954665184063027,1.05148668123499,1.24512967557892),.UNSPECIFIED.);
#297=B_SPLINE_CURVE_WITH_KNOTS('',3,(#12580,#12581,#12582,#12583,#12584,
#12585,#12586,#12587),.UNSPECIFIED.,.F.,.F.,(4,2,2,4),(0.,0.19364299434393,
0.290464491515895,0.38728598868786),.UNSPECIFIED.);
#298=B_SPLINE_CURVE_WITH_KNOTS('',3,(#12591,#12592,#12593,#12594,#12595,
#12596,#12597,#12598,#12599,#12600),.UNSPECIFIED.,.F.,.F.,(4,2,2,2,4),(0.872830703276003,
0.956497878784682,1.04016505429336,1.14265664747436,1.24514824065536),
 .UNSPECIFIED.);
#299=B_SPLINE_CURVE_WITH_KNOTS('',3,(#12603,#12604,#12605,#12606,#12607,
#12608,#12609,#12610),.UNSPECIFIED.,.F.,.F.,(4,2,2,4),(0.,0.19364299434393,
0.290464491515895,0.38728598868786),.UNSPECIFIED.);
#300=B_SPLINE_CURVE_WITH_KNOTS('',3,(#12611,#12612,#12613,#12614,#12615,
#12616,#12617,#12618),.UNSPECIFIED.,.F.,.F.,(4,2,2,4),(0.872830703276003,
0.969652200447968,1.06647369761993,1.26011669196386),.UNSPECIFIED.);
#301=B_SPLINE_CURVE_WITH_KNOTS('',3,(#12620,#12621,#12622,#12623,#12624,
#12625,#12626,#12627,#12628,#12629),.UNSPECIFIED.,.F.,.F.,(4,2,2,2,4),(0.,
0.102491593180999,0.204983186361999,0.288650361870678,0.372317537379357),
 .UNSPECIFIED.);
#302=B_SPLINE_CURVE_WITH_KNOTS('',3,(#12631,#12632,#12633,#12634,#12635,
#12636,#12637,#12638),.UNSPECIFIED.,.F.,.F.,(4,2,2,4),(0.,0.19364299434393,
0.290464491515895,0.38728598868786),.UNSPECIFIED.);
#303=B_SPLINE_CURVE_WITH_KNOTS('',3,(#12639,#12640,#12641,#12642,#12643,
#12644,#12645,#12646,#12647,#12648),.UNSPECIFIED.,.F.,.F.,(4,2,2,2,4),(0.872830703276003,
0.956497878784682,1.04016505429336,1.14265664747436,1.24514824065536),
 .UNSPECIFIED.);
#304=B_SPLINE_CURVE_WITH_KNOTS('',3,(#12651,#12652,#12653,#12654,#12655,
#12656,#12657,#12658,#12659,#12660),.UNSPECIFIED.,.F.,.F.,(4,2,2,2,4),(0.872812138199566,
0.956479313708245,1.04014648921692,1.14263808239792,1.24512967557892),
 .UNSPECIFIED.);
#305=B_SPLINE_CURVE_WITH_KNOTS('',3,(#12662,#12663,#12664,#12665,#12666,
#12667,#12668,#12669,#12670,#12671),.UNSPECIFIED.,.F.,.F.,(4,2,2,2,4),(0.,
0.102491593180999,0.204983186361999,0.288650361870678,0.372317537379356),
 .UNSPECIFIED.);
#306=B_SPLINE_CURVE_WITH_KNOTS('',3,(#12672,#12673,#12674,#12675,#12676,
#12677,#12678,#12679),.UNSPECIFIED.,.F.,.F.,(4,2,2,4),(0.872830703276002,
0.969652200447967,1.06647369761993,1.26011669196386),.UNSPECIFIED.);
#307=B_SPLINE_CURVE_WITH_KNOTS('',3,(#12680,#12681,#12682,#12683,#12684,
#12685,#12686,#12687),.UNSPECIFIED.,.F.,.F.,(4,2,2,4),(0.,0.19364299434393,
0.290464491515895,0.38728598868786),.UNSPECIFIED.);
#308=B_SPLINE_CURVE_WITH_KNOTS('',3,(#12690,#12691,#12692,#12693,#12694,
#12695,#12696,#12697),.UNSPECIFIED.,.F.,.F.,(4,2,2,4),(0.8578622519675,
0.954683749139465,1.05150524631143,1.24514824065536),.UNSPECIFIED.);
#309=B_SPLINE_CURVE_WITH_KNOTS('',3,(#12699,#12700,#12701,#12702,#12703,
#12704,#12705,#12706),.UNSPECIFIED.,.F.,.F.,(4,2,2,4),(0.,0.19364299434393,
0.290464491515895,0.38728598868786),.UNSPECIFIED.);
#310=B_SPLINE_CURVE_WITH_KNOTS('',3,(#12707,#12708,#12709,#12710,#12711,
#12712,#12713,#12714),.UNSPECIFIED.,.F.,.F.,(4,2,2,4),(0.872830703276002,
0.969652200447967,1.06647369761993,1.26011669196386),.UNSPECIFIED.);
#311=B_SPLINE_CURVE_WITH_KNOTS('',3,(#12715,#12716,#12717,#12718,#12719,
#12720,#12721,#12722,#12723,#12724),.UNSPECIFIED.,.F.,.F.,(4,2,2,2,4),(0.,
0.102491593180999,0.204983186361998,0.288650361870677,0.372317537379356),
 .UNSPECIFIED.);
#312=B_SPLINE_CURVE_WITH_KNOTS('',3,(#12728,#12729,#12730,#12731,#12732,
#12733,#12734,#12735),.UNSPECIFIED.,.F.,.F.,(4,2,2,4),(0.,0.19364299434393,
0.290464491515895,0.38728598868786),.UNSPECIFIED.);
#313=B_SPLINE_CURVE_WITH_KNOTS('',3,(#12736,#12737,#12738,#12739,#12740,
#12741,#12742,#12743),.UNSPECIFIED.,.F.,.F.,(4,2,2,4),(0.872830703276002,
0.969652200447967,1.06647369761993,1.26011669196386),.UNSPECIFIED.);
#314=B_SPLINE_CURVE_WITH_KNOTS('',3,(#12745,#12746,#12747,#12748,#12749,
#12750,#12751,#12752),.UNSPECIFIED.,.F.,.F.,(4,2,2,4),(0.,0.19364299434393,
0.290464491515895,0.38728598868786),.UNSPECIFIED.);
#315=B_SPLINE_CURVE_WITH_KNOTS('',3,(#12754,#12755,#12756,#12757,#12758,
#12759,#12760,#12761),.UNSPECIFIED.,.F.,.F.,(4,2,2,4),(0.872812138199566,
0.969633635371531,1.0664551325435,1.26009812688743),.UNSPECIFIED.);
#316=B_SPLINE_CURVE_WITH_KNOTS('',3,(#13050,#13051,#13052,#13053,#13054),
 .UNSPECIFIED.,.F.,.F.,(4,1,4),(0.,0.0220706653500109,0.0534765457886286),
 .UNSPECIFIED.);
#317=B_SPLINE_CURVE_WITH_KNOTS('',3,(#13059,#13060,#13061,#13062,#13063),
 .UNSPECIFIED.,.F.,.F.,(4,1,4),(0.,0.0230923230000946,0.0396674065175297),
 .UNSPECIFIED.);
#318=B_SPLINE_CURVE_WITH_KNOTS('',3,(#13065,#13066,#13067,#13068,#13069),
 .UNSPECIFIED.,.F.,.F.,(4,1,4),(0.,0.0129955865125898,0.0257307900248535),
 .UNSPECIFIED.);
#319=B_SPLINE_CURVE_WITH_KNOTS('',3,(#13071,#13072,#13073,#13074,#13075),
 .UNSPECIFIED.,.F.,.F.,(4,1,4),(0.,0.00943330839446811,0.0211017122712021),
 .UNSPECIFIED.);
#320=B_SPLINE_CURVE_WITH_KNOTS('',3,(#13076,#13077,#13078,#13079,#13080),
 .UNSPECIFIED.,.F.,.F.,(4,1,4),(0.,0.0183422232483362,0.0351874340124231),
 .UNSPECIFIED.);
#321=B_SPLINE_CURVE_WITH_KNOTS('',3,(#13089,#13090,#13091,#13092,#13093),
 .UNSPECIFIED.,.F.,.F.,(4,1,4),(0.,0.0206909957810856,0.0463173274260524),
 .UNSPECIFIED.);
#322=B_SPLINE_CURVE_WITH_KNOTS('',3,(#13095,#13096,#13097,#13098,#13099),
 .UNSPECIFIED.,.F.,.F.,(4,1,4),(0.,0.0204710023055238,0.0354977267315851),
 .UNSPECIFIED.);
#323=B_SPLINE_CURVE_WITH_KNOTS('',3,(#13101,#13102,#13103,#13104,#13105),
 .UNSPECIFIED.,.F.,.F.,(4,1,4),(0.,0.0113431553623057,0.028811750990073),
 .UNSPECIFIED.);
#324=B_SPLINE_CURVE_WITH_KNOTS('',3,(#13107,#13108,#13109,#13110,#13111),
 .UNSPECIFIED.,.F.,.F.,(4,1,4),(0.,0.0179543907300542,0.030391115318866),
 .UNSPECIFIED.);
#325=B_SPLINE_CURVE_WITH_KNOTS('',3,(#13130,#13131,#13132,#13133,#13134),
 .UNSPECIFIED.,.F.,.F.,(4,1,4),(0.,0.0367426811461394,0.0721012936606124),
 .UNSPECIFIED.);
#326=B_SPLINE_CURVE_WITH_KNOTS('',3,(#13136,#13137,#13138,#13139,#13140),
 .UNSPECIFIED.,.F.,.F.,(4,1,4),(0.,0.0333711538745451,0.064507816136204),
 .UNSPECIFIED.);
#327=B_SPLINE_CURVE_WITH_KNOTS('',3,(#13141,#13142,#13143,#13144,#13145),
 .UNSPECIFIED.,.F.,.F.,(4,1,4),(0.,0.0395999161256083,0.0746313211391947),
 .UNSPECIFIED.);
#328=B_SPLINE_CURVE_WITH_KNOTS('',3,(#13148,#13149,#13150,#13151,#13152),
 .UNSPECIFIED.,.F.,.F.,(4,1,4),(0.,0.029133336159561,0.0646727990717419),
 .UNSPECIFIED.);
#329=B_SPLINE_CURVE_WITH_KNOTS('',3,(#13153,#13154,#13155,#13156,#13157),
 .UNSPECIFIED.,.F.,.F.,(4,1,4),(0.,0.0408832577759247,0.0853338292834188),
 .UNSPECIFIED.);
#330=B_SPLINE_CURVE_WITH_KNOTS('',3,(#13159,#13160,#13161,#13162,#13163),
 .UNSPECIFIED.,.F.,.F.,(4,1,4),(0.,0.0947188717967614,0.16541515304427),
 .UNSPECIFIED.);
#331=B_SPLINE_CURVE_WITH_KNOTS('',3,(#13165,#13166,#13167,#13168,#13169),
 .UNSPECIFIED.,.F.,.F.,(4,1,4),(0.,0.0628244630988547,0.140594447935488),
 .UNSPECIFIED.);
#332=B_SPLINE_CURVE_WITH_KNOTS('',3,(#13171,#13172,#13173,#13174,#13175),
 .UNSPECIFIED.,.F.,.F.,(4,1,4),(0.,0.0458113926613414,0.0837330391489433),
 .UNSPECIFIED.);
#333=B_SPLINE_CURVE_WITH_KNOTS('',3,(#13176,#13177,#13178,#13179,#13180),
 .UNSPECIFIED.,.F.,.F.,(4,1,4),(0.,0.0345741563818883,0.0701293264175028),
 .UNSPECIFIED.);
#334=B_SPLINE_CURVE_WITH_KNOTS('',3,(#13183,#13184,#13185,#13186,#13187),
 .UNSPECIFIED.,.F.,.F.,(4,1,4),(0.,0.0400370573364666,0.0806315733249311),
 .UNSPECIFIED.);
#335=B_SPLINE_CURVE_WITH_KNOTS('',3,(#13191,#13192,#13193,#13194,#13195),
 .UNSPECIFIED.,.F.,.F.,(4,1,4),(0.,0.0542772970355241,0.0988829218228211),
 .UNSPECIFIED.);
#336=B_SPLINE_CURVE_WITH_KNOTS('',3,(#13198,#13199,#13200,#13201,#13202),
 .UNSPECIFIED.,.F.,.F.,(4,1,4),(0.,0.0869142853900764,0.149293036191135),
 .UNSPECIFIED.);
#337=B_SPLINE_CURVE_WITH_KNOTS('',3,(#13203,#13204,#13205,#13206,#13207),
 .UNSPECIFIED.,.F.,.F.,(4,1,4),(0.,0.0541902014500942,0.111118314743593),
 .UNSPECIFIED.);
#338=B_SPLINE_CURVE_WITH_KNOTS('',3,(#13209,#13210,#13211,#13212,#13213),
 .UNSPECIFIED.,.F.,.F.,(4,1,4),(0.,0.0244236176361825,0.0446450324557302),
 .UNSPECIFIED.);
#339=B_SPLINE_CURVE_WITH_KNOTS('',3,(#13215,#13216,#13217,#13218,#13219),
 .UNSPECIFIED.,.F.,.F.,(4,1,4),(0.,0.0198625924330267,0.0433924532027697),
 .UNSPECIFIED.);
#340=B_SPLINE_CURVE_WITH_KNOTS('',3,(#13221,#13222,#13223,#13224,#13225),
 .UNSPECIFIED.,.F.,.F.,(4,1,4),(0.,0.0190367420286525,0.0342903925178774),
 .UNSPECIFIED.);
#341=B_SPLINE_CURVE_WITH_KNOTS('',3,(#13227,#13228,#13229,#13230,#13231),
 .UNSPECIFIED.,.F.,.F.,(4,1,4),(0.,0.0129441017712367,0.0253222049221948),
 .UNSPECIFIED.);
#342=B_SPLINE_CURVE_WITH_KNOTS('',3,(#13233,#13234,#13235,#13236,#13237),
 .UNSPECIFIED.,.F.,.F.,(4,1,4),(0.,0.00934739682240267,0.0199065084027577),
 .UNSPECIFIED.);
#343=B_SPLINE_CURVE_WITH_KNOTS('',3,(#13239,#13240,#13241,#13242,#13243),
 .UNSPECIFIED.,.F.,.F.,(4,1,4),(0.,0.0165969189568544,0.0442613978569889),
 .UNSPECIFIED.);
#344=B_SPLINE_CURVE_WITH_KNOTS('',3,(#13245,#13246,#13247,#13248,#13249),
 .UNSPECIFIED.,.F.,.F.,(4,1,4),(0.,0.0717021648384945,0.121474391930636),
 .UNSPECIFIED.);
#345=B_SPLINE_CURVE_WITH_KNOTS('',3,(#13251,#13252,#13253,#13254,#13255),
 .UNSPECIFIED.,.F.,.F.,(4,1,4),(0.,0.0363062411839647,0.068194930297757),
 .UNSPECIFIED.);
#346=B_SPLINE_CURVE_WITH_KNOTS('',3,(#13257,#13258,#13259,#13260,#13261),
 .UNSPECIFIED.,.F.,.F.,(4,1,4),(0.,0.0305247527643921,0.0619567006050475),
 .UNSPECIFIED.);
#347=B_SPLINE_CURVE_WITH_KNOTS('',3,(#13263,#13264,#13265,#13266,#13267),
 .UNSPECIFIED.,.F.,.F.,(4,1,4),(0.,0.0373522724306394,0.0748854127656925),
 .UNSPECIFIED.);
#348=B_SPLINE_CURVE_WITH_KNOTS('',3,(#13269,#13270,#13271,#13272,#13273),
 .UNSPECIFIED.,.F.,.F.,(4,1,4),(0.,0.0383109183893341,0.0781456256890345),
 .UNSPECIFIED.);
#349=B_SPLINE_CURVE_WITH_KNOTS('',3,(#13274,#13275,#13276,#13277,#13278),
 .UNSPECIFIED.,.F.,.F.,(4,1,4),(0.,0.0449469085606225,0.0982473690543324),
 .UNSPECIFIED.);
#350=B_SPLINE_CURVE_WITH_KNOTS('',3,(#13281,#13282,#13283,#13284,#13285),
 .UNSPECIFIED.,.F.,.F.,(4,1,4),(0.,0.0315011036872146,0.0584036738924439),
 .UNSPECIFIED.);
#351=B_SPLINE_CURVE_WITH_KNOTS('',3,(#13286,#13287,#13288,#13289,#13290),
 .UNSPECIFIED.,.F.,.F.,(4,1,4),(0.,0.029062584642425,0.0641606243690424),
 .UNSPECIFIED.);
#352=B_SPLINE_CURVE_WITH_KNOTS('',3,(#13294,#13295,#13296,#13297,#13298),
 .UNSPECIFIED.,.F.,.F.,(4,1,4),(0.,0.0168776318303438,0.0293998751281346),
 .UNSPECIFIED.);
#353=B_SPLINE_CURVE_WITH_KNOTS('',3,(#13300,#13301,#13302,#13303,#13304),
 .UNSPECIFIED.,.F.,.F.,(4,1,4),(0.,0.0170418922286275,0.0337094414165542),
 .UNSPECIFIED.);
#354=B_SPLINE_CURVE_WITH_KNOTS('',3,(#13306,#13307,#13308,#13309,#13310),
 .UNSPECIFIED.,.F.,.F.,(4,1,4),(0.,0.0168948828511849,0.034664940059144),
 .UNSPECIFIED.);
#355=B_SPLINE_CURVE_WITH_KNOTS('',3,(#13312,#13313,#13314,#13315,#13316),
 .UNSPECIFIED.,.F.,.F.,(4,1,4),(0.,0.0380596219153685,0.0753205500369933),
 .UNSPECIFIED.);
#356=B_SPLINE_CURVE_WITH_KNOTS('',3,(#13318,#13319,#13320,#13321,#13322),
 .UNSPECIFIED.,.F.,.F.,(4,1,4),(0.,0.0346696325507501,0.0814505672473058),
 .UNSPECIFIED.);
#357=B_SPLINE_CURVE_WITH_KNOTS('',3,(#13324,#13325,#13326,#13327,#13328),
 .UNSPECIFIED.,.F.,.F.,(4,1,4),(0.,0.0563655879647971,0.0947454327630926),
 .UNSPECIFIED.);
#358=B_SPLINE_CURVE_WITH_KNOTS('',3,(#13329,#13330,#13331,#13332,#13333),
 .UNSPECIFIED.,.F.,.F.,(4,1,4),(0.,0.0304779397077717,0.0635225581865569),
 .UNSPECIFIED.);
#359=B_SPLINE_CURVE_WITH_KNOTS('',3,(#13352,#13353,#13354,#13355,#13356,
#13357,#13358),.UNSPECIFIED.,.F.,.F.,(4,3,4),(-0.0856147782759687,-0.0445969184297893,
0.),.UNSPECIFIED.);
#360=B_SPLINE_CURVE_WITH_KNOTS('',3,(#13371,#13372,#13373,#13374,#13375,
#13376,#13377),.UNSPECIFIED.,.F.,.F.,(4,3,4),(-0.0655719007677281,-0.0360335437597306,
0.),.UNSPECIFIED.);
#361=B_SPLINE_CURVE_WITH_KNOTS('',3,(#13390,#13391,#13392,#13393,#13394,
#13395,#13396),.UNSPECIFIED.,.F.,.F.,(4,3,4),(-0.0709236186173579,-0.0359578716679627,
0.),.UNSPECIFIED.);
#362=B_SPLINE_CURVE_WITH_KNOTS('',3,(#13409,#13410,#13411,#13412,#13413,
#13414,#13415),.UNSPECIFIED.,.F.,.F.,(4,3,4),(-0.0936621870401763,-0.0424184334199942,
-1.38777878078145E-17),.UNSPECIFIED.);
#363=B_SPLINE_CURVE_WITH_KNOTS('',3,(#13428,#13429,#13430,#13431,#13432,
#13433,#13434),.UNSPECIFIED.,.F.,.F.,(4,3,4),(-0.147542034011454,-0.0816130502756538,
0.),.UNSPECIFIED.);
#364=B_SPLINE_CURVE_WITH_KNOTS('',3,(#13446,#13447,#13448,#13449,#13450,
#13451,#13452),.UNSPECIFIED.,.F.,.F.,(4,3,4),(-0.187933070343612,-0.0803201457194434,
0.),.UNSPECIFIED.);
#365=B_SPLINE_CURVE_WITH_KNOTS('',3,(#13464,#13465,#13466,#13467,#13468,
#13469,#13470),.UNSPECIFIED.,.F.,.F.,(4,3,4),(-0.108710938529298,-0.0662607681228441,
1.38777878078145E-17),.UNSPECIFIED.);
#366=B_SPLINE_CURVE_WITH_KNOTS('',3,(#13483,#13484,#13485,#13486,#13487,
#13488,#13489),.UNSPECIFIED.,.F.,.F.,(4,3,4),(-0.0463418688206777,-0.0239689714602843,
0.),.UNSPECIFIED.);
#367=B_SPLINE_CURVE_WITH_KNOTS('',3,(#13502,#13503,#13504,#13505,#13506,
#13507,#13508),.UNSPECIFIED.,.F.,.F.,(4,3,4),(-0.0433573022322783,-0.0208168342110651,
0.),.UNSPECIFIED.);
#368=B_SPLINE_CURVE_WITH_KNOTS('',3,(#13520,#13521,#13522,#13523,#13524,
#13525,#13526),.UNSPECIFIED.,.F.,.F.,(4,3,4),(-0.119769635901305,-0.0460609656084771,
0.),.UNSPECIFIED.);
#369=B_SPLINE_CURVE_WITH_KNOTS('',3,(#13547,#13548,#13549,#13550,#13551,
#13552,#13553),.UNSPECIFIED.,.F.,.F.,(4,3,4),(-0.0813114661065988,-0.0381670169836082,
0.),.UNSPECIFIED.);
#370=B_SPLINE_CURVE_WITH_KNOTS('',3,(#13566,#13567,#13568,#13569,#13570,
#13571,#13572),.UNSPECIFIED.,.F.,.F.,(4,3,4),(-0.0687946094234029,-0.0332058136105006,
0.),.UNSPECIFIED.);
#371=B_SPLINE_CURVE_WITH_KNOTS('',3,(#13584,#13585,#13586,#13587,#13588,
#13589),.UNSPECIFIED.,.F.,.F.,(4,2,4),(-0.0751340812288089,-0.0375803672510647,
0.),.UNSPECIFIED.);
#372=B_SPLINE_CURVE_WITH_KNOTS('',3,(#13605,#13606,#13607,#13608,#13609,
#13610,#13611),.UNSPECIFIED.,.F.,.F.,(4,3,4),(-0.077557638754511,-0.0434325412167982,
1.38777878078145E-17),.UNSPECIFIED.);
#373=B_SPLINE_CURVE_WITH_KNOTS('',3,(#13624,#13625,#13626,#13627,#13628,
#13629,#13630),.UNSPECIFIED.,.F.,.F.,(4,3,4),(-0.102814803162171,-0.0418483183423634,
0.),.UNSPECIFIED.);
#374=B_SPLINE_CURVE_WITH_KNOTS('',3,(#13642,#13643,#13644,#13645,#13646,
#13647,#13648),.UNSPECIFIED.,.F.,.F.,(4,3,4),(-0.0725866896465434,-0.042704532674689,
0.),.UNSPECIFIED.);
#375=B_SPLINE_CURVE_WITH_KNOTS('',3,(#13661,#13662,#13663,#13664,#13665,
#13666,#13667),.UNSPECIFIED.,.F.,.F.,(4,3,4),(-0.113458710755736,-0.0581271445210546,
0.),.UNSPECIFIED.);
#376=B_SPLINE_CURVE_WITH_KNOTS('',3,(#13680,#13681,#13682,#13683,#13684,
#13685,#13686),.UNSPECIFIED.,.F.,.F.,(4,3,4),(-0.170468375041898,-0.0712263917828429,
0.),.UNSPECIFIED.);
#377=B_SPLINE_CURVE_WITH_KNOTS('',3,(#13699,#13700,#13701,#13702,#13703,
#13704,#13705),.UNSPECIFIED.,.F.,.F.,(4,3,4),(-0.0995538302710114,-0.0540092324958147,
0.),.UNSPECIFIED.);
#378=B_SPLINE_CURVE_WITH_KNOTS('',3,(#13718,#13719,#13720,#13721,#13722,
#13723,#13724),.UNSPECIFIED.,.F.,.F.,(4,3,4),(-0.0792295201737746,-0.0403872221610593,
0.),.UNSPECIFIED.);
#379=B_SPLINE_CURVE_WITH_KNOTS('',3,(#13737,#13738,#13739,#13740,#13741,
#13742,#13743),.UNSPECIFIED.,.F.,.F.,(4,3,4),(-0.0759019165761116,-0.0380426198018613,
0.),.UNSPECIFIED.);
#380=B_SPLINE_CURVE_WITH_KNOTS('',3,(#13756,#13757,#13758,#13759,#13760,
#13761),.UNSPECIFIED.,.F.,.F.,(4,2,4),(-0.0627230396799718,-0.031354988596289,
0.),.UNSPECIFIED.);
#381=B_SPLINE_CURVE_WITH_KNOTS('',3,(#13774,#13775,#13776,#13777,#13778,
#13779,#13780),.UNSPECIFIED.,.F.,.F.,(4,3,4),(-0.0751940695918268,-0.0351615625669684,
0.),.UNSPECIFIED.);
#382=B_SPLINE_CURVE_WITH_KNOTS('',3,(#13793,#13794,#13795,#13796,#13797,
#13798,#13799),.UNSPECIFIED.,.F.,.F.,(4,3,4),(-0.136187292732703,-0.0558006074632305,
0.),.UNSPECIFIED.);
#383=B_SPLINE_CURVE_WITH_KNOTS('',3,(#13812,#13813,#13814,#13815,#13816,
#13817,#13818),.UNSPECIFIED.,.F.,.F.,(4,3,4),(-0.0465558406870473,-0.0290985629628386,
-6.93889390390723E-18),.UNSPECIFIED.);
#384=B_SPLINE_CURVE_WITH_KNOTS('',3,(#13831,#13832,#13833,#13834,#13835,
#13836,#13837),.UNSPECIFIED.,.F.,.F.,(4,3,4),(-0.0206306469076461,-0.010943220089896,
0.),.UNSPECIFIED.);
#385=B_SPLINE_CURVE_WITH_KNOTS('',3,(#13850,#13851,#13852,#13853,#13854,
#13855,#13856),.UNSPECIFIED.,.F.,.F.,(4,3,4),(-0.0271501811592449,-0.0132716619263188,
-3.46944695195361E-18),.UNSPECIFIED.);
#386=B_SPLINE_CURVE_WITH_KNOTS('',3,(#13869,#13870,#13871,#13872,#13873,
#13874,#13875),.UNSPECIFIED.,.F.,.F.,(4,3,4),(-0.0389267840310896,-0.0173160910295856,
0.),.UNSPECIFIED.);
#387=B_SPLINE_CURVE_WITH_KNOTS('',3,(#13888,#13889,#13890,#13891,#13892,
#13893,#13894),.UNSPECIFIED.,.F.,.F.,(4,3,4),(-0.0445667803974738,-0.0241666478916969,
0.),.UNSPECIFIED.);
#388=B_SPLINE_CURVE_WITH_KNOTS('',3,(#13906,#13907,#13908,#13909,#13910,
#13911,#13912),.UNSPECIFIED.,.F.,.F.,(4,3,4),(-0.0504335579541872,-0.0228432557917521,
-6.93889390390723E-18),.UNSPECIFIED.);
#389=B_SPLINE_CURVE_WITH_KNOTS('',3,(#13978,#13979,#13980,#13981,#13982,
#13983,#13984),.UNSPECIFIED.,.F.,.F.,(4,3,4),(-0.0340462796581804,-0.0139324996447105,
0.),.UNSPECIFIED.);
#390=B_SPLINE_CURVE_WITH_KNOTS('',3,(#13997,#13998,#13999,#14000,#14001,
#14002,#14003),.UNSPECIFIED.,.F.,.F.,(4,3,4),(-0.029807649061978,-0.0180724097003857,
0.),.UNSPECIFIED.);
#391=B_SPLINE_CURVE_WITH_KNOTS('',3,(#14016,#14017,#14018,#14019,#14020,
#14021,#14022),.UNSPECIFIED.,.F.,.F.,(4,3,4),(-0.0399624623810826,-0.0169167145301463,
0.),.UNSPECIFIED.);
#392=B_SPLINE_CURVE_WITH_KNOTS('',3,(#14034,#14035,#14036,#14037,#14038,
#14039),.UNSPECIFIED.,.F.,.F.,(4,2,4),(-0.0469487001482853,-0.0232566823046021,
0.),.UNSPECIFIED.);
#393=B_SPLINE_CURVE_WITH_KNOTS('',3,(#14059,#14060,#14061,#14062,#14063,
#14064,#14065),.UNSPECIFIED.,.F.,.F.,(4,3,4),(-0.05013665074017,-0.029917910110191,
0.),.UNSPECIFIED.);
#394=B_SPLINE_CURVE_WITH_KNOTS('',3,(#14077,#14078,#14079,#14080,#14081,
#14082,#14083),.UNSPECIFIED.,.F.,.F.,(4,3,4),(-0.0366785415494752,-0.0173548706636162,
0.),.UNSPECIFIED.);
#395=B_SPLINE_CURVE_WITH_KNOTS('',3,(#14098,#14099,#14100,#14101,#14102,
#14103),.UNSPECIFIED.,.F.,.F.,(4,2,4),(-0.0654078370120622,-0.0324621531197695,
0.),.UNSPECIFIED.);
#396=B_SPLINE_CURVE_WITH_KNOTS('',3,(#14116,#14117,#14118,#14119,#14120,
#14121,#14122),.UNSPECIFIED.,.F.,.F.,(4,3,4),(-0.0659318967537,-0.0303703065743238,
0.),.UNSPECIFIED.);
#397=B_SPLINE_CURVE_WITH_KNOTS('',3,(#14135,#14136,#14137,#14138,#14139,
#14140,#14141),.UNSPECIFIED.,.F.,.F.,(4,3,4),(-0.0657682089222203,-0.0342128124860017,
0.),.UNSPECIFIED.);
#398=B_SPLINE_CURVE_WITH_KNOTS('',3,(#14154,#14155,#14156,#14157,#14158,
#14159,#14160),.UNSPECIFIED.,.F.,.F.,(4,3,4),(-0.107080807908339,-0.0433767060695625,
0.),.UNSPECIFIED.);
#399=B_SPLINE_CURVE_WITH_KNOTS('',3,(#14173,#14174,#14175,#14176,#14177,
#14178,#14179),.UNSPECIFIED.,.F.,.F.,(4,3,4),(-0.0840574339537515,-0.0482781822330471,
1.38777878078145E-17),.UNSPECIFIED.);
#400=B_SPLINE_CURVE_WITH_KNOTS('',3,(#14192,#14193,#14194,#14195,#14196,
#14197,#14198),.UNSPECIFIED.,.F.,.F.,(4,3,4),(-0.0812961808839675,-0.0402170609613493,
0.),.UNSPECIFIED.);
#401=B_SPLINE_CURVE_WITH_KNOTS('',3,(#14211,#14212,#14213,#14214,#14215,
#14216,#14217),.UNSPECIFIED.,.F.,.F.,(4,3,4),(-0.035000234110223,-0.0179419367628926,
0.),.UNSPECIFIED.);
#402=B_SPLINE_CURVE_WITH_KNOTS('',3,(#14230,#14231,#14232,#14233,#14234,
#14235,#14236),.UNSPECIFIED.,.F.,.F.,(4,3,4),(-0.0347104861214358,-0.0171625132441906,
0.),.UNSPECIFIED.);
#403=B_SPLINE_CURVE_WITH_KNOTS('',3,(#14249,#14250,#14251,#14252,#14253,
#14254,#14255),.UNSPECIFIED.,.F.,.F.,(4,3,4),(-0.033117910357336,-0.0141058602868733,
0.),.UNSPECIFIED.);
#404=B_SPLINE_CURVE_WITH_KNOTS('',3,(#14282,#14283,#14284,#14285,#14286,
#14287),.UNSPECIFIED.,.F.,.F.,(4,2,4),(-0.0553890442581307,-0.0270827909787907,
0.),.UNSPECIFIED.);
#405=B_SPLINE_CURVE_WITH_KNOTS('',3,(#14300,#14301,#14302,#14303,#14304,
#14305,#14306),.UNSPECIFIED.,.F.,.F.,(4,3,4),(-0.0378432801696056,-0.0181166387476942,
0.),.UNSPECIFIED.);
#406=B_SPLINE_CURVE_WITH_KNOTS('',3,(#14319,#14320,#14321,#14322,#14323,
#14324,#14325),.UNSPECIFIED.,.F.,.F.,(4,3,4),(-0.0216603840874226,-0.0119773270722751,
0.),.UNSPECIFIED.);
#407=B_SPLINE_CURVE_WITH_KNOTS('',3,(#14338,#14339,#14340,#14341,#14342,
#14343,#14344),.UNSPECIFIED.,.F.,.F.,(4,3,4),(-0.0265869407847069,-0.0131589469788801,
0.),.UNSPECIFIED.);
#408=B_SPLINE_CURVE_WITH_KNOTS('',3,(#14357,#14358,#14359,#14360,#14361,
#14362),.UNSPECIFIED.,.F.,.F.,(4,2,4),(-0.0446251672511467,-0.0227568894256518,
0.),.UNSPECIFIED.);
#409=B_SPLINE_CURVE_WITH_KNOTS('',3,(#14382,#14383,#14384,#14385,#14386,
#14387,#14388),.UNSPECIFIED.,.F.,.F.,(4,3,4),(-0.0812757847551813,-0.0409188486304664,
0.),.UNSPECIFIED.);
#410=B_SPLINE_CURVE_WITH_KNOTS('',3,(#14401,#14402,#14403,#14404,#14405,
#14406,#14407),.UNSPECIFIED.,.F.,.F.,(4,3,4),(-0.110445368895047,-0.0498213907276565,
0.),.UNSPECIFIED.);
#411=CYLINDRICAL_SURFACE('',#7800,0.875000000000004);
#412=CYLINDRICAL_SURFACE('',#7803,0.875000000000004);
#413=CYLINDRICAL_SURFACE('',#7807,1.1);
#414=CYLINDRICAL_SURFACE('',#7872,5.);
#415=CYLINDRICAL_SURFACE('',#7874,4.99999999999999);
#416=CYLINDRICAL_SURFACE('',#7888,4.);
#417=CYLINDRICAL_SURFACE('',#7889,4.);
#418=CYLINDRICAL_SURFACE('',#7890,4.);
#419=CYLINDRICAL_SURFACE('',#7894,4.);
#420=CYLINDRICAL_SURFACE('',#7895,4.);
#421=CYLINDRICAL_SURFACE('',#7896,1.5);
#422=CYLINDRICAL_SURFACE('',#7898,1.5);
#423=CYLINDRICAL_SURFACE('',#7942,1.5);
#424=CYLINDRICAL_SURFACE('',#7943,1.5);
#425=CYLINDRICAL_SURFACE('',#7944,1.5);
#426=CYLINDRICAL_SURFACE('',#7945,1.5);
#427=CYLINDRICAL_SURFACE('',#7949,1.5);
#428=CYLINDRICAL_SURFACE('',#7950,1.5);
#429=CYLINDRICAL_SURFACE('',#7951,1.5);
#430=CYLINDRICAL_SURFACE('',#7952,1.5);
#431=CYLINDRICAL_SURFACE('',#7953,1.5);
#432=CYLINDRICAL_SURFACE('',#7954,1.5);
#433=CYLINDRICAL_SURFACE('',#7955,1.5);
#434=CYLINDRICAL_SURFACE('',#7956,1.5);
#435=CYLINDRICAL_SURFACE('',#7957,1.5);
#436=CYLINDRICAL_SURFACE('',#7958,1.5);
#437=CYLINDRICAL_SURFACE('',#7959,4.);
#438=CYLINDRICAL_SURFACE('',#7962,4.);
#439=CYLINDRICAL_SURFACE('',#7963,4.);
#440=CYLINDRICAL_SURFACE('',#7964,4.);
#441=CYLINDRICAL_SURFACE('',#7965,4.);
#442=CYLINDRICAL_SURFACE('',#7966,4.);
#443=CYLINDRICAL_SURFACE('',#7967,4.);
#444=CYLINDRICAL_SURFACE('',#7970,4.);
#445=CYLINDRICAL_SURFACE('',#7973,4.);
#446=CYLINDRICAL_SURFACE('',#7974,4.);
#447=CYLINDRICAL_SURFACE('',#7975,4.);
#448=CYLINDRICAL_SURFACE('',#7976,4.);
#449=CYLINDRICAL_SURFACE('',#7977,4.);
#450=CYLINDRICAL_SURFACE('',#7978,4.);
#451=CYLINDRICAL_SURFACE('',#7979,4.);
#452=CYLINDRICAL_SURFACE('',#7980,4.);
#453=CYLINDRICAL_SURFACE('',#7981,4.);
#454=CYLINDRICAL_SURFACE('',#7982,4.);
#455=CYLINDRICAL_SURFACE('',#7983,4.);
#456=CYLINDRICAL_SURFACE('',#7990,2.);
#457=CYLINDRICAL_SURFACE('',#7995,2.);
#458=CYLINDRICAL_SURFACE('',#8000,2.);
#459=CYLINDRICAL_SURFACE('',#8005,11.);
#460=CYLINDRICAL_SURFACE('',#8007,11.);
#461=CYLINDRICAL_SURFACE('',#8012,1.7500092);
#462=CYLINDRICAL_SURFACE('',#8014,3.7500092);
#463=CYLINDRICAL_SURFACE('',#8016,1.7500092);
#464=CYLINDRICAL_SURFACE('',#8018,3.7500092);
#465=CYLINDRICAL_SURFACE('',#8020,1.7500092);
#466=CYLINDRICAL_SURFACE('',#8022,3.7500092);
#467=CYLINDRICAL_SURFACE('',#8024,1.7500092);
#468=CYLINDRICAL_SURFACE('',#8026,3.7500092);
#469=CYLINDRICAL_SURFACE('',#8080,4.);
#470=CYLINDRICAL_SURFACE('',#8084,4.);
#471=CYLINDRICAL_SURFACE('',#8088,4.);
#472=CYLINDRICAL_SURFACE('',#8092,4.);
#473=CYLINDRICAL_SURFACE('',#8095,2.);
#474=CYLINDRICAL_SURFACE('',#8096,2.);
#475=CYLINDRICAL_SURFACE('',#8098,2.);
#476=CYLINDRICAL_SURFACE('',#8122,0.800000000000001);
#477=CYLINDRICAL_SURFACE('',#8123,0.800000000000001);
#478=CYLINDRICAL_SURFACE('',#8124,0.800000000000001);
#479=CYLINDRICAL_SURFACE('',#8125,0.800000000000001);
#480=FACE_BOUND('',#943,.T.);
#481=FACE_BOUND('',#944,.T.);
#482=FACE_BOUND('',#946,.T.);
#483=FACE_BOUND('',#970,.T.);
#484=FACE_BOUND('',#971,.T.);
#485=FACE_BOUND('',#980,.T.);
#486=FACE_BOUND('',#981,.T.);
#487=FACE_BOUND('',#982,.T.);
#488=FACE_BOUND('',#983,.T.);
#489=FACE_BOUND('',#984,.T.);
#490=FACE_BOUND('',#989,.T.);
#491=FACE_BOUND('',#994,.T.);
#492=FACE_BOUND('',#997,.T.);
#493=FACE_BOUND('',#1001,.T.);
#494=FACE_BOUND('',#1002,.T.);
#495=FACE_BOUND('',#1003,.T.);
#496=FACE_BOUND('',#1004,.T.);
#497=FACE_BOUND('',#1008,.T.);
#498=FACE_BOUND('',#1009,.T.);
#499=FACE_BOUND('',#1013,.T.);
#500=FACE_BOUND('',#1017,.T.);
#501=FACE_BOUND('',#1025,.T.);
#502=FACE_BOUND('',#1026,.T.);
#503=FACE_BOUND('',#1027,.T.);
#504=FACE_BOUND('',#1225,.T.);
#505=FACE_BOUND('',#1227,.T.);
#506=FACE_BOUND('',#1229,.T.);
#507=FACE_BOUND('',#1231,.T.);
#508=FACE_BOUND('',#1237,.T.);
#509=FACE_BOUND('',#1238,.T.);
#510=FACE_BOUND('',#1239,.T.);
#511=FACE_BOUND('',#1240,.T.);
#512=FACE_BOUND('',#1241,.T.);
#513=FACE_BOUND('',#1242,.T.);
#514=FACE_BOUND('',#1243,.T.);
#515=FACE_BOUND('',#1244,.T.);
#516=FACE_BOUND('',#1245,.T.);
#517=FACE_BOUND('',#1246,.T.);
#518=FACE_BOUND('',#1258,.T.);
#519=FACE_BOUND('',#1269,.T.);
#520=FACE_BOUND('',#1291,.T.);
#521=FACE_BOUND('',#1311,.T.);
#522=FACE_BOUND('',#1312,.T.);
#523=FACE_BOUND('',#1346,.T.);
#524=FACE_BOUND('',#1349,.T.);
#525=FACE_BOUND('',#1356,.T.);
#526=FACE_BOUND('',#1357,.T.);
#527=FACE_BOUND('',#1358,.T.);
#528=FACE_BOUND('',#1359,.T.);
#529=FACE_BOUND('',#1363,.T.);
#530=FACE_BOUND('',#1364,.T.);
#531=FACE_BOUND('',#1374,.T.);
#532=FACE_BOUND('',#1375,.T.);
#533=FACE_BOUND('',#1377,.T.);
#534=FACE_BOUND('',#1378,.T.);
#535=FACE_BOUND('',#1380,.T.);
#536=FACE_BOUND('',#1388,.T.);
#537=FACE_BOUND('',#1389,.T.);
#538=FACE_BOUND('',#1391,.T.);
#539=FACE_BOUND('',#1397,.T.);
#540=FACE_OUTER_BOUND('',#942,.T.);
#541=FACE_OUTER_BOUND('',#945,.T.);
#542=FACE_OUTER_BOUND('',#947,.T.);
#543=FACE_OUTER_BOUND('',#948,.T.);
#544=FACE_OUTER_BOUND('',#949,.T.);
#545=FACE_OUTER_BOUND('',#950,.T.);
#546=FACE_OUTER_BOUND('',#951,.T.);
#547=FACE_OUTER_BOUND('',#952,.T.);
#548=FACE_OUTER_BOUND('',#953,.T.);
#549=FACE_OUTER_BOUND('',#954,.T.);
#550=FACE_OUTER_BOUND('',#955,.T.);
#551=FACE_OUTER_BOUND('',#956,.T.);
#552=FACE_OUTER_BOUND('',#957,.T.);
#553=FACE_OUTER_BOUND('',#958,.T.);
#554=FACE_OUTER_BOUND('',#959,.T.);
#555=FACE_OUTER_BOUND('',#960,.T.);
#556=FACE_OUTER_BOUND('',#961,.T.);
#557=FACE_OUTER_BOUND('',#962,.T.);
#558=FACE_OUTER_BOUND('',#963,.T.);
#559=FACE_OUTER_BOUND('',#964,.T.);
#560=FACE_OUTER_BOUND('',#965,.T.);
#561=FACE_OUTER_BOUND('',#966,.T.);
#562=FACE_OUTER_BOUND('',#967,.T.);
#563=FACE_OUTER_BOUND('',#968,.T.);
#564=FACE_OUTER_BOUND('',#969,.T.);
#565=FACE_OUTER_BOUND('',#972,.T.);
#566=FACE_OUTER_BOUND('',#973,.T.);
#567=FACE_OUTER_BOUND('',#974,.T.);
#568=FACE_OUTER_BOUND('',#975,.T.);
#569=FACE_OUTER_BOUND('',#976,.T.);
#570=FACE_OUTER_BOUND('',#977,.T.);
#571=FACE_OUTER_BOUND('',#978,.T.);
#572=FACE_OUTER_BOUND('',#979,.T.);
#573=FACE_OUTER_BOUND('',#985,.T.);
#574=FACE_OUTER_BOUND('',#986,.T.);
#575=FACE_OUTER_BOUND('',#987,.T.);
#576=FACE_OUTER_BOUND('',#988,.T.);
#577=FACE_OUTER_BOUND('',#990,.T.);
#578=FACE_OUTER_BOUND('',#991,.T.);
#579=FACE_OUTER_BOUND('',#992,.T.);
#580=FACE_OUTER_BOUND('',#993,.T.);
#581=FACE_OUTER_BOUND('',#995,.T.);
#582=FACE_OUTER_BOUND('',#996,.T.);
#583=FACE_OUTER_BOUND('',#998,.T.);
#584=FACE_OUTER_BOUND('',#999,.T.);
#585=FACE_OUTER_BOUND('',#1000,.T.);
#586=FACE_OUTER_BOUND('',#1005,.T.);
#587=FACE_OUTER_BOUND('',#1006,.T.);
#588=FACE_OUTER_BOUND('',#1007,.T.);
#589=FACE_OUTER_BOUND('',#1010,.T.);
#590=FACE_OUTER_BOUND('',#1011,.T.);
#591=FACE_OUTER_BOUND('',#1012,.T.);
#592=FACE_OUTER_BOUND('',#1014,.T.);
#593=FACE_OUTER_BOUND('',#1015,.T.);
#594=FACE_OUTER_BOUND('',#1016,.T.);
#595=FACE_OUTER_BOUND('',#1018,.T.);
#596=FACE_OUTER_BOUND('',#1019,.T.);
#597=FACE_OUTER_BOUND('',#1020,.T.);
#598=FACE_OUTER_BOUND('',#1021,.T.);
#599=FACE_OUTER_BOUND('',#1022,.T.);
#600=FACE_OUTER_BOUND('',#1023,.T.);
#601=FACE_OUTER_BOUND('',#1024,.T.);
#602=FACE_OUTER_BOUND('',#1028,.T.);
#603=FACE_OUTER_BOUND('',#1029,.T.);
#604=FACE_OUTER_BOUND('',#1030,.T.);
#605=FACE_OUTER_BOUND('',#1031,.T.);
#606=FACE_OUTER_BOUND('',#1032,.T.);
#607=FACE_OUTER_BOUND('',#1033,.T.);
#608=FACE_OUTER_BOUND('',#1034,.T.);
#609=FACE_OUTER_BOUND('',#1035,.T.);
#610=FACE_OUTER_BOUND('',#1036,.T.);
#611=FACE_OUTER_BOUND('',#1037,.T.);
#612=FACE_OUTER_BOUND('',#1038,.T.);
#613=FACE_OUTER_BOUND('',#1039,.T.);
#614=FACE_OUTER_BOUND('',#1040,.T.);
#615=FACE_OUTER_BOUND('',#1041,.T.);
#616=FACE_OUTER_BOUND('',#1042,.T.);
#617=FACE_OUTER_BOUND('',#1043,.T.);
#618=FACE_OUTER_BOUND('',#1044,.T.);
#619=FACE_OUTER_BOUND('',#1045,.T.);
#620=FACE_OUTER_BOUND('',#1046,.T.);
#621=FACE_OUTER_BOUND('',#1047,.T.);
#622=FACE_OUTER_BOUND('',#1048,.T.);
#623=FACE_OUTER_BOUND('',#1049,.T.);
#624=FACE_OUTER_BOUND('',#1050,.T.);
#625=FACE_OUTER_BOUND('',#1051,.T.);
#626=FACE_OUTER_BOUND('',#1052,.T.);
#627=FACE_OUTER_BOUND('',#1053,.T.);
#628=FACE_OUTER_BOUND('',#1054,.T.);
#629=FACE_OUTER_BOUND('',#1055,.T.);
#630=FACE_OUTER_BOUND('',#1056,.T.);
#631=FACE_OUTER_BOUND('',#1057,.T.);
#632=FACE_OUTER_BOUND('',#1058,.T.);
#633=FACE_OUTER_BOUND('',#1059,.T.);
#634=FACE_OUTER_BOUND('',#1060,.T.);
#635=FACE_OUTER_BOUND('',#1061,.T.);
#636=FACE_OUTER_BOUND('',#1062,.T.);
#637=FACE_OUTER_BOUND('',#1063,.T.);
#638=FACE_OUTER_BOUND('',#1064,.T.);
#639=FACE_OUTER_BOUND('',#1065,.T.);
#640=FACE_OUTER_BOUND('',#1066,.T.);
#641=FACE_OUTER_BOUND('',#1067,.T.);
#642=FACE_OUTER_BOUND('',#1068,.T.);
#643=FACE_OUTER_BOUND('',#1069,.T.);
#644=FACE_OUTER_BOUND('',#1070,.T.);
#645=FACE_OUTER_BOUND('',#1071,.T.);
#646=FACE_OUTER_BOUND('',#1072,.T.);
#647=FACE_OUTER_BOUND('',#1073,.T.);
#648=FACE_OUTER_BOUND('',#1074,.T.);
#649=FACE_OUTER_BOUND('',#1075,.T.);
#650=FACE_OUTER_BOUND('',#1076,.T.);
#651=FACE_OUTER_BOUND('',#1077,.T.);
#652=FACE_OUTER_BOUND('',#1078,.T.);
#653=FACE_OUTER_BOUND('',#1079,.T.);
#654=FACE_OUTER_BOUND('',#1080,.T.);
#655=FACE_OUTER_BOUND('',#1081,.T.);
#656=FACE_OUTER_BOUND('',#1082,.T.);
#657=FACE_OUTER_BOUND('',#1083,.T.);
#658=FACE_OUTER_BOUND('',#1084,.T.);
#659=FACE_OUTER_BOUND('',#1085,.T.);
#660=FACE_OUTER_BOUND('',#1086,.T.);
#661=FACE_OUTER_BOUND('',#1087,.T.);
#662=FACE_OUTER_BOUND('',#1088,.T.);
#663=FACE_OUTER_BOUND('',#1089,.T.);
#664=FACE_OUTER_BOUND('',#1090,.T.);
#665=FACE_OUTER_BOUND('',#1091,.T.);
#666=FACE_OUTER_BOUND('',#1092,.T.);
#667=FACE_OUTER_BOUND('',#1093,.T.);
#668=FACE_OUTER_BOUND('',#1094,.T.);
#669=FACE_OUTER_BOUND('',#1095,.T.);
#670=FACE_OUTER_BOUND('',#1096,.T.);
#671=FACE_OUTER_BOUND('',#1097,.T.);
#672=FACE_OUTER_BOUND('',#1098,.T.);
#673=FACE_OUTER_BOUND('',#1099,.T.);
#674=FACE_OUTER_BOUND('',#1100,.T.);
#675=FACE_OUTER_BOUND('',#1101,.T.);
#676=FACE_OUTER_BOUND('',#1102,.T.);
#677=FACE_OUTER_BOUND('',#1103,.T.);
#678=FACE_OUTER_BOUND('',#1104,.T.);
#679=FACE_OUTER_BOUND('',#1105,.T.);
#680=FACE_OUTER_BOUND('',#1106,.T.);
#681=FACE_OUTER_BOUND('',#1107,.T.);
#682=FACE_OUTER_BOUND('',#1108,.T.);
#683=FACE_OUTER_BOUND('',#1109,.T.);
#684=FACE_OUTER_BOUND('',#1110,.T.);
#685=FACE_OUTER_BOUND('',#1111,.T.);
#686=FACE_OUTER_BOUND('',#1112,.T.);
#687=FACE_OUTER_BOUND('',#1113,.T.);
#688=FACE_OUTER_BOUND('',#1114,.T.);
#689=FACE_OUTER_BOUND('',#1115,.T.);
#690=FACE_OUTER_BOUND('',#1116,.T.);
#691=FACE_OUTER_BOUND('',#1117,.T.);
#692=FACE_OUTER_BOUND('',#1118,.T.);
#693=FACE_OUTER_BOUND('',#1119,.T.);
#694=FACE_OUTER_BOUND('',#1120,.T.);
#695=FACE_OUTER_BOUND('',#1121,.T.);
#696=FACE_OUTER_BOUND('',#1122,.T.);
#697=FACE_OUTER_BOUND('',#1123,.T.);
#698=FACE_OUTER_BOUND('',#1124,.T.);
#699=FACE_OUTER_BOUND('',#1125,.T.);
#700=FACE_OUTER_BOUND('',#1126,.T.);
#701=FACE_OUTER_BOUND('',#1127,.T.);
#702=FACE_OUTER_BOUND('',#1128,.T.);
#703=FACE_OUTER_BOUND('',#1129,.T.);
#704=FACE_OUTER_BOUND('',#1130,.T.);
#705=FACE_OUTER_BOUND('',#1131,.T.);
#706=FACE_OUTER_BOUND('',#1132,.T.);
#707=FACE_OUTER_BOUND('',#1133,.T.);
#708=FACE_OUTER_BOUND('',#1134,.T.);
#709=FACE_OUTER_BOUND('',#1135,.T.);
#710=FACE_OUTER_BOUND('',#1136,.T.);
#711=FACE_OUTER_BOUND('',#1137,.T.);
#712=FACE_OUTER_BOUND('',#1138,.T.);
#713=FACE_OUTER_BOUND('',#1139,.T.);
#714=FACE_OUTER_BOUND('',#1140,.T.);
#715=FACE_OUTER_BOUND('',#1141,.T.);
#716=FACE_OUTER_BOUND('',#1142,.T.);
#717=FACE_OUTER_BOUND('',#1143,.T.);
#718=FACE_OUTER_BOUND('',#1144,.T.);
#719=FACE_OUTER_BOUND('',#1145,.T.);
#720=FACE_OUTER_BOUND('',#1146,.T.);
#721=FACE_OUTER_BOUND('',#1147,.T.);
#722=FACE_OUTER_BOUND('',#1148,.T.);
#723=FACE_OUTER_BOUND('',#1149,.T.);
#724=FACE_OUTER_BOUND('',#1150,.T.);
#725=FACE_OUTER_BOUND('',#1151,.T.);
#726=FACE_OUTER_BOUND('',#1152,.T.);
#727=FACE_OUTER_BOUND('',#1153,.T.);
#728=FACE_OUTER_BOUND('',#1154,.T.);
#729=FACE_OUTER_BOUND('',#1155,.T.);
#730=FACE_OUTER_BOUND('',#1156,.T.);
#731=FACE_OUTER_BOUND('',#1157,.T.);
#732=FACE_OUTER_BOUND('',#1158,.T.);
#733=FACE_OUTER_BOUND('',#1159,.T.);
#734=FACE_OUTER_BOUND('',#1160,.T.);
#735=FACE_OUTER_BOUND('',#1161,.T.);
#736=FACE_OUTER_BOUND('',#1162,.T.);
#737=FACE_OUTER_BOUND('',#1163,.T.);
#738=FACE_OUTER_BOUND('',#1164,.T.);
#739=FACE_OUTER_BOUND('',#1165,.T.);
#740=FACE_OUTER_BOUND('',#1166,.T.);
#741=FACE_OUTER_BOUND('',#1167,.T.);
#742=FACE_OUTER_BOUND('',#1168,.T.);
#743=FACE_OUTER_BOUND('',#1169,.T.);
#744=FACE_OUTER_BOUND('',#1170,.T.);
#745=FACE_OUTER_BOUND('',#1171,.T.);
#746=FACE_OUTER_BOUND('',#1172,.T.);
#747=FACE_OUTER_BOUND('',#1173,.T.);
#748=FACE_OUTER_BOUND('',#1174,.T.);
#749=FACE_OUTER_BOUND('',#1175,.T.);
#750=FACE_OUTER_BOUND('',#1176,.T.);
#751=FACE_OUTER_BOUND('',#1177,.T.);
#752=FACE_OUTER_BOUND('',#1178,.T.);
#753=FACE_OUTER_BOUND('',#1179,.T.);
#754=FACE_OUTER_BOUND('',#1180,.T.);
#755=FACE_OUTER_BOUND('',#1181,.T.);
#756=FACE_OUTER_BOUND('',#1182,.T.);
#757=FACE_OUTER_BOUND('',#1183,.T.);
#758=FACE_OUTER_BOUND('',#1184,.T.);
#759=FACE_OUTER_BOUND('',#1185,.T.);
#760=FACE_OUTER_BOUND('',#1186,.T.);
#761=FACE_OUTER_BOUND('',#1187,.T.);
#762=FACE_OUTER_BOUND('',#1188,.T.);
#763=FACE_OUTER_BOUND('',#1189,.T.);
#764=FACE_OUTER_BOUND('',#1190,.T.);
#765=FACE_OUTER_BOUND('',#1191,.T.);
#766=FACE_OUTER_BOUND('',#1192,.T.);
#767=FACE_OUTER_BOUND('',#1193,.T.);
#768=FACE_OUTER_BOUND('',#1194,.T.);
#769=FACE_OUTER_BOUND('',#1195,.T.);
#770=FACE_OUTER_BOUND('',#1196,.T.);
#771=FACE_OUTER_BOUND('',#1197,.T.);
#772=FACE_OUTER_BOUND('',#1198,.T.);
#773=FACE_OUTER_BOUND('',#1199,.T.);
#774=FACE_OUTER_BOUND('',#1200,.T.);
#775=FACE_OUTER_BOUND('',#1201,.T.);
#776=FACE_OUTER_BOUND('',#1202,.T.);
#777=FACE_OUTER_BOUND('',#1203,.T.);
#778=FACE_OUTER_BOUND('',#1204,.T.);
#779=FACE_OUTER_BOUND('',#1205,.T.);
#780=FACE_OUTER_BOUND('',#1206,.T.);
#781=FACE_OUTER_BOUND('',#1207,.T.);
#782=FACE_OUTER_BOUND('',#1208,.T.);
#783=FACE_OUTER_BOUND('',#1209,.T.);
#784=FACE_OUTER_BOUND('',#1210,.T.);
#785=FACE_OUTER_BOUND('',#1211,.T.);
#786=FACE_OUTER_BOUND('',#1212,.T.);
#787=FACE_OUTER_BOUND('',#1213,.T.);
#788=FACE_OUTER_BOUND('',#1214,.T.);
#789=FACE_OUTER_BOUND('',#1215,.T.);
#790=FACE_OUTER_BOUND('',#1216,.T.);
#791=FACE_OUTER_BOUND('',#1217,.T.);
#792=FACE_OUTER_BOUND('',#1218,.T.);
#793=FACE_OUTER_BOUND('',#1219,.T.);
#794=FACE_OUTER_BOUND('',#1220,.T.);
#795=FACE_OUTER_BOUND('',#1221,.T.);
#796=FACE_OUTER_BOUND('',#1222,.T.);
#797=FACE_OUTER_BOUND('',#1223,.T.);
#798=FACE_OUTER_BOUND('',#1224,.T.);
#799=FACE_OUTER_BOUND('',#1226,.T.);
#800=FACE_OUTER_BOUND('',#1228,.T.);
#801=FACE_OUTER_BOUND('',#1230,.T.);
#802=FACE_OUTER_BOUND('',#1232,.T.);
#803=FACE_OUTER_BOUND('',#1233,.T.);
#804=FACE_OUTER_BOUND('',#1234,.T.);
#805=FACE_OUTER_BOUND('',#1235,.T.);
#806=FACE_OUTER_BOUND('',#1236,.T.);
#807=FACE_OUTER_BOUND('',#1247,.T.);
#808=FACE_OUTER_BOUND('',#1248,.T.);
#809=FACE_OUTER_BOUND('',#1249,.T.);
#810=FACE_OUTER_BOUND('',#1250,.T.);
#811=FACE_OUTER_BOUND('',#1251,.T.);
#812=FACE_OUTER_BOUND('',#1252,.T.);
#813=FACE_OUTER_BOUND('',#1253,.T.);
#814=FACE_OUTER_BOUND('',#1254,.T.);
#815=FACE_OUTER_BOUND('',#1255,.T.);
#816=FACE_OUTER_BOUND('',#1256,.T.);
#817=FACE_OUTER_BOUND('',#1257,.T.);
#818=FACE_OUTER_BOUND('',#1259,.T.);
#819=FACE_OUTER_BOUND('',#1260,.T.);
#820=FACE_OUTER_BOUND('',#1261,.T.);
#821=FACE_OUTER_BOUND('',#1262,.T.);
#822=FACE_OUTER_BOUND('',#1263,.T.);
#823=FACE_OUTER_BOUND('',#1264,.T.);
#824=FACE_OUTER_BOUND('',#1265,.T.);
#825=FACE_OUTER_BOUND('',#1266,.T.);
#826=FACE_OUTER_BOUND('',#1267,.T.);
#827=FACE_OUTER_BOUND('',#1268,.T.);
#828=FACE_OUTER_BOUND('',#1270,.T.);
#829=FACE_OUTER_BOUND('',#1271,.T.);
#830=FACE_OUTER_BOUND('',#1272,.T.);
#831=FACE_OUTER_BOUND('',#1273,.T.);
#832=FACE_OUTER_BOUND('',#1274,.T.);
#833=FACE_OUTER_BOUND('',#1275,.T.);
#834=FACE_OUTER_BOUND('',#1276,.T.);
#835=FACE_OUTER_BOUND('',#1277,.T.);
#836=FACE_OUTER_BOUND('',#1278,.T.);
#837=FACE_OUTER_BOUND('',#1279,.T.);
#838=FACE_OUTER_BOUND('',#1280,.T.);
#839=FACE_OUTER_BOUND('',#1281,.T.);
#840=FACE_OUTER_BOUND('',#1282,.T.);
#841=FACE_OUTER_BOUND('',#1283,.T.);
#842=FACE_OUTER_BOUND('',#1284,.T.);
#843=FACE_OUTER_BOUND('',#1285,.T.);
#844=FACE_OUTER_BOUND('',#1286,.T.);
#845=FACE_OUTER_BOUND('',#1287,.T.);
#846=FACE_OUTER_BOUND('',#1288,.T.);
#847=FACE_OUTER_BOUND('',#1289,.T.);
#848=FACE_OUTER_BOUND('',#1290,.T.);
#849=FACE_OUTER_BOUND('',#1292,.T.);
#850=FACE_OUTER_BOUND('',#1293,.T.);
#851=FACE_OUTER_BOUND('',#1294,.T.);
#852=FACE_OUTER_BOUND('',#1295,.T.);
#853=FACE_OUTER_BOUND('',#1296,.T.);
#854=FACE_OUTER_BOUND('',#1297,.T.);
#855=FACE_OUTER_BOUND('',#1298,.T.);
#856=FACE_OUTER_BOUND('',#1299,.T.);
#857=FACE_OUTER_BOUND('',#1300,.T.);
#858=FACE_OUTER_BOUND('',#1301,.T.);
#859=FACE_OUTER_BOUND('',#1302,.T.);
#860=FACE_OUTER_BOUND('',#1303,.T.);
#861=FACE_OUTER_BOUND('',#1304,.T.);
#862=FACE_OUTER_BOUND('',#1305,.T.);
#863=FACE_OUTER_BOUND('',#1306,.T.);
#864=FACE_OUTER_BOUND('',#1307,.T.);
#865=FACE_OUTER_BOUND('',#1308,.T.);
#866=FACE_OUTER_BOUND('',#1309,.T.);
#867=FACE_OUTER_BOUND('',#1310,.T.);
#868=FACE_OUTER_BOUND('',#1313,.T.);
#869=FACE_OUTER_BOUND('',#1314,.T.);
#870=FACE_OUTER_BOUND('',#1315,.T.);
#871=FACE_OUTER_BOUND('',#1316,.T.);
#872=FACE_OUTER_BOUND('',#1317,.T.);
#873=FACE_OUTER_BOUND('',#1318,.T.);
#874=FACE_OUTER_BOUND('',#1319,.T.);
#875=FACE_OUTER_BOUND('',#1320,.T.);
#876=FACE_OUTER_BOUND('',#1321,.T.);
#877=FACE_OUTER_BOUND('',#1322,.T.);
#878=FACE_OUTER_BOUND('',#1323,.T.);
#879=FACE_OUTER_BOUND('',#1324,.T.);
#880=FACE_OUTER_BOUND('',#1325,.T.);
#881=FACE_OUTER_BOUND('',#1326,.T.);
#882=FACE_OUTER_BOUND('',#1327,.T.);
#883=FACE_OUTER_BOUND('',#1328,.T.);
#884=FACE_OUTER_BOUND('',#1329,.T.);
#885=FACE_OUTER_BOUND('',#1330,.T.);
#886=FACE_OUTER_BOUND('',#1331,.T.);
#887=FACE_OUTER_BOUND('',#1332,.T.);
#888=FACE_OUTER_BOUND('',#1333,.T.);
#889=FACE_OUTER_BOUND('',#1334,.T.);
#890=FACE_OUTER_BOUND('',#1335,.T.);
#891=FACE_OUTER_BOUND('',#1336,.T.);
#892=FACE_OUTER_BOUND('',#1337,.T.);
#893=FACE_OUTER_BOUND('',#1338,.T.);
#894=FACE_OUTER_BOUND('',#1339,.T.);
#895=FACE_OUTER_BOUND('',#1340,.T.);
#896=FACE_OUTER_BOUND('',#1341,.T.);
#897=FACE_OUTER_BOUND('',#1342,.T.);
#898=FACE_OUTER_BOUND('',#1343,.T.);
#899=FACE_OUTER_BOUND('',#1344,.T.);
#900=FACE_OUTER_BOUND('',#1345,.T.);
#901=FACE_OUTER_BOUND('',#1347,.T.);
#902=FACE_OUTER_BOUND('',#1348,.T.);
#903=FACE_OUTER_BOUND('',#1350,.T.);
#904=FACE_OUTER_BOUND('',#1351,.T.);
#905=FACE_OUTER_BOUND('',#1352,.T.);
#906=FACE_OUTER_BOUND('',#1353,.T.);
#907=FACE_OUTER_BOUND('',#1354,.T.);
#908=FACE_OUTER_BOUND('',#1355,.T.);
#909=FACE_OUTER_BOUND('',#1360,.T.);
#910=FACE_OUTER_BOUND('',#1361,.T.);
#911=FACE_OUTER_BOUND('',#1362,.T.);
#912=FACE_OUTER_BOUND('',#1365,.T.);
#913=FACE_OUTER_BOUND('',#1366,.T.);
#914=FACE_OUTER_BOUND('',#1367,.T.);
#915=FACE_OUTER_BOUND('',#1368,.T.);
#916=FACE_OUTER_BOUND('',#1369,.T.);
#917=FACE_OUTER_BOUND('',#1370,.T.);
#918=FACE_OUTER_BOUND('',#1371,.T.);
#919=FACE_OUTER_BOUND('',#1372,.T.);
#920=FACE_OUTER_BOUND('',#1373,.T.);
#921=FACE_OUTER_BOUND('',#1376,.T.);
#922=FACE_OUTER_BOUND('',#1379,.T.);
#923=FACE_OUTER_BOUND('',#1381,.T.);
#924=FACE_OUTER_BOUND('',#1382,.T.);
#925=FACE_OUTER_BOUND('',#1383,.T.);
#926=FACE_OUTER_BOUND('',#1384,.T.);
#927=FACE_OUTER_BOUND('',#1385,.T.);
#928=FACE_OUTER_BOUND('',#1386,.T.);
#929=FACE_OUTER_BOUND('',#1387,.T.);
#930=FACE_OUTER_BOUND('',#1390,.T.);
#931=FACE_OUTER_BOUND('',#1392,.T.);
#932=FACE_OUTER_BOUND('',#1393,.T.);
#933=FACE_OUTER_BOUND('',#1394,.T.);
#934=FACE_OUTER_BOUND('',#1395,.T.);
#935=FACE_OUTER_BOUND('',#1396,.T.);
#936=FACE_OUTER_BOUND('',#1398,.T.);
#937=FACE_OUTER_BOUND('',#1399,.T.);
#938=FACE_OUTER_BOUND('',#1400,.T.);
#939=FACE_OUTER_BOUND('',#1401,.T.);
#940=FACE_OUTER_BOUND('',#1402,.T.);
#941=FACE_OUTER_BOUND('',#1403,.T.);
#942=EDGE_LOOP('',(#4849,#4850,#4851,#4852,#4853,#4854));
#943=EDGE_LOOP('',(#4855));
#944=EDGE_LOOP('',(#4856));
#945=EDGE_LOOP('',(#4857,#4858,#4859,#4860,#4861,#4862,#4863,#4864,#4865,
#4866,#4867,#4868));
#946=EDGE_LOOP('',(#4869,#4870,#4871,#4872,#4873,#4874,#4875,#4876,#4877,
#4878,#4879,#4880,#4881,#4882,#4883,#4884,#4885,#4886,#4887,#4888,#4889,
#4890,#4891,#4892,#4893,#4894,#4895,#4896));
#947=EDGE_LOOP('',(#4897,#4898,#4899,#4900));
#948=EDGE_LOOP('',(#4901,#4902,#4903,#4904));
#949=EDGE_LOOP('',(#4905,#4906,#4907,#4908));
#950=EDGE_LOOP('',(#4909,#4910,#4911,#4912));
#951=EDGE_LOOP('',(#4913,#4914,#4915,#4916));
#952=EDGE_LOOP('',(#4917,#4918,#4919,#4920));
#953=EDGE_LOOP('',(#4921,#4922,#4923,#4924));
#954=EDGE_LOOP('',(#4925,#4926,#4927,#4928));
#955=EDGE_LOOP('',(#4929,#4930,#4931,#4932));
#956=EDGE_LOOP('',(#4933,#4934,#4935,#4936,#4937,#4938,#4939));
#957=EDGE_LOOP('',(#4940,#4941,#4942,#4943,#4944,#4945,#4946));
#958=EDGE_LOOP('',(#4947,#4948,#4949,#4950,#4951,#4952,#4953));
#959=EDGE_LOOP('',(#4954,#4955,#4956,#4957,#4958,#4959,#4960));
#960=EDGE_LOOP('',(#4961,#4962,#4963,#4964,#4965,#4966,#4967));
#961=EDGE_LOOP('',(#4968,#4969,#4970,#4971,#4972,#4973,#4974));
#962=EDGE_LOOP('',(#4975,#4976,#4977,#4978,#4979,#4980,#4981));
#963=EDGE_LOOP('',(#4982,#4983,#4984,#4985,#4986,#4987,#4988));
#964=EDGE_LOOP('',(#4989,#4990,#4991,#4992,#4993,#4994,#4995));
#965=EDGE_LOOP('',(#4996,#4997,#4998,#4999,#5000,#5001,#5002));
#966=EDGE_LOOP('',(#5003,#5004,#5005,#5006,#5007,#5008,#5009));
#967=EDGE_LOOP('',(#5010,#5011,#5012,#5013,#5014,#5015,#5016));
#968=EDGE_LOOP('',(#5017,#5018,#5019,#5020,#5021,#5022,#5023));
#969=EDGE_LOOP('',(#5024,#5025,#5026,#5027,#5028,#5029,#5030,#5031,#5032,
#5033,#5034,#5035,#5036,#5037,#5038,#5039,#5040,#5041,#5042,#5043,#5044,
#5045,#5046,#5047,#5048,#5049,#5050,#5051,#5052,#5053,#5054,#5055,#5056,
#5057,#5058,#5059,#5060,#5061,#5062,#5063,#5064,#5065,#5066,#5067,#5068,
#5069,#5070,#5071));
#970=EDGE_LOOP('',(#5072,#5073,#5074,#5075));
#971=EDGE_LOOP('',(#5076,#5077,#5078,#5079));
#972=EDGE_LOOP('',(#5080,#5081,#5082,#5083,#5084,#5085,#5086));
#973=EDGE_LOOP('',(#5087));
#974=EDGE_LOOP('',(#5088));
#975=EDGE_LOOP('',(#5089));
#976=EDGE_LOOP('',(#5090));
#977=EDGE_LOOP('',(#5091,#5092,#5093,#5094));
#978=EDGE_LOOP('',(#5095,#5096,#5097,#5098));
#979=EDGE_LOOP('',(#5099,#5100,#5101,#5102,#5103,#5104,#5105));
#980=EDGE_LOOP('',(#5106));
#981=EDGE_LOOP('',(#5107));
#982=EDGE_LOOP('',(#5108,#5109,#5110,#5111));
#983=EDGE_LOOP('',(#5112,#5113,#5114,#5115));
#984=EDGE_LOOP('',(#5116,#5117,#5118,#5119));
#985=EDGE_LOOP('',(#5120,#5121,#5122,#5123));
#986=EDGE_LOOP('',(#5124,#5125,#5126,#5127));
#987=EDGE_LOOP('',(#5128,#5129,#5130,#5131));
#988=EDGE_LOOP('',(#5132,#5133,#5134,#5135));
#989=EDGE_LOOP('',(#5136));
#990=EDGE_LOOP('',(#5137,#5138,#5139,#5140));
#991=EDGE_LOOP('',(#5141,#5142,#5143,#5144));
#992=EDGE_LOOP('',(#5145,#5146,#5147,#5148));
#993=EDGE_LOOP('',(#5149,#5150,#5151,#5152));
#994=EDGE_LOOP('',(#5153));
#995=EDGE_LOOP('',(#5154,#5155,#5156,#5157));
#996=EDGE_LOOP('',(#5158,#5159,#5160,#5161));
#997=EDGE_LOOP('',(#5162));
#998=EDGE_LOOP('',(#5163,#5164,#5165,#5166));
#999=EDGE_LOOP('',(#5167,#5168,#5169,#5170));
#1000=EDGE_LOOP('',(#5171,#5172,#5173,#5174));
#1001=EDGE_LOOP('',(#5175));
#1002=EDGE_LOOP('',(#5176));
#1003=EDGE_LOOP('',(#5177));
#1004=EDGE_LOOP('',(#5178));
#1005=EDGE_LOOP('',(#5179,#5180,#5181,#5182,#5183,#5184));
#1006=EDGE_LOOP('',(#5185,#5186,#5187,#5188));
#1007=EDGE_LOOP('',(#5189,#5190,#5191,#5192));
#1008=EDGE_LOOP('',(#5193,#5194,#5195,#5196));
#1009=EDGE_LOOP('',(#5197,#5198,#5199,#5200));
#1010=EDGE_LOOP('',(#5201));
#1011=EDGE_LOOP('',(#5202,#5203,#5204,#5205));
#1012=EDGE_LOOP('',(#5206,#5207,#5208,#5209));
#1013=EDGE_LOOP('',(#5210,#5211,#5212,#5213));
#1014=EDGE_LOOP('',(#5214,#5215,#5216,#5217));
#1015=EDGE_LOOP('',(#5218,#5219,#5220,#5221));
#1016=EDGE_LOOP('',(#5222,#5223,#5224,#5225));
#1017=EDGE_LOOP('',(#5226,#5227,#5228,#5229));
#1018=EDGE_LOOP('',(#5230,#5231,#5232,#5233));
#1019=EDGE_LOOP('',(#5234,#5235,#5236,#5237));
#1020=EDGE_LOOP('',(#5238,#5239,#5240,#5241,#5242,#5243,#5244,#5245));
#1021=EDGE_LOOP('',(#5246,#5247,#5248,#5249));
#1022=EDGE_LOOP('',(#5250,#5251,#5252,#5253));
#1023=EDGE_LOOP('',(#5254,#5255,#5256,#5257,#5258,#5259,#5260,#5261));
#1024=EDGE_LOOP('',(#5262,#5263,#5264,#5265));
#1025=EDGE_LOOP('',(#5266,#5267,#5268,#5269));
#1026=EDGE_LOOP('',(#5270,#5271,#5272,#5273));
#1027=EDGE_LOOP('',(#5274,#5275,#5276,#5277));
#1028=EDGE_LOOP('',(#5278,#5279,#5280,#5281));
#1029=EDGE_LOOP('',(#5282,#5283,#5284,#5285));
#1030=EDGE_LOOP('',(#5286,#5287,#5288,#5289));
#1031=EDGE_LOOP('',(#5290,#5291,#5292,#5293));
#1032=EDGE_LOOP('',(#5294,#5295,#5296,#5297));
#1033=EDGE_LOOP('',(#5298,#5299,#5300,#5301,#5302,#5303,#5304,#5305,#5306,
#5307,#5308,#5309,#5310,#5311,#5312,#5313,#5314,#5315,#5316,#5317,#5318,
#5319,#5320,#5321,#5322,#5323,#5324,#5325,#5326,#5327,#5328,#5329,#5330,
#5331,#5332,#5333,#5334,#5335,#5336,#5337));
#1034=EDGE_LOOP('',(#5338,#5339,#5340,#5341,#5342,#5343,#5344));
#1035=EDGE_LOOP('',(#5345,#5346,#5347,#5348));
#1036=EDGE_LOOP('',(#5349,#5350,#5351,#5352,#5353,#5354,#5355));
#1037=EDGE_LOOP('',(#5356,#5357,#5358,#5359));
#1038=EDGE_LOOP('',(#5360,#5361,#5362,#5363));
#1039=EDGE_LOOP('',(#5364,#5365,#5366,#5367,#5368,#5369,#5370));
#1040=EDGE_LOOP('',(#5371,#5372,#5373,#5374));
#1041=EDGE_LOOP('',(#5375,#5376,#5377,#5378,#5379,#5380,#5381));
#1042=EDGE_LOOP('',(#5382,#5383,#5384,#5385));
#1043=EDGE_LOOP('',(#5386,#5387,#5388,#5389,#5390));
#1044=EDGE_LOOP('',(#5391,#5392,#5393,#5394,#5395));
#1045=EDGE_LOOP('',(#5396,#5397,#5398,#5399));
#1046=EDGE_LOOP('',(#5400,#5401,#5402,#5403));
#1047=EDGE_LOOP('',(#5404,#5405,#5406,#5407));
#1048=EDGE_LOOP('',(#5408,#5409,#5410,#5411));
#1049=EDGE_LOOP('',(#5412,#5413,#5414,#5415));
#1050=EDGE_LOOP('',(#5416,#5417,#5418,#5419));
#1051=EDGE_LOOP('',(#5420,#5421,#5422,#5423));
#1052=EDGE_LOOP('',(#5424,#5425,#5426,#5427));
#1053=EDGE_LOOP('',(#5428,#5429,#5430,#5431));
#1054=EDGE_LOOP('',(#5432,#5433,#5434,#5435));
#1055=EDGE_LOOP('',(#5436,#5437,#5438,#5439));
#1056=EDGE_LOOP('',(#5440,#5441,#5442,#5443,#5444));
#1057=EDGE_LOOP('',(#5445,#5446,#5447,#5448,#5449));
#1058=EDGE_LOOP('',(#5450,#5451,#5452,#5453,#5454,#5455));
#1059=EDGE_LOOP('',(#5456,#5457,#5458,#5459,#5460,#5461));
#1060=EDGE_LOOP('',(#5462,#5463,#5464,#5465,#5466,#5467));
#1061=EDGE_LOOP('',(#5468,#5469,#5470,#5471,#5472));
#1062=EDGE_LOOP('',(#5473,#5474,#5475,#5476,#5477,#5478));
#1063=EDGE_LOOP('',(#5479,#5480,#5481,#5482,#5483,#5484));
#1064=EDGE_LOOP('',(#5485,#5486,#5487,#5488));
#1065=EDGE_LOOP('',(#5489,#5490,#5491,#5492));
#1066=EDGE_LOOP('',(#5493,#5494,#5495,#5496,#5497));
#1067=EDGE_LOOP('',(#5498,#5499,#5500,#5501,#5502));
#1068=EDGE_LOOP('',(#5503,#5504,#5505,#5506,#5507,#5508));
#1069=EDGE_LOOP('',(#5509,#5510,#5511,#5512,#5513,#5514,#5515));
#1070=EDGE_LOOP('',(#5516,#5517,#5518,#5519));
#1071=EDGE_LOOP('',(#5520,#5521,#5522,#5523,#5524,#5525,#5526));
#1072=EDGE_LOOP('',(#5527,#5528,#5529,#5530));
#1073=EDGE_LOOP('',(#5531,#5532,#5533,#5534));
#1074=EDGE_LOOP('',(#5535,#5536,#5537,#5538));
#1075=EDGE_LOOP('',(#5539,#5540,#5541,#5542));
#1076=EDGE_LOOP('',(#5543,#5544,#5545,#5546));
#1077=EDGE_LOOP('',(#5547,#5548,#5549,#5550));
#1078=EDGE_LOOP('',(#5551,#5552,#5553,#5554));
#1079=EDGE_LOOP('',(#5555,#5556,#5557,#5558));
#1080=EDGE_LOOP('',(#5559,#5560,#5561,#5562));
#1081=EDGE_LOOP('',(#5563,#5564,#5565,#5566));
#1082=EDGE_LOOP('',(#5567,#5568,#5569,#5570));
#1083=EDGE_LOOP('',(#5571,#5572,#5573,#5574));
#1084=EDGE_LOOP('',(#5575,#5576,#5577,#5578));
#1085=EDGE_LOOP('',(#5579,#5580,#5581,#5582));
#1086=EDGE_LOOP('',(#5583,#5584,#5585,#5586));
#1087=EDGE_LOOP('',(#5587,#5588,#5589,#5590));
#1088=EDGE_LOOP('',(#5591,#5592,#5593,#5594));
#1089=EDGE_LOOP('',(#5595,#5596,#5597,#5598));
#1090=EDGE_LOOP('',(#5599,#5600,#5601,#5602));
#1091=EDGE_LOOP('',(#5603,#5604,#5605,#5606));
#1092=EDGE_LOOP('',(#5607,#5608,#5609,#5610));
#1093=EDGE_LOOP('',(#5611,#5612,#5613,#5614));
#1094=EDGE_LOOP('',(#5615,#5616,#5617,#5618));
#1095=EDGE_LOOP('',(#5619,#5620,#5621,#5622));
#1096=EDGE_LOOP('',(#5623,#5624,#5625,#5626));
#1097=EDGE_LOOP('',(#5627,#5628,#5629,#5630));
#1098=EDGE_LOOP('',(#5631,#5632,#5633,#5634));
#1099=EDGE_LOOP('',(#5635,#5636,#5637,#5638));
#1100=EDGE_LOOP('',(#5639,#5640,#5641,#5642));
#1101=EDGE_LOOP('',(#5643,#5644,#5645,#5646));
#1102=EDGE_LOOP('',(#5647,#5648,#5649,#5650));
#1103=EDGE_LOOP('',(#5651,#5652,#5653,#5654));
#1104=EDGE_LOOP('',(#5655,#5656,#5657,#5658));
#1105=EDGE_LOOP('',(#5659,#5660,#5661,#5662));
#1106=EDGE_LOOP('',(#5663,#5664,#5665,#5666));
#1107=EDGE_LOOP('',(#5667,#5668,#5669,#5670));
#1108=EDGE_LOOP('',(#5671,#5672,#5673,#5674));
#1109=EDGE_LOOP('',(#5675,#5676,#5677,#5678));
#1110=EDGE_LOOP('',(#5679,#5680,#5681,#5682));
#1111=EDGE_LOOP('',(#5683,#5684,#5685,#5686));
#1112=EDGE_LOOP('',(#5687,#5688,#5689,#5690));
#1113=EDGE_LOOP('',(#5691,#5692,#5693,#5694));
#1114=EDGE_LOOP('',(#5695,#5696,#5697,#5698));
#1115=EDGE_LOOP('',(#5699,#5700,#5701,#5702));
#1116=EDGE_LOOP('',(#5703,#5704,#5705,#5706));
#1117=EDGE_LOOP('',(#5707,#5708,#5709,#5710));
#1118=EDGE_LOOP('',(#5711,#5712,#5713,#5714));
#1119=EDGE_LOOP('',(#5715,#5716,#5717,#5718));
#1120=EDGE_LOOP('',(#5719,#5720,#5721,#5722));
#1121=EDGE_LOOP('',(#5723,#5724,#5725,#5726));
#1122=EDGE_LOOP('',(#5727,#5728,#5729,#5730));
#1123=EDGE_LOOP('',(#5731,#5732,#5733,#5734));
#1124=EDGE_LOOP('',(#5735,#5736,#5737,#5738));
#1125=EDGE_LOOP('',(#5739,#5740,#5741,#5742));
#1126=EDGE_LOOP('',(#5743,#5744,#5745,#5746));
#1127=EDGE_LOOP('',(#5747,#5748,#5749,#5750));
#1128=EDGE_LOOP('',(#5751,#5752,#5753,#5754));
#1129=EDGE_LOOP('',(#5755,#5756,#5757,#5758));
#1130=EDGE_LOOP('',(#5759,#5760,#5761,#5762));
#1131=EDGE_LOOP('',(#5763,#5764,#5765,#5766));
#1132=EDGE_LOOP('',(#5767,#5768,#5769,#5770));
#1133=EDGE_LOOP('',(#5771,#5772,#5773,#5774));
#1134=EDGE_LOOP('',(#5775,#5776,#5777,#5778));
#1135=EDGE_LOOP('',(#5779,#5780,#5781,#5782));
#1136=EDGE_LOOP('',(#5783,#5784,#5785,#5786));
#1137=EDGE_LOOP('',(#5787,#5788,#5789,#5790));
#1138=EDGE_LOOP('',(#5791,#5792,#5793,#5794));
#1139=EDGE_LOOP('',(#5795,#5796,#5797,#5798));
#1140=EDGE_LOOP('',(#5799,#5800,#5801,#5802));
#1141=EDGE_LOOP('',(#5803,#5804,#5805,#5806));
#1142=EDGE_LOOP('',(#5807,#5808,#5809,#5810));
#1143=EDGE_LOOP('',(#5811,#5812,#5813,#5814));
#1144=EDGE_LOOP('',(#5815,#5816,#5817,#5818));
#1145=EDGE_LOOP('',(#5819,#5820,#5821,#5822));
#1146=EDGE_LOOP('',(#5823,#5824,#5825,#5826));
#1147=EDGE_LOOP('',(#5827,#5828,#5829,#5830));
#1148=EDGE_LOOP('',(#5831,#5832,#5833,#5834));
#1149=EDGE_LOOP('',(#5835,#5836,#5837,#5838));
#1150=EDGE_LOOP('',(#5839,#5840,#5841,#5842));
#1151=EDGE_LOOP('',(#5843,#5844,#5845,#5846));
#1152=EDGE_LOOP('',(#5847,#5848,#5849,#5850));
#1153=EDGE_LOOP('',(#5851,#5852,#5853,#5854));
#1154=EDGE_LOOP('',(#5855,#5856,#5857,#5858));
#1155=EDGE_LOOP('',(#5859,#5860,#5861,#5862));
#1156=EDGE_LOOP('',(#5863,#5864,#5865,#5866));
#1157=EDGE_LOOP('',(#5867,#5868,#5869,#5870));
#1158=EDGE_LOOP('',(#5871,#5872,#5873,#5874));
#1159=EDGE_LOOP('',(#5875,#5876,#5877,#5878));
#1160=EDGE_LOOP('',(#5879,#5880,#5881,#5882));
#1161=EDGE_LOOP('',(#5883,#5884,#5885,#5886,#5887,#5888,#5889,#5890));
#1162=EDGE_LOOP('',(#5891,#5892,#5893));
#1163=EDGE_LOOP('',(#5894,#5895,#5896));
#1164=EDGE_LOOP('',(#5897,#5898,#5899,#5900,#5901,#5902,#5903,#5904));
#1165=EDGE_LOOP('',(#5905,#5906,#5907,#5908));
#1166=EDGE_LOOP('',(#5909,#5910,#5911,#5912));
#1167=EDGE_LOOP('',(#5913,#5914,#5915,#5916,#5917,#5918,#5919,#5920,#5921));
#1168=EDGE_LOOP('',(#5922,#5923,#5924,#5925));
#1169=EDGE_LOOP('',(#5926,#5927,#5928,#5929));
#1170=EDGE_LOOP('',(#5930,#5931,#5932,#5933));
#1171=EDGE_LOOP('',(#5934,#5935,#5936,#5937,#5938,#5939));
#1172=EDGE_LOOP('',(#5940,#5941,#5942,#5943,#5944));
#1173=EDGE_LOOP('',(#5945,#5946,#5947,#5948,#5949,#5950));
#1174=EDGE_LOOP('',(#5951,#5952,#5953,#5954,#5955,#5956));
#1175=EDGE_LOOP('',(#5957,#5958,#5959,#5960,#5961,#5962));
#1176=EDGE_LOOP('',(#5963,#5964,#5965,#5966,#5967,#5968));
#1177=EDGE_LOOP('',(#5969,#5970,#5971,#5972));
#1178=EDGE_LOOP('',(#5973,#5974,#5975,#5976,#5977,#5978));
#1179=EDGE_LOOP('',(#5979,#5980,#5981,#5982,#5983,#5984));
#1180=EDGE_LOOP('',(#5985,#5986,#5987,#5988,#5989,#5990));
#1181=EDGE_LOOP('',(#5991,#5992,#5993,#5994,#5995,#5996));
#1182=EDGE_LOOP('',(#5997,#5998,#5999,#6000,#6001,#6002));
#1183=EDGE_LOOP('',(#6003,#6004,#6005,#6006,#6007,#6008));
#1184=EDGE_LOOP('',(#6009,#6010,#6011,#6012,#6013,#6014));
#1185=EDGE_LOOP('',(#6015,#6016,#6017,#6018,#6019,#6020));
#1186=EDGE_LOOP('',(#6021,#6022,#6023,#6024,#6025,#6026));
#1187=EDGE_LOOP('',(#6027,#6028,#6029,#6030,#6031,#6032));
#1188=EDGE_LOOP('',(#6033,#6034,#6035,#6036,#6037,#6038));
#1189=EDGE_LOOP('',(#6039,#6040,#6041,#6042,#6043,#6044));
#1190=EDGE_LOOP('',(#6045,#6046,#6047,#6048,#6049,#6050));
#1191=EDGE_LOOP('',(#6051,#6052,#6053,#6054,#6055,#6056));
#1192=EDGE_LOOP('',(#6057,#6058,#6059,#6060,#6061,#6062));
#1193=EDGE_LOOP('',(#6063,#6064,#6065,#6066,#6067,#6068));
#1194=EDGE_LOOP('',(#6069,#6070,#6071,#6072,#6073,#6074));
#1195=EDGE_LOOP('',(#6075,#6076,#6077,#6078,#6079,#6080));
#1196=EDGE_LOOP('',(#6081,#6082,#6083,#6084,#6085,#6086));
#1197=EDGE_LOOP('',(#6087,#6088,#6089,#6090,#6091,#6092));
#1198=EDGE_LOOP('',(#6093,#6094,#6095,#6096,#6097,#6098));
#1199=EDGE_LOOP('',(#6099,#6100,#6101,#6102,#6103,#6104));
#1200=EDGE_LOOP('',(#6105,#6106,#6107,#6108,#6109,#6110));
#1201=EDGE_LOOP('',(#6111,#6112,#6113,#6114,#6115,#6116));
#1202=EDGE_LOOP('',(#6117,#6118,#6119,#6120));
#1203=EDGE_LOOP('',(#6121,#6122,#6123,#6124));
#1204=EDGE_LOOP('',(#6125,#6126,#6127,#6128));
#1205=EDGE_LOOP('',(#6129,#6130,#6131,#6132));
#1206=EDGE_LOOP('',(#6133,#6134,#6135,#6136));
#1207=EDGE_LOOP('',(#6137,#6138,#6139,#6140));
#1208=EDGE_LOOP('',(#6141,#6142,#6143,#6144));
#1209=EDGE_LOOP('',(#6145,#6146,#6147,#6148));
#1210=EDGE_LOOP('',(#6149,#6150,#6151,#6152));
#1211=EDGE_LOOP('',(#6153,#6154,#6155,#6156,#6157,#6158));
#1212=EDGE_LOOP('',(#6159,#6160,#6161,#6162));
#1213=EDGE_LOOP('',(#6163,#6164,#6165,#6166));
#1214=EDGE_LOOP('',(#6167,#6168,#6169,#6170));
#1215=EDGE_LOOP('',(#6171,#6172,#6173,#6174));
#1216=EDGE_LOOP('',(#6175,#6176,#6177,#6178));
#1217=EDGE_LOOP('',(#6179,#6180,#6181,#6182));
#1218=EDGE_LOOP('',(#6183,#6184,#6185,#6186));
#1219=EDGE_LOOP('',(#6187,#6188,#6189,#6190));
#1220=EDGE_LOOP('',(#6191,#6192,#6193,#6194));
#1221=EDGE_LOOP('',(#6195,#6196,#6197,#6198));
#1222=EDGE_LOOP('',(#6199,#6200,#6201,#6202));
#1223=EDGE_LOOP('',(#6203,#6204,#6205,#6206));
#1224=EDGE_LOOP('',(#6207));
#1225=EDGE_LOOP('',(#6208));
#1226=EDGE_LOOP('',(#6209));
#1227=EDGE_LOOP('',(#6210));
#1228=EDGE_LOOP('',(#6211));
#1229=EDGE_LOOP('',(#6212));
#1230=EDGE_LOOP('',(#6213));
#1231=EDGE_LOOP('',(#6214));
#1232=EDGE_LOOP('',(#6215,#6216,#6217,#6218));
#1233=EDGE_LOOP('',(#6219,#6220,#6221,#6222));
#1234=EDGE_LOOP('',(#6223,#6224,#6225,#6226));
#1235=EDGE_LOOP('',(#6227,#6228,#6229,#6230));
#1236=EDGE_LOOP('',(#6231,#6232,#6233,#6234));
#1237=EDGE_LOOP('',(#6235,#6236,#6237,#6238));
#1238=EDGE_LOOP('',(#6239,#6240,#6241,#6242,#6243,#6244,#6245,#6246,#6247,
#6248,#6249,#6250,#6251,#6252,#6253));
#1239=EDGE_LOOP('',(#6254,#6255,#6256,#6257));
#1240=EDGE_LOOP('',(#6258,#6259,#6260,#6261,#6262,#6263,#6264,#6265,#6266,
#6267,#6268,#6269,#6270,#6271,#6272,#6273,#6274,#6275,#6276,#6277,#6278,
#6279,#6280,#6281,#6282,#6283));
#1241=EDGE_LOOP('',(#6284,#6285,#6286,#6287,#6288,#6289,#6290,#6291,#6292,
#6293,#6294));
#1242=EDGE_LOOP('',(#6295,#6296,#6297,#6298,#6299,#6300,#6301,#6302,#6303,
#6304,#6305,#6306,#6307));
#1243=EDGE_LOOP('',(#6308,#6309,#6310,#6311,#6312,#6313,#6314,#6315,#6316));
#1244=EDGE_LOOP('',(#6317,#6318,#6319,#6320,#6321,#6322,#6323,#6324,#6325,
#6326,#6327,#6328,#6329,#6330,#6331,#6332,#6333,#6334,#6335,#6336,#6337,
#6338,#6339,#6340,#6341,#6342,#6343,#6344,#6345));
#1245=EDGE_LOOP('',(#6346,#6347,#6348,#6349,#6350,#6351,#6352,#6353,#6354,
#6355,#6356,#6357,#6358,#6359,#6360,#6361,#6362,#6363,#6364,#6365,#6366));
#1246=EDGE_LOOP('',(#6367,#6368,#6369,#6370,#6371,#6372,#6373,#6374));
#1247=EDGE_LOOP('',(#6375,#6376,#6377,#6378));
#1248=EDGE_LOOP('',(#6379,#6380,#6381,#6382));
#1249=EDGE_LOOP('',(#6383,#6384,#6385,#6386));
#1250=EDGE_LOOP('',(#6387,#6388,#6389,#6390));
#1251=EDGE_LOOP('',(#6391,#6392,#6393,#6394));
#1252=EDGE_LOOP('',(#6395,#6396,#6397,#6398));
#1253=EDGE_LOOP('',(#6399,#6400,#6401,#6402));
#1254=EDGE_LOOP('',(#6403,#6404,#6405,#6406));
#1255=EDGE_LOOP('',(#6407,#6408,#6409,#6410));
#1256=EDGE_LOOP('',(#6411,#6412,#6413,#6414));
#1257=EDGE_LOOP('',(#6415,#6416,#6417,#6418,#6419,#6420,#6421,#6422,#6423,
#6424,#6425,#6426,#6427));
#1258=EDGE_LOOP('',(#6428,#6429,#6430,#6431,#6432,#6433,#6434,#6435,#6436));
#1259=EDGE_LOOP('',(#6437,#6438,#6439,#6440));
#1260=EDGE_LOOP('',(#6441,#6442,#6443,#6444));
#1261=EDGE_LOOP('',(#6445,#6446,#6447,#6448));
#1262=EDGE_LOOP('',(#6449,#6450,#6451,#6452));
#1263=EDGE_LOOP('',(#6453,#6454,#6455,#6456));
#1264=EDGE_LOOP('',(#6457,#6458,#6459,#6460));
#1265=EDGE_LOOP('',(#6461,#6462,#6463,#6464));
#1266=EDGE_LOOP('',(#6465,#6466,#6467,#6468));
#1267=EDGE_LOOP('',(#6469,#6470,#6471,#6472));
#1268=EDGE_LOOP('',(#6473,#6474,#6475,#6476,#6477,#6478,#6479,#6480,#6481,
#6482,#6483));
#1269=EDGE_LOOP('',(#6484,#6485,#6486,#6487,#6488,#6489,#6490,#6491));
#1270=EDGE_LOOP('',(#6492,#6493,#6494,#6495));
#1271=EDGE_LOOP('',(#6496,#6497,#6498,#6499));
#1272=EDGE_LOOP('',(#6500,#6501,#6502,#6503));
#1273=EDGE_LOOP('',(#6504,#6505,#6506,#6507));
#1274=EDGE_LOOP('',(#6508,#6509,#6510,#6511));
#1275=EDGE_LOOP('',(#6512,#6513,#6514,#6515));
#1276=EDGE_LOOP('',(#6516,#6517,#6518,#6519));
#1277=EDGE_LOOP('',(#6520,#6521,#6522,#6523));
#1278=EDGE_LOOP('',(#6524,#6525,#6526,#6527));
#1279=EDGE_LOOP('',(#6528,#6529,#6530,#6531));
#1280=EDGE_LOOP('',(#6532,#6533,#6534,#6535));
#1281=EDGE_LOOP('',(#6536,#6537,#6538,#6539));
#1282=EDGE_LOOP('',(#6540,#6541,#6542,#6543));
#1283=EDGE_LOOP('',(#6544,#6545,#6546,#6547));
#1284=EDGE_LOOP('',(#6548,#6549,#6550,#6551,#6552,#6553,#6554,#6555,#6556,
#6557,#6558,#6559,#6560,#6561,#6562,#6563,#6564,#6565,#6566,#6567,#6568,
#6569,#6570,#6571,#6572,#6573,#6574,#6575,#6576));
#1285=EDGE_LOOP('',(#6577,#6578,#6579,#6580));
#1286=EDGE_LOOP('',(#6581,#6582,#6583,#6584));
#1287=EDGE_LOOP('',(#6585,#6586,#6587,#6588));
#1288=EDGE_LOOP('',(#6589,#6590,#6591,#6592));
#1289=EDGE_LOOP('',(#6593,#6594,#6595,#6596));
#1290=EDGE_LOOP('',(#6597,#6598,#6599,#6600,#6601,#6602,#6603,#6604));
#1291=EDGE_LOOP('',(#6605,#6606,#6607));
#1292=EDGE_LOOP('',(#6608,#6609,#6610,#6611));
#1293=EDGE_LOOP('',(#6612,#6613,#6614,#6615));
#1294=EDGE_LOOP('',(#6616,#6617,#6618,#6619));
#1295=EDGE_LOOP('',(#6620,#6621,#6622,#6623));
#1296=EDGE_LOOP('',(#6624,#6625,#6626,#6627));
#1297=EDGE_LOOP('',(#6628,#6629,#6630,#6631));
#1298=EDGE_LOOP('',(#6632,#6633,#6634,#6635));
#1299=EDGE_LOOP('',(#6636,#6637,#6638,#6639));
#1300=EDGE_LOOP('',(#6640,#6641,#6642,#6643));
#1301=EDGE_LOOP('',(#6644,#6645,#6646,#6647));
#1302=EDGE_LOOP('',(#6648,#6649,#6650,#6651));
#1303=EDGE_LOOP('',(#6652,#6653,#6654,#6655));
#1304=EDGE_LOOP('',(#6656,#6657,#6658,#6659));
#1305=EDGE_LOOP('',(#6660,#6661,#6662,#6663));
#1306=EDGE_LOOP('',(#6664,#6665,#6666,#6667));
#1307=EDGE_LOOP('',(#6668,#6669,#6670,#6671));
#1308=EDGE_LOOP('',(#6672,#6673,#6674,#6675));
#1309=EDGE_LOOP('',(#6676,#6677,#6678,#6679));
#1310=EDGE_LOOP('',(#6680,#6681,#6682,#6683,#6684,#6685,#6686,#6687,#6688,
#6689,#6690,#6691,#6692,#6693,#6694,#6695,#6696,#6697,#6698,#6699,#6700,
#6701,#6702,#6703,#6704,#6705));
#1311=EDGE_LOOP('',(#6706,#6707,#6708,#6709,#6710,#6711,#6712,#6713));
#1312=EDGE_LOOP('',(#6714,#6715,#6716));
#1313=EDGE_LOOP('',(#6717,#6718,#6719,#6720));
#1314=EDGE_LOOP('',(#6721,#6722,#6723,#6724));
#1315=EDGE_LOOP('',(#6725,#6726,#6727,#6728));
#1316=EDGE_LOOP('',(#6729,#6730,#6731,#6732));
#1317=EDGE_LOOP('',(#6733,#6734,#6735,#6736));
#1318=EDGE_LOOP('',(#6737,#6738,#6739,#6740));
#1319=EDGE_LOOP('',(#6741,#6742,#6743,#6744));
#1320=EDGE_LOOP('',(#6745,#6746,#6747,#6748));
#1321=EDGE_LOOP('',(#6749,#6750,#6751,#6752));
#1322=EDGE_LOOP('',(#6753,#6754,#6755,#6756));
#1323=EDGE_LOOP('',(#6757,#6758,#6759,#6760,#6761,#6762,#6763,#6764,#6765,
#6766,#6767,#6768,#6769,#6770,#6771,#6772,#6773,#6774,#6775,#6776,#6777));
#1324=EDGE_LOOP('',(#6778,#6779,#6780,#6781));
#1325=EDGE_LOOP('',(#6782,#6783,#6784,#6785));
#1326=EDGE_LOOP('',(#6786,#6787,#6788,#6789));
#1327=EDGE_LOOP('',(#6790,#6791,#6792,#6793));
#1328=EDGE_LOOP('',(#6794,#6795,#6796,#6797));
#1329=EDGE_LOOP('',(#6798,#6799,#6800,#6801));
#1330=EDGE_LOOP('',(#6802,#6803,#6804,#6805));
#1331=EDGE_LOOP('',(#6806,#6807,#6808,#6809));
#1332=EDGE_LOOP('',(#6810,#6811,#6812,#6813));
#1333=EDGE_LOOP('',(#6814,#6815,#6816,#6817));
#1334=EDGE_LOOP('',(#6818,#6819,#6820,#6821,#6822,#6823,#6824,#6825,#6826,
#6827,#6828,#6829,#6830,#6831,#6832));
#1335=EDGE_LOOP('',(#6833,#6834,#6835,#6836));
#1336=EDGE_LOOP('',(#6837,#6838,#6839,#6840));
#1337=EDGE_LOOP('',(#6841,#6842,#6843,#6844));
#1338=EDGE_LOOP('',(#6845,#6846,#6847,#6848));
#1339=EDGE_LOOP('',(#6849,#6850,#6851,#6852,#6853,#6854,#6855,#6856,#6857));
#1340=EDGE_LOOP('',(#6858,#6859,#6860,#6861));
#1341=EDGE_LOOP('',(#6862,#6863,#6864,#6865));
#1342=EDGE_LOOP('',(#6866,#6867,#6868,#6869));
#1343=EDGE_LOOP('',(#6870,#6871,#6872,#6873));
#1344=EDGE_LOOP('',(#6874,#6875,#6876,#6877));
#1345=EDGE_LOOP('',(#6878));
#1346=EDGE_LOOP('',(#6879));
#1347=EDGE_LOOP('',(#6880,#6881,#6882,#6883));
#1348=EDGE_LOOP('',(#6884));
#1349=EDGE_LOOP('',(#6885));
#1350=EDGE_LOOP('',(#6886,#6887,#6888,#6889));
#1351=EDGE_LOOP('',(#6890));
#1352=EDGE_LOOP('',(#6891,#6892,#6893,#6894));
#1353=EDGE_LOOP('',(#6895));
#1354=EDGE_LOOP('',(#6896,#6897,#6898,#6899));
#1355=EDGE_LOOP('',(#6900,#6901,#6902,#6903,#6904,#6905));
#1356=EDGE_LOOP('',(#6906));
#1357=EDGE_LOOP('',(#6907));
#1358=EDGE_LOOP('',(#6908));
#1359=EDGE_LOOP('',(#6909));
#1360=EDGE_LOOP('',(#6910,#6911,#6912,#6913));
#1361=EDGE_LOOP('',(#6914,#6915,#6916,#6917));
#1362=EDGE_LOOP('',(#6918,#6919,#6920,#6921,#6922,#6923));
#1363=EDGE_LOOP('',(#6924,#6925,#6926,#6927,#6928,#6929,#6930,#6931,#6932,
#6933,#6934,#6935,#6936,#6937));
#1364=EDGE_LOOP('',(#6938,#6939,#6940,#6941,#6942,#6943,#6944,#6945,#6946,
#6947,#6948,#6949,#6950,#6951));
#1365=EDGE_LOOP('',(#6952,#6953,#6954,#6955));
#1366=EDGE_LOOP('',(#6956,#6957,#6958,#6959));
#1367=EDGE_LOOP('',(#6960,#6961,#6962,#6963));
#1368=EDGE_LOOP('',(#6964,#6965,#6966,#6967));
#1369=EDGE_LOOP('',(#6968,#6969,#6970,#6971));
#1370=EDGE_LOOP('',(#6972,#6973,#6974,#6975));
#1371=EDGE_LOOP('',(#6976,#6977,#6978,#6979));
#1372=EDGE_LOOP('',(#6980,#6981,#6982,#6983));
#1373=EDGE_LOOP('',(#6984,#6985,#6986,#6987,#6988,#6989,#6990,#6991));
#1374=EDGE_LOOP('',(#6992));
#1375=EDGE_LOOP('',(#6993));
#1376=EDGE_LOOP('',(#6994,#6995,#6996,#6997,#6998,#6999,#7000,#7001));
#1377=EDGE_LOOP('',(#7002));
#1378=EDGE_LOOP('',(#7003));
#1379=EDGE_LOOP('',(#7004,#7005,#7006,#7007,#7008,#7009,#7010,#7011,#7012));
#1380=EDGE_LOOP('',(#7013,#7014,#7015,#7016));
#1381=EDGE_LOOP('',(#7017,#7018,#7019,#7020));
#1382=EDGE_LOOP('',(#7021,#7022,#7023,#7024));
#1383=EDGE_LOOP('',(#7025,#7026,#7027,#7028));
#1384=EDGE_LOOP('',(#7029,#7030,#7031,#7032));
#1385=EDGE_LOOP('',(#7033,#7034,#7035,#7036));
#1386=EDGE_LOOP('',(#7037,#7038,#7039,#7040));
#1387=EDGE_LOOP('',(#7041,#7042,#7043,#7044));
#1388=EDGE_LOOP('',(#7045,#7046,#7047,#7048));
#1389=EDGE_LOOP('',(#7049,#7050,#7051,#7052));
#1390=EDGE_LOOP('',(#7053));
#1391=EDGE_LOOP('',(#7054));
#1392=EDGE_LOOP('',(#7055,#7056,#7057,#7058));
#1393=EDGE_LOOP('',(#7059,#7060,#7061,#7062));
#1394=EDGE_LOOP('',(#7063,#7064,#7065,#7066));
#1395=EDGE_LOOP('',(#7067,#7068,#7069,#7070));
#1396=EDGE_LOOP('',(#7071,#7072,#7073,#7074));
#1397=EDGE_LOOP('',(#7075,#7076,#7077,#7078));
#1398=EDGE_LOOP('',(#7079,#7080,#7081,#7082));
#1399=EDGE_LOOP('',(#7083,#7084,#7085,#7086));
#1400=EDGE_LOOP('',(#7087,#7088,#7089,#7090));
#1401=EDGE_LOOP('',(#7091,#7092,#7093,#7094));
#1402=EDGE_LOOP('',(#7095));
#1403=EDGE_LOOP('',(#7096));
#1404=CIRCLE('',#7731,4.99999999999999);
#1405=CIRCLE('',#7732,5.);
#1406=CIRCLE('',#7733,1.5);
#1407=CIRCLE('',#7734,1.5);
#1408=CIRCLE('',#7736,2.);
#1409=CIRCLE('',#7737,2.);
#1410=CIRCLE('',#7738,2.);
#1411=CIRCLE('',#7739,2.);
#1412=CIRCLE('',#7750,4.);
#1413=CIRCLE('',#7751,4.);
#1414=CIRCLE('',#7753,4.);
#1415=CIRCLE('',#7754,4.);
#1416=CIRCLE('',#7756,4.);
#1417=CIRCLE('',#7757,4.);
#1418=CIRCLE('',#7759,4.);
#1419=CIRCLE('',#7760,4.);
#1420=CIRCLE('',#7762,4.);
#1421=CIRCLE('',#7763,4.);
#1422=CIRCLE('',#7765,4.);
#1423=CIRCLE('',#7766,4.);
#1424=CIRCLE('',#7768,4.);
#1425=CIRCLE('',#7769,4.);
#1426=CIRCLE('',#7771,4.);
#1427=CIRCLE('',#7772,4.);
#1428=CIRCLE('',#7774,4.);
#1429=CIRCLE('',#7775,4.);
#1430=CIRCLE('',#7777,4.);
#1431=CIRCLE('',#7778,4.);
#1432=CIRCLE('',#7780,4.);
#1433=CIRCLE('',#7781,4.);
#1434=CIRCLE('',#7783,4.);
#1435=CIRCLE('',#7784,4.);
#1436=CIRCLE('',#7786,4.);
#1437=CIRCLE('',#7787,4.);
#1438=CIRCLE('',#7790,4.);
#1439=CIRCLE('',#7791,4.);
#1440=CIRCLE('',#7793,1.7500092);
#1441=CIRCLE('',#7795,1.7500092);
#1442=CIRCLE('',#7797,1.7500092);
#1443=CIRCLE('',#7799,1.7500092);
#1444=CIRCLE('',#7801,0.875000000000004);
#1445=CIRCLE('',#7802,0.875000000000004);
#1446=CIRCLE('',#7804,0.875000000000012);
#1447=CIRCLE('',#7805,0.875000000000012);
#1448=CIRCLE('',#7808,1.1);
#1449=CIRCLE('',#7809,1.1);
#1450=CIRCLE('',#7813,0.800000000000001);
#1451=CIRCLE('',#7818,0.800000000000001);
#1452=CIRCLE('',#7821,0.800000000000001);
#1453=CIRCLE('',#7824,5.);
#1454=CIRCLE('',#7826,3.7500092);
#1455=CIRCLE('',#7827,3.7500092);
#1456=CIRCLE('',#7828,3.7500092);
#1457=CIRCLE('',#7829,3.7500092);
#1458=CIRCLE('',#7831,5.);
#1459=CIRCLE('',#7832,4.99999999999999);
#1460=CIRCLE('',#7855,4.);
#1461=CIRCLE('',#7856,4.);
#1462=CIRCLE('',#7859,4.);
#1463=CIRCLE('',#7860,4.);
#1464=CIRCLE('',#7864,4.);
#1465=CIRCLE('',#7865,4.);
#1466=CIRCLE('',#7868,4.);
#1467=CIRCLE('',#7869,4.);
#1468=CIRCLE('',#7885,4.);
#1469=CIRCLE('',#7887,4.);
#1470=CIRCLE('',#7892,4.);
#1471=CIRCLE('',#7893,4.);
#1472=CIRCLE('',#7897,1.5);
#1473=CIRCLE('',#7899,1.5);
#1474=CIRCLE('',#7947,4.);
#1475=CIRCLE('',#7948,4.);
#1476=CIRCLE('',#7960,4.);
#1477=CIRCLE('',#7961,4.);
#1478=CIRCLE('',#7968,4.);
#1479=CIRCLE('',#7969,4.);
#1480=CIRCLE('',#7971,4.);
#1481=CIRCLE('',#7972,4.);
#1482=CIRCLE('',#7984,4.);
#1483=CIRCLE('',#7985,4.);
#1484=CIRCLE('',#7986,2.);
#1485=CIRCLE('',#7988,2.);
#1486=CIRCLE('',#7991,2.);
#1487=CIRCLE('',#7992,1.99999999999999);
#1488=CIRCLE('',#7996,2.);
#1489=CIRCLE('',#7997,2.);
#1490=CIRCLE('',#8001,2.);
#1491=CIRCLE('',#8002,2.);
#1492=CIRCLE('',#8013,1.7500092);
#1493=CIRCLE('',#8015,3.7500092);
#1494=CIRCLE('',#8017,1.7500092);
#1495=CIRCLE('',#8019,3.7500092);
#1496=CIRCLE('',#8021,1.7500092);
#1497=CIRCLE('',#8023,3.7500092);
#1498=CIRCLE('',#8025,1.7500092);
#1499=CIRCLE('',#8027,3.7500092);
#1500=CIRCLE('',#8079,4.);
#1501=CIRCLE('',#8081,4.);
#1502=CIRCLE('',#8083,4.);
#1503=CIRCLE('',#8085,4.);
#1504=CIRCLE('',#8087,4.);
#1505=CIRCLE('',#8089,4.);
#1506=CIRCLE('',#8091,4.);
#1507=CIRCLE('',#8093,4.);
#1508=CIRCLE('',#8107,0.800000000000001);
#1509=CIRCLE('',#8108,0.800000000000001);
#1510=CIRCLE('',#8110,0.800000000000001);
#1511=CIRCLE('',#8111,0.800000000000001);
#1512=CIRCLE('',#8121,0.800000000000001);
#1513=LINE('',#9680,#2248);
#1514=LINE('',#9682,#2249);
#1515=LINE('',#9686,#2250);
#1516=LINE('',#9689,#2251);
#1517=LINE('',#9697,#2252);
#1518=LINE('',#9701,#2253);
#1519=LINE('',#9705,#2254);
#1520=LINE('',#9709,#2255);
#1521=LINE('',#9711,#2256);
#1522=LINE('',#9713,#2257);
#1523=LINE('',#9715,#2258);
#1524=LINE('',#9717,#2259);
#1525=LINE('',#9720,#2260);
#1526=LINE('',#9722,#2261);
#1527=LINE('',#9724,#2262);
#1528=LINE('',#9726,#2263);
#1529=LINE('',#9728,#2264);
#1530=LINE('',#9730,#2265);
#1531=LINE('',#9732,#2266);
#1532=LINE('',#9734,#2267);
#1533=LINE('',#9736,#2268);
#1534=LINE('',#9738,#2269);
#1535=LINE('',#9740,#2270);
#1536=LINE('',#9742,#2271);
#1537=LINE('',#9744,#2272);
#1538=LINE('',#9746,#2273);
#1539=LINE('',#9748,#2274);
#1540=LINE('',#9750,#2275);
#1541=LINE('',#9752,#2276);
#1542=LINE('',#9754,#2277);
#1543=LINE('',#9756,#2278);
#1544=LINE('',#9758,#2279);
#1545=LINE('',#9760,#2280);
#1546=LINE('',#9762,#2281);
#1547=LINE('',#9764,#2282);
#1548=LINE('',#9766,#2283);
#1549=LINE('',#9768,#2284);
#1550=LINE('',#9770,#2285);
#1551=LINE('',#9771,#2286);
#1552=LINE('',#9775,#2287);
#1553=LINE('',#9777,#2288);
#1554=LINE('',#9779,#2289);
#1555=LINE('',#9780,#2290);
#1556=LINE('',#9784,#2291);
#1557=LINE('',#9786,#2292);
#1558=LINE('',#9788,#2293);
#1559=LINE('',#9789,#2294);
#1560=LINE('',#9793,#2295);
#1561=LINE('',#9795,#2296);
#1562=LINE('',#9797,#2297);
#1563=LINE('',#9798,#2298);
#1564=LINE('',#9802,#2299);
#1565=LINE('',#9804,#2300);
#1566=LINE('',#9806,#2301);
#1567=LINE('',#9807,#2302);
#1568=LINE('',#9811,#2303);
#1569=LINE('',#9813,#2304);
#1570=LINE('',#9815,#2305);
#1571=LINE('',#9816,#2306);
#1572=LINE('',#9820,#2307);
#1573=LINE('',#9822,#2308);
#1574=LINE('',#9824,#2309);
#1575=LINE('',#9825,#2310);
#1576=LINE('',#9829,#2311);
#1577=LINE('',#9831,#2312);
#1578=LINE('',#9833,#2313);
#1579=LINE('',#9834,#2314);
#1580=LINE('',#9838,#2315);
#1581=LINE('',#9840,#2316);
#1582=LINE('',#9842,#2317);
#1583=LINE('',#9843,#2318);
#1584=LINE('',#9847,#2319);
#1585=LINE('',#9849,#2320);
#1586=LINE('',#9851,#2321);
#1587=LINE('',#9852,#2322);
#1588=LINE('',#9855,#2323);
#1589=LINE('',#9857,#2324);
#1590=LINE('',#9861,#2325);
#1591=LINE('',#9864,#2326);
#1592=LINE('',#9867,#2327);
#1593=LINE('',#9869,#2328);
#1594=LINE('',#9873,#2329);
#1595=LINE('',#9876,#2330);
#1596=LINE('',#9879,#2331);
#1597=LINE('',#9881,#2332);
#1598=LINE('',#9885,#2333);
#1599=LINE('',#9888,#2334);
#1600=LINE('',#9891,#2335);
#1601=LINE('',#9893,#2336);
#1602=LINE('',#9897,#2337);
#1603=LINE('',#9900,#2338);
#1604=LINE('',#9903,#2339);
#1605=LINE('',#9905,#2340);
#1606=LINE('',#9909,#2341);
#1607=LINE('',#9912,#2342);
#1608=LINE('',#9915,#2343);
#1609=LINE('',#9917,#2344);
#1610=LINE('',#9921,#2345);
#1611=LINE('',#9924,#2346);
#1612=LINE('',#9927,#2347);
#1613=LINE('',#9929,#2348);
#1614=LINE('',#9933,#2349);
#1615=LINE('',#9936,#2350);
#1616=LINE('',#9939,#2351);
#1617=LINE('',#9941,#2352);
#1618=LINE('',#9945,#2353);
#1619=LINE('',#9948,#2354);
#1620=LINE('',#9951,#2355);
#1621=LINE('',#9953,#2356);
#1622=LINE('',#9957,#2357);
#1623=LINE('',#9960,#2358);
#1624=LINE('',#9963,#2359);
#1625=LINE('',#9965,#2360);
#1626=LINE('',#9969,#2361);
#1627=LINE('',#9972,#2362);
#1628=LINE('',#9975,#2363);
#1629=LINE('',#9977,#2364);
#1630=LINE('',#9981,#2365);
#1631=LINE('',#9984,#2366);
#1632=LINE('',#9987,#2367);
#1633=LINE('',#9989,#2368);
#1634=LINE('',#9993,#2369);
#1635=LINE('',#9996,#2370);
#1636=LINE('',#9999,#2371);
#1637=LINE('',#10001,#2372);
#1638=LINE('',#10005,#2373);
#1639=LINE('',#10008,#2374);
#1640=LINE('',#10011,#2375);
#1641=LINE('',#10013,#2376);
#1642=LINE('',#10015,#2377);
#1643=LINE('',#10016,#2378);
#1644=LINE('',#10018,#2379);
#1645=LINE('',#10020,#2380);
#1646=LINE('',#10021,#2381);
#1647=LINE('',#10022,#2382);
#1648=LINE('',#10023,#2383);
#1649=LINE('',#10024,#2384);
#1650=LINE('',#10025,#2385);
#1651=LINE('',#10026,#2386);
#1652=LINE('',#10028,#2387);
#1653=LINE('',#10029,#2388);
#1654=LINE('',#10031,#2389);
#1655=LINE('',#10032,#2390);
#1656=LINE('',#10034,#2391);
#1657=LINE('',#10036,#2392);
#1658=LINE('',#10037,#2393);
#1659=LINE('',#10039,#2394);
#1660=LINE('',#10041,#2395);
#1661=LINE('',#10043,#2396);
#1662=LINE('',#10045,#2397);
#1663=LINE('',#10046,#2398);
#1664=LINE('',#10049,#2399);
#1665=LINE('',#10051,#2400);
#1666=LINE('',#10053,#2401);
#1667=LINE('',#10054,#2402);
#1668=LINE('',#10057,#2403);
#1669=LINE('',#10059,#2404);
#1670=LINE('',#10061,#2405);
#1671=LINE('',#10062,#2406);
#1672=LINE('',#10065,#2407);
#1673=LINE('',#10067,#2408);
#1674=LINE('',#10071,#2409);
#1675=LINE('',#10089,#2410);
#1676=LINE('',#10095,#2411);
#1677=LINE('',#10098,#2412);
#1678=LINE('',#10100,#2413);
#1679=LINE('',#10102,#2414);
#1680=LINE('',#10104,#2415);
#1681=LINE('',#10105,#2416);
#1682=LINE('',#10108,#2417);
#1683=LINE('',#10110,#2418);
#1684=LINE('',#10112,#2419);
#1685=LINE('',#10113,#2420);
#1686=LINE('',#10116,#2421);
#1687=LINE('',#10118,#2422);
#1688=LINE('',#10120,#2423);
#1689=LINE('',#10121,#2424);
#1690=LINE('',#10124,#2425);
#1691=LINE('',#10126,#2426);
#1692=LINE('',#10128,#2427);
#1693=LINE('',#10129,#2428);
#1694=LINE('',#10134,#2429);
#1695=LINE('',#10139,#2430);
#1696=LINE('',#10141,#2431);
#1697=LINE('',#10143,#2432);
#1698=LINE('',#10144,#2433);
#1699=LINE('',#10148,#2434);
#1700=LINE('',#10149,#2435);
#1701=LINE('',#10150,#2436);
#1702=LINE('',#10153,#2437);
#1703=LINE('',#10154,#2438);
#1704=LINE('',#10159,#2439);
#1705=LINE('',#10160,#2440);
#1706=LINE('',#10162,#2441);
#1707=LINE('',#10166,#2442);
#1708=LINE('',#10168,#2443);
#1709=LINE('',#10170,#2444);
#1710=LINE('',#10171,#2445);
#1711=LINE('',#10174,#2446);
#1712=LINE('',#10176,#2447);
#1713=LINE('',#10177,#2448);
#1714=LINE('',#10182,#2449);
#1715=LINE('',#10183,#2450);
#1716=LINE('',#10186,#2451);
#1717=LINE('',#10187,#2452);
#1718=LINE('',#10192,#2453);
#1719=LINE('',#10194,#2454);
#1720=LINE('',#10196,#2455);
#1721=LINE('',#10197,#2456);
#1722=LINE('',#10202,#2457);
#1723=LINE('',#10203,#2458);
#1724=LINE('',#10206,#2459);
#1725=LINE('',#10207,#2460);
#1726=LINE('',#10217,#2461);
#1727=LINE('',#10221,#2462);
#1728=LINE('',#10226,#2463);
#1729=LINE('',#10228,#2464);
#1730=LINE('',#10230,#2465);
#1731=LINE('',#10231,#2466);
#1732=LINE('',#10234,#2467);
#1733=LINE('',#10236,#2468);
#1734=LINE('',#10237,#2469);
#1735=LINE('',#10238,#2470);
#1736=LINE('',#10241,#2471);
#1737=LINE('',#10243,#2472);
#1738=LINE('',#10245,#2473);
#1739=LINE('',#10246,#2474);
#1740=LINE('',#10250,#2475);
#1741=LINE('',#10252,#2476);
#1742=LINE('',#10253,#2477);
#1743=LINE('',#10257,#2478);
#1744=LINE('',#10259,#2479);
#1745=LINE('',#10261,#2480);
#1746=LINE('',#10262,#2481);
#1747=LINE('',#10265,#2482);
#1748=LINE('',#10267,#2483);
#1749=LINE('',#10269,#2484);
#1750=LINE('',#10270,#2485);
#1751=LINE('',#10273,#2486);
#1752=LINE('',#10275,#2487);
#1753=LINE('',#10276,#2488);
#1754=LINE('',#10279,#2489);
#1755=LINE('',#10280,#2490);
#1756=LINE('',#10284,#2491);
#1757=LINE('',#10286,#2492);
#1758=LINE('',#10288,#2493);
#1759=LINE('',#10289,#2494);
#1760=LINE('',#10292,#2495);
#1761=LINE('',#10294,#2496);
#1762=LINE('',#10296,#2497);
#1763=LINE('',#10297,#2498);
#1764=LINE('',#10300,#2499);
#1765=LINE('',#10302,#2500);
#1766=LINE('',#10303,#2501);
#1767=LINE('',#10306,#2502);
#1768=LINE('',#10307,#2503);
#1769=LINE('',#10311,#2504);
#1770=LINE('',#10313,#2505);
#1771=LINE('',#10314,#2506);
#1772=LINE('',#10316,#2507);
#1773=LINE('',#10318,#2508);
#1774=LINE('',#10320,#2509);
#1775=LINE('',#10321,#2510);
#1776=LINE('',#10325,#2511);
#1777=LINE('',#10326,#2512);
#1778=LINE('',#10327,#2513);
#1779=LINE('',#10330,#2514);
#1780=LINE('',#10331,#2515);
#1781=LINE('',#10335,#2516);
#1782=LINE('',#10337,#2517);
#1783=LINE('',#10338,#2518);
#1784=LINE('',#10340,#2519);
#1785=LINE('',#10341,#2520);
#1786=LINE('',#10342,#2521);
#1787=LINE('',#10345,#2522);
#1788=LINE('',#10347,#2523);
#1789=LINE('',#10348,#2524);
#1790=LINE('',#10349,#2525);
#1791=LINE('',#10352,#2526);
#1792=LINE('',#10354,#2527);
#1793=LINE('',#10356,#2528);
#1794=LINE('',#10357,#2529);
#1795=LINE('',#10359,#2530);
#1796=LINE('',#10360,#2531);
#1797=LINE('',#10362,#2532);
#1798=LINE('',#10365,#2533);
#1799=LINE('',#10366,#2534);
#1800=LINE('',#10368,#2535);
#1801=LINE('',#10370,#2536);
#1802=LINE('',#10373,#2537);
#1803=LINE('',#10374,#2538);
#1804=LINE('',#10376,#2539);
#1805=LINE('',#10378,#2540);
#1806=LINE('',#10379,#2541);
#1807=LINE('',#10381,#2542);
#1808=LINE('',#10382,#2543);
#1809=LINE('',#10384,#2544);
#1810=LINE('',#10385,#2545);
#1811=LINE('',#10387,#2546);
#1812=LINE('',#10388,#2547);
#1813=LINE('',#10389,#2548);
#1814=LINE('',#10390,#2549);
#1815=LINE('',#10391,#2550);
#1816=LINE('',#10392,#2551);
#1817=LINE('',#10393,#2552);
#1818=LINE('',#10398,#2553);
#1819=LINE('',#10401,#2554);
#1820=LINE('',#10404,#2555);
#1821=LINE('',#10405,#2556);
#1822=LINE('',#10410,#2557);
#1823=LINE('',#10414,#2558);
#1824=LINE('',#10415,#2559);
#1825=LINE('',#10418,#2560);
#1826=LINE('',#10420,#2561);
#1827=LINE('',#10421,#2562);
#1828=LINE('',#10426,#2563);
#1829=LINE('',#10430,#2564);
#1830=LINE('',#10431,#2565);
#1831=LINE('',#10436,#2566);
#1832=LINE('',#10439,#2567);
#1833=LINE('',#10441,#2568);
#1834=LINE('',#10443,#2569);
#1835=LINE('',#10445,#2570);
#1836=LINE('',#10447,#2571);
#1837=LINE('',#10449,#2572);
#1838=LINE('',#10450,#2573);
#1839=LINE('',#10452,#2574);
#1840=LINE('',#10456,#2575);
#1841=LINE('',#10458,#2576);
#1842=LINE('',#10460,#2577);
#1843=LINE('',#10462,#2578);
#1844=LINE('',#10464,#2579);
#1845=LINE('',#10480,#2580);
#1846=LINE('',#10499,#2581);
#1847=LINE('',#10520,#2582);
#1848=LINE('',#10533,#2583);
#1849=LINE('',#10546,#2584);
#1850=LINE('',#10567,#2585);
#1851=LINE('',#10579,#2586);
#1852=LINE('',#10583,#2587);
#1853=LINE('',#10585,#2588);
#1854=LINE('',#10588,#2589);
#1855=LINE('',#10589,#2590);
#1856=LINE('',#10592,#2591);
#1857=LINE('',#10594,#2592);
#1858=LINE('',#10598,#2593);
#1859=LINE('',#10600,#2594);
#1860=LINE('',#10601,#2595);
#1861=LINE('',#10622,#2596);
#1862=LINE('',#10629,#2597);
#1863=LINE('',#10654,#2598);
#1864=LINE('',#10679,#2599);
#1865=LINE('',#10705,#2600);
#1866=LINE('',#10730,#2601);
#1867=LINE('',#10751,#2602);
#1868=LINE('',#10758,#2603);
#1869=LINE('',#10782,#2604);
#1870=LINE('',#10807,#2605);
#1871=LINE('',#10832,#2606);
#1872=LINE('',#10857,#2607);
#1873=LINE('',#10882,#2608);
#1874=LINE('',#10907,#2609);
#1875=LINE('',#10928,#2610);
#1876=LINE('',#10935,#2611);
#1877=LINE('',#10960,#2612);
#1878=LINE('',#10963,#2613);
#1879=LINE('',#10965,#2614);
#1880=LINE('',#10966,#2615);
#1881=LINE('',#10969,#2616);
#1882=LINE('',#10971,#2617);
#1883=LINE('',#10972,#2618);
#1884=LINE('',#10993,#2619);
#1885=LINE('',#11000,#2620);
#1886=LINE('',#11025,#2621);
#1887=LINE('',#11050,#2622);
#1888=LINE('',#11075,#2623);
#1889=LINE('',#11099,#2624);
#1890=LINE('',#11102,#2625);
#1891=LINE('',#11104,#2626);
#1892=LINE('',#11105,#2627);
#1893=LINE('',#11109,#2628);
#1894=LINE('',#11111,#2629);
#1895=LINE('',#11113,#2630);
#1896=LINE('',#11114,#2631);
#1897=LINE('',#11139,#2632);
#1898=LINE('',#11164,#2633);
#1899=LINE('',#11189,#2634);
#1900=LINE('',#11214,#2635);
#1901=LINE('',#11239,#2636);
#1902=LINE('',#11264,#2637);
#1903=LINE('',#11289,#2638);
#1904=LINE('',#11314,#2639);
#1905=LINE('',#11339,#2640);
#1906=LINE('',#11364,#2641);
#1907=LINE('',#11389,#2642);
#1908=LINE('',#11413,#2643);
#1909=LINE('',#11438,#2644);
#1910=LINE('',#11441,#2645);
#1911=LINE('',#11443,#2646);
#1912=LINE('',#11444,#2647);
#1913=LINE('',#11448,#2648);
#1914=LINE('',#11450,#2649);
#1915=LINE('',#11452,#2650);
#1916=LINE('',#11453,#2651);
#1917=LINE('',#11456,#2652);
#1918=LINE('',#11458,#2653);
#1919=LINE('',#11459,#2654);
#1920=LINE('',#11463,#2655);
#1921=LINE('',#11465,#2656);
#1922=LINE('',#11467,#2657);
#1923=LINE('',#11468,#2658);
#1924=LINE('',#11471,#2659);
#1925=LINE('',#11473,#2660);
#1926=LINE('',#11474,#2661);
#1927=LINE('',#11477,#2662);
#1928=LINE('',#11479,#2663);
#1929=LINE('',#11480,#2664);
#1930=LINE('',#11483,#2665);
#1931=LINE('',#11485,#2666);
#1932=LINE('',#11486,#2667);
#1933=LINE('',#11507,#2668);
#1934=LINE('',#11514,#2669);
#1935=LINE('',#11539,#2670);
#1936=LINE('',#11564,#2671);
#1937=LINE('',#11589,#2672);
#1938=LINE('',#11614,#2673);
#1939=LINE('',#11639,#2674);
#1940=LINE('',#11664,#2675);
#1941=LINE('',#11689,#2676);
#1942=LINE('',#11714,#2677);
#1943=LINE('',#11739,#2678);
#1944=LINE('',#11742,#2679);
#1945=LINE('',#11744,#2680);
#1946=LINE('',#11745,#2681);
#1947=LINE('',#11749,#2682);
#1948=LINE('',#11751,#2683);
#1949=LINE('',#11753,#2684);
#1950=LINE('',#11754,#2685);
#1951=LINE('',#11757,#2686);
#1952=LINE('',#11759,#2687);
#1953=LINE('',#11760,#2688);
#1954=LINE('',#11781,#2689);
#1955=LINE('',#11788,#2690);
#1956=LINE('',#11813,#2691);
#1957=LINE('',#11838,#2692);
#1958=LINE('',#11841,#2693);
#1959=LINE('',#11843,#2694);
#1960=LINE('',#11844,#2695);
#1961=LINE('',#11865,#2696);
#1962=LINE('',#11872,#2697);
#1963=LINE('',#11897,#2698);
#1964=LINE('',#11922,#2699);
#1965=LINE('',#11947,#2700);
#1966=LINE('',#11972,#2701);
#1967=LINE('',#11975,#2702);
#1968=LINE('',#11977,#2703);
#1969=LINE('',#11978,#2704);
#1970=LINE('',#11981,#2705);
#1971=LINE('',#11983,#2706);
#1972=LINE('',#11984,#2707);
#1973=LINE('',#11987,#2708);
#1974=LINE('',#11989,#2709);
#1975=LINE('',#11990,#2710);
#1976=LINE('',#11993,#2711);
#1977=LINE('',#11995,#2712);
#1978=LINE('',#11996,#2713);
#1979=LINE('',#11999,#2714);
#1980=LINE('',#12001,#2715);
#1981=LINE('',#12002,#2716);
#1982=LINE('',#12027,#2717);
#1983=LINE('',#12052,#2718);
#1984=LINE('',#12055,#2719);
#1985=LINE('',#12057,#2720);
#1986=LINE('',#12058,#2721);
#1987=LINE('',#12062,#2722);
#1988=LINE('',#12064,#2723);
#1989=LINE('',#12066,#2724);
#1990=LINE('',#12067,#2725);
#1991=LINE('',#12070,#2726);
#1992=LINE('',#12072,#2727);
#1993=LINE('',#12073,#2728);
#1994=LINE('',#12094,#2729);
#1995=LINE('',#12101,#2730);
#1996=LINE('',#12126,#2731);
#1997=LINE('',#12150,#2732);
#1998=LINE('',#12175,#2733);
#1999=LINE('',#12200,#2734);
#2000=LINE('',#12225,#2735);
#2001=LINE('',#12228,#2736);
#2002=LINE('',#12230,#2737);
#2003=LINE('',#12231,#2738);
#2004=LINE('',#12234,#2739);
#2005=LINE('',#12236,#2740);
#2006=LINE('',#12237,#2741);
#2007=LINE('',#12258,#2742);
#2008=LINE('',#12265,#2743);
#2009=LINE('',#12290,#2744);
#2010=LINE('',#12293,#2745);
#2011=LINE('',#12295,#2746);
#2012=LINE('',#12296,#2747);
#2013=LINE('',#12299,#2748);
#2014=LINE('',#12301,#2749);
#2015=LINE('',#12302,#2750);
#2016=LINE('',#12305,#2751);
#2017=LINE('',#12307,#2752);
#2018=LINE('',#12308,#2753);
#2019=LINE('',#12312,#2754);
#2020=LINE('',#12313,#2755);
#2021=LINE('',#12326,#2756);
#2022=LINE('',#12328,#2757);
#2023=LINE('',#12337,#2758);
#2024=LINE('',#12351,#2759);
#2025=LINE('',#12353,#2760);
#2026=LINE('',#12354,#2761);
#2027=LINE('',#12356,#2762);
#2028=LINE('',#12358,#2763);
#2029=LINE('',#12359,#2764);
#2030=LINE('',#12396,#2765);
#2031=LINE('',#12406,#2766);
#2032=LINE('',#12417,#2767);
#2033=LINE('',#12430,#2768);
#2034=LINE('',#12442,#2769);
#2035=LINE('',#12455,#2770);
#2036=LINE('',#12475,#2771);
#2037=LINE('',#12590,#2772);
#2038=LINE('',#12762,#2773);
#2039=LINE('',#12764,#2774);
#2040=LINE('',#12768,#2775);
#2041=LINE('',#12770,#2776);
#2042=LINE('',#12772,#2777);
#2043=LINE('',#12774,#2778);
#2044=LINE('',#12776,#2779);
#2045=LINE('',#12778,#2780);
#2046=LINE('',#12782,#2781);
#2047=LINE('',#12786,#2782);
#2048=LINE('',#12788,#2783);
#2049=LINE('',#12790,#2784);
#2050=LINE('',#12792,#2785);
#2051=LINE('',#12794,#2786);
#2052=LINE('',#12796,#2787);
#2053=LINE('',#12798,#2788);
#2054=LINE('',#12800,#2789);
#2055=LINE('',#12802,#2790);
#2056=LINE('',#12804,#2791);
#2057=LINE('',#12806,#2792);
#2058=LINE('',#12851,#2793);
#2059=LINE('',#12852,#2794);
#2060=LINE('',#12890,#2795);
#2061=LINE('',#12936,#2796);
#2062=LINE('',#12937,#2797);
#2063=LINE('',#12985,#2798);
#2064=LINE('',#12987,#2799);
#2065=LINE('',#12989,#2800);
#2066=LINE('',#12997,#2801);
#2067=LINE('',#13001,#2802);
#2068=LINE('',#13005,#2803);
#2069=LINE('',#13009,#2804);
#2070=LINE('',#13013,#2805);
#2071=LINE('',#13017,#2806);
#2072=LINE('',#13021,#2807);
#2073=LINE('',#13025,#2808);
#2074=LINE('',#13031,#2809);
#2075=LINE('',#13032,#2810);
#2076=LINE('',#13034,#2811);
#2077=LINE('',#13036,#2812);
#2078=LINE('',#13039,#2813);
#2079=LINE('',#13042,#2814);
#2080=LINE('',#13044,#2815);
#2081=LINE('',#13046,#2816);
#2082=LINE('',#13047,#2817);
#2083=LINE('',#13055,#2818);
#2084=LINE('',#13057,#2819);
#2085=LINE('',#13082,#2820);
#2086=LINE('',#13083,#2821);
#2087=LINE('',#13086,#2822);
#2088=LINE('',#13087,#2823);
#2089=LINE('',#13113,#2824);
#2090=LINE('',#13115,#2825);
#2091=LINE('',#13117,#2826);
#2092=LINE('',#13119,#2827);
#2093=LINE('',#13121,#2828);
#2094=LINE('',#13123,#2829);
#2095=LINE('',#13124,#2830);
#2096=LINE('',#13127,#2831);
#2097=LINE('',#13128,#2832);
#2098=LINE('',#13188,#2833);
#2099=LINE('',#13190,#2834);
#2100=LINE('',#13292,#2835);
#2101=LINE('',#13335,#2836);
#2102=LINE('',#13337,#2837);
#2103=LINE('',#13339,#2838);
#2104=LINE('',#13340,#2839);
#2105=LINE('',#13359,#2840);
#2106=LINE('',#13378,#2841);
#2107=LINE('',#13397,#2842);
#2108=LINE('',#13416,#2843);
#2109=LINE('',#13435,#2844);
#2110=LINE('',#13471,#2845);
#2111=LINE('',#13490,#2846);
#2112=LINE('',#13509,#2847);
#2113=LINE('',#13530,#2848);
#2114=LINE('',#13531,#2849);
#2115=LINE('',#13534,#2850);
#2116=LINE('',#13535,#2851);
#2117=LINE('',#13554,#2852);
#2118=LINE('',#13573,#2853);
#2119=LINE('',#13592,#2854);
#2120=LINE('',#13593,#2855);
#2121=LINE('',#13612,#2856);
#2122=LINE('',#13631,#2857);
#2123=LINE('',#13668,#2858);
#2124=LINE('',#13687,#2859);
#2125=LINE('',#13706,#2860);
#2126=LINE('',#13725,#2861);
#2127=LINE('',#13744,#2862);
#2128=LINE('',#13762,#2863);
#2129=LINE('',#13781,#2864);
#2130=LINE('',#13800,#2865);
#2131=LINE('',#13819,#2866);
#2132=LINE('',#13838,#2867);
#2133=LINE('',#13857,#2868);
#2134=LINE('',#13876,#2869);
#2135=LINE('',#13895,#2870);
#2136=LINE('',#13916,#2871);
#2137=LINE('',#13917,#2872);
#2138=LINE('',#13920,#2873);
#2139=LINE('',#13921,#2874);
#2140=LINE('',#13924,#2875);
#2141=LINE('',#13925,#2876);
#2142=LINE('',#13927,#2877);
#2143=LINE('',#13929,#2878);
#2144=LINE('',#13933,#2879);
#2145=LINE('',#13934,#2880);
#2146=LINE('',#13937,#2881);
#2147=LINE('',#13938,#2882);
#2148=LINE('',#13941,#2883);
#2149=LINE('',#13942,#2884);
#2150=LINE('',#13945,#2885);
#2151=LINE('',#13946,#2886);
#2152=LINE('',#13949,#2887);
#2153=LINE('',#13950,#2888);
#2154=LINE('',#13953,#2889);
#2155=LINE('',#13954,#2890);
#2156=LINE('',#13957,#2891);
#2157=LINE('',#13958,#2892);
#2158=LINE('',#13961,#2893);
#2159=LINE('',#13962,#2894);
#2160=LINE('',#13965,#2895);
#2161=LINE('',#13966,#2896);
#2162=LINE('',#13985,#2897);
#2163=LINE('',#14004,#2898);
#2164=LINE('',#14023,#2899);
#2165=LINE('',#14042,#2900);
#2166=LINE('',#14043,#2901);
#2167=LINE('',#14046,#2902);
#2168=LINE('',#14047,#2903);
#2169=LINE('',#14066,#2904);
#2170=LINE('',#14085,#2905);
#2171=LINE('',#14104,#2906);
#2172=LINE('',#14123,#2907);
#2173=LINE('',#14142,#2908);
#2174=LINE('',#14161,#2909);
#2175=LINE('',#14180,#2910);
#2176=LINE('',#14199,#2911);
#2177=LINE('',#14218,#2912);
#2178=LINE('',#14237,#2913);
#2179=LINE('',#14256,#2914);
#2180=LINE('',#14258,#2915);
#2181=LINE('',#14262,#2916);
#2182=LINE('',#14263,#2917);
#2183=LINE('',#14265,#2918);
#2184=LINE('',#14269,#2919);
#2185=LINE('',#14270,#2920);
#2186=LINE('',#14288,#2921);
#2187=LINE('',#14307,#2922);
#2188=LINE('',#14326,#2923);
#2189=LINE('',#14345,#2924);
#2190=LINE('',#14363,#2925);
#2191=LINE('',#14365,#2926);
#2192=LINE('',#14369,#2927);
#2193=LINE('',#14370,#2928);
#2194=LINE('',#14389,#2929);
#2195=LINE('',#14408,#2930);
#2196=LINE('',#14410,#2931);
#2197=LINE('',#14413,#2932);
#2198=LINE('',#14418,#2933);
#2199=LINE('',#14425,#2934);
#2200=LINE('',#14432,#2935);
#2201=LINE('',#14439,#2936);
#2202=LINE('',#14446,#2937);
#2203=LINE('',#14448,#2938);
#2204=LINE('',#14451,#2939);
#2205=LINE('',#14453,#2940);
#2206=LINE('',#14458,#2941);
#2207=LINE('',#14460,#2942);
#2208=LINE('',#14462,#2943);
#2209=LINE('',#14463,#2944);
#2210=LINE('',#14466,#2945);
#2211=LINE('',#14468,#2946);
#2212=LINE('',#14469,#2947);
#2213=LINE('',#14471,#2948);
#2214=LINE('',#14472,#2949);
#2215=LINE('',#14475,#2950);
#2216=LINE('',#14477,#2951);
#2217=LINE('',#14478,#2952);
#2218=LINE('',#14481,#2953);
#2219=LINE('',#14483,#2954);
#2220=LINE('',#14484,#2955);
#2221=LINE('',#14487,#2956);
#2222=LINE('',#14489,#2957);
#2223=LINE('',#14490,#2958);
#2224=LINE('',#14492,#2959);
#2225=LINE('',#14493,#2960);
#2226=LINE('',#14505,#2961);
#2227=LINE('',#14507,#2962);
#2228=LINE('',#14511,#2963);
#2229=LINE('',#14513,#2964);
#2230=LINE('',#14514,#2965);
#2231=LINE('',#14517,#2966);
#2232=LINE('',#14518,#2967);
#2233=LINE('',#14521,#2968);
#2234=LINE('',#14522,#2969);
#2235=LINE('',#14524,#2970);
#2236=LINE('',#14530,#2971);
#2237=LINE('',#14532,#2972);
#2238=LINE('',#14534,#2973);
#2239=LINE('',#14536,#2974);
#2240=LINE('',#14540,#2975);
#2241=LINE('',#14542,#2976);
#2242=LINE('',#14544,#2977);
#2243=LINE('',#14545,#2978);
#2244=LINE('',#14547,#2979);
#2245=LINE('',#14548,#2980);
#2246=LINE('',#14550,#2981);
#2247=LINE('',#14552,#2982);
#2248=VECTOR('',#8137,10.);
#2249=VECTOR('',#8138,10.);
#2250=VECTOR('',#8141,10.);
#2251=VECTOR('',#8144,10.);
#2252=VECTOR('',#8151,10.);
#2253=VECTOR('',#8154,10.);
#2254=VECTOR('',#8157,10.);
#2255=VECTOR('',#8160,10.);
#2256=VECTOR('',#8161,10.);
#2257=VECTOR('',#8162,10.);
#2258=VECTOR('',#8163,10.);
#2259=VECTOR('',#8164,10.);
#2260=VECTOR('',#8167,10.);
#2261=VECTOR('',#8168,10.);
#2262=VECTOR('',#8169,10.);
#2263=VECTOR('',#8170,10.);
#2264=VECTOR('',#8171,10.);
#2265=VECTOR('',#8172,10.);
#2266=VECTOR('',#8173,10.);
#2267=VECTOR('',#8174,10.);
#2268=VECTOR('',#8175,10.);
#2269=VECTOR('',#8176,10.);
#2270=VECTOR('',#8177,10.);
#2271=VECTOR('',#8178,10.);
#2272=VECTOR('',#8179,10.);
#2273=VECTOR('',#8180,10.);
#2274=VECTOR('',#8181,10.);
#2275=VECTOR('',#8182,10.);
#2276=VECTOR('',#8183,10.);
#2277=VECTOR('',#8184,10.);
#2278=VECTOR('',#8185,10.);
#2279=VECTOR('',#8186,10.);
#2280=VECTOR('',#8187,10.);
#2281=VECTOR('',#8188,10.);
#2282=VECTOR('',#8189,10.);
#2283=VECTOR('',#8190,10.);
#2284=VECTOR('',#8191,10.);
#2285=VECTOR('',#8192,10.);
#2286=VECTOR('',#8193,10.);
#2287=VECTOR('',#8196,10.);
#2288=VECTOR('',#8197,10.);
#2289=VECTOR('',#8198,10.);
#2290=VECTOR('',#8199,10.);
#2291=VECTOR('',#8202,10.);
#2292=VECTOR('',#8203,10.);
#2293=VECTOR('',#8204,10.);
#2294=VECTOR('',#8205,10.);
#2295=VECTOR('',#8208,10.);
#2296=VECTOR('',#8209,10.);
#2297=VECTOR('',#8210,10.);
#2298=VECTOR('',#8211,10.);
#2299=VECTOR('',#8214,10.);
#2300=VECTOR('',#8215,10.);
#2301=VECTOR('',#8216,10.);
#2302=VECTOR('',#8217,10.);
#2303=VECTOR('',#8220,10.);
#2304=VECTOR('',#8221,10.);
#2305=VECTOR('',#8222,10.);
#2306=VECTOR('',#8223,10.);
#2307=VECTOR('',#8226,10.);
#2308=VECTOR('',#8227,10.);
#2309=VECTOR('',#8228,10.);
#2310=VECTOR('',#8229,10.);
#2311=VECTOR('',#8232,10.);
#2312=VECTOR('',#8233,10.);
#2313=VECTOR('',#8234,10.);
#2314=VECTOR('',#8235,10.);
#2315=VECTOR('',#8238,10.);
#2316=VECTOR('',#8239,10.);
#2317=VECTOR('',#8240,10.);
#2318=VECTOR('',#8241,10.);
#2319=VECTOR('',#8244,10.);
#2320=VECTOR('',#8245,10.);
#2321=VECTOR('',#8246,10.);
#2322=VECTOR('',#8247,10.);
#2323=VECTOR('',#8250,10.);
#2324=VECTOR('',#8251,10.);
#2325=VECTOR('',#8254,10.);
#2326=VECTOR('',#8257,10.);
#2327=VECTOR('',#8260,10.);
#2328=VECTOR('',#8261,10.);
#2329=VECTOR('',#8264,10.);
#2330=VECTOR('',#8267,10.);
#2331=VECTOR('',#8270,10.);
#2332=VECTOR('',#8271,10.);
#2333=VECTOR('',#8274,10.);
#2334=VECTOR('',#8277,10.);
#2335=VECTOR('',#8280,10.);
#2336=VECTOR('',#8281,10.);
#2337=VECTOR('',#8284,10.);
#2338=VECTOR('',#8287,10.);
#2339=VECTOR('',#8290,10.);
#2340=VECTOR('',#8291,10.);
#2341=VECTOR('',#8294,10.);
#2342=VECTOR('',#8297,10.);
#2343=VECTOR('',#8300,10.);
#2344=VECTOR('',#8301,10.);
#2345=VECTOR('',#8304,10.);
#2346=VECTOR('',#8307,10.);
#2347=VECTOR('',#8310,10.);
#2348=VECTOR('',#8311,10.);
#2349=VECTOR('',#8314,10.);
#2350=VECTOR('',#8317,10.);
#2351=VECTOR('',#8320,10.);
#2352=VECTOR('',#8321,10.);
#2353=VECTOR('',#8324,10.);
#2354=VECTOR('',#8327,10.);
#2355=VECTOR('',#8330,10.);
#2356=VECTOR('',#8331,10.);
#2357=VECTOR('',#8334,10.);
#2358=VECTOR('',#8337,10.);
#2359=VECTOR('',#8340,10.);
#2360=VECTOR('',#8341,10.);
#2361=VECTOR('',#8344,10.);
#2362=VECTOR('',#8347,10.);
#2363=VECTOR('',#8350,10.);
#2364=VECTOR('',#8351,10.);
#2365=VECTOR('',#8354,10.);
#2366=VECTOR('',#8357,10.);
#2367=VECTOR('',#8360,10.);
#2368=VECTOR('',#8361,10.);
#2369=VECTOR('',#8364,10.);
#2370=VECTOR('',#8367,10.);
#2371=VECTOR('',#8370,10.);
#2372=VECTOR('',#8371,10.);
#2373=VECTOR('',#8374,10.);
#2374=VECTOR('',#8377,10.);
#2375=VECTOR('',#8380,10.);
#2376=VECTOR('',#8381,10.);
#2377=VECTOR('',#8382,10.);
#2378=VECTOR('',#8383,10.);
#2379=VECTOR('',#8384,10.);
#2380=VECTOR('',#8385,10.);
#2381=VECTOR('',#8386,10.);
#2382=VECTOR('',#8387,10.);
#2383=VECTOR('',#8388,10.);
#2384=VECTOR('',#8389,10.);
#2385=VECTOR('',#8390,10.);
#2386=VECTOR('',#8391,10.);
#2387=VECTOR('',#8392,10.);
#2388=VECTOR('',#8393,10.);
#2389=VECTOR('',#8394,10.);
#2390=VECTOR('',#8395,10.);
#2391=VECTOR('',#8396,10.);
#2392=VECTOR('',#8397,10.);
#2393=VECTOR('',#8398,10.);
#2394=VECTOR('',#8399,10.);
#2395=VECTOR('',#8400,10.);
#2396=VECTOR('',#8401,10.);
#2397=VECTOR('',#8402,10.);
#2398=VECTOR('',#8403,10.);
#2399=VECTOR('',#8404,10.);
#2400=VECTOR('',#8405,10.);
#2401=VECTOR('',#8406,10.);
#2402=VECTOR('',#8407,10.);
#2403=VECTOR('',#8408,10.);
#2404=VECTOR('',#8409,10.);
#2405=VECTOR('',#8410,10.);
#2406=VECTOR('',#8411,10.);
#2407=VECTOR('',#8414,10.);
#2408=VECTOR('',#8415,10.);
#2409=VECTOR('',#8418,10.);
#2410=VECTOR('',#8441,0.875000000000004);
#2411=VECTOR('',#8448,0.875000000000004);
#2412=VECTOR('',#8453,10.);
#2413=VECTOR('',#8454,10.);
#2414=VECTOR('',#8455,10.);
#2415=VECTOR('',#8456,10.);
#2416=VECTOR('',#8457,10.);
#2417=VECTOR('',#8458,10.);
#2418=VECTOR('',#8459,10.);
#2419=VECTOR('',#8460,10.);
#2420=VECTOR('',#8461,10.);
#2421=VECTOR('',#8462,10.);
#2422=VECTOR('',#8463,10.);
#2423=VECTOR('',#8464,10.);
#2424=VECTOR('',#8465,10.);
#2425=VECTOR('',#8466,10.);
#2426=VECTOR('',#8467,10.);
#2427=VECTOR('',#8468,10.);
#2428=VECTOR('',#8469,10.);
#2429=VECTOR('',#8474,1.1);
#2430=VECTOR('',#8479,10.);
#2431=VECTOR('',#8480,10.);
#2432=VECTOR('',#8481,10.);
#2433=VECTOR('',#8482,10.);
#2434=VECTOR('',#8485,10.);
#2435=VECTOR('',#8486,10.);
#2436=VECTOR('',#8487,10.);
#2437=VECTOR('',#8490,10.);
#2438=VECTOR('',#8491,10.);
#2439=VECTOR('',#8496,10.);
#2440=VECTOR('',#8497,10.);
#2441=VECTOR('',#8500,10.);
#2442=VECTOR('',#8503,10.);
#2443=VECTOR('',#8504,10.);
#2444=VECTOR('',#8505,10.);
#2445=VECTOR('',#8506,10.);
#2446=VECTOR('',#8509,10.);
#2447=VECTOR('',#8510,10.);
#2448=VECTOR('',#8511,10.);
#2449=VECTOR('',#8516,10.);
#2450=VECTOR('',#8517,10.);
#2451=VECTOR('',#8520,10.);
#2452=VECTOR('',#8521,10.);
#2453=VECTOR('',#8526,10.);
#2454=VECTOR('',#8527,10.);
#2455=VECTOR('',#8528,10.);
#2456=VECTOR('',#8529,10.);
#2457=VECTOR('',#8534,10.);
#2458=VECTOR('',#8535,10.);
#2459=VECTOR('',#8538,10.);
#2460=VECTOR('',#8539,10.);
#2461=VECTOR('',#8550,10.);
#2462=VECTOR('',#8553,10.);
#2463=VECTOR('',#8558,10.);
#2464=VECTOR('',#8559,10.);
#2465=VECTOR('',#8560,10.);
#2466=VECTOR('',#8561,10.);
#2467=VECTOR('',#8564,10.);
#2468=VECTOR('',#8565,10.);
#2469=VECTOR('',#8566,10.);
#2470=VECTOR('',#8567,10.);
#2471=VECTOR('',#8568,10.);
#2472=VECTOR('',#8569,10.);
#2473=VECTOR('',#8570,10.);
#2474=VECTOR('',#8571,10.);
#2475=VECTOR('',#8576,10.);
#2476=VECTOR('',#8577,10.);
#2477=VECTOR('',#8578,10.);
#2478=VECTOR('',#8581,10.);
#2479=VECTOR('',#8582,10.);
#2480=VECTOR('',#8583,10.);
#2481=VECTOR('',#8584,10.);
#2482=VECTOR('',#8585,10.);
#2483=VECTOR('',#8586,10.);
#2484=VECTOR('',#8587,10.);
#2485=VECTOR('',#8588,10.);
#2486=VECTOR('',#8591,10.);
#2487=VECTOR('',#8592,10.);
#2488=VECTOR('',#8593,10.);
#2489=VECTOR('',#8596,10.);
#2490=VECTOR('',#8597,10.);
#2491=VECTOR('',#8600,10.);
#2492=VECTOR('',#8601,10.);
#2493=VECTOR('',#8602,10.);
#2494=VECTOR('',#8603,10.);
#2495=VECTOR('',#8604,10.);
#2496=VECTOR('',#8605,10.);
#2497=VECTOR('',#8606,10.);
#2498=VECTOR('',#8607,10.);
#2499=VECTOR('',#8610,10.);
#2500=VECTOR('',#8611,10.);
#2501=VECTOR('',#8612,10.);
#2502=VECTOR('',#8615,10.);
#2503=VECTOR('',#8616,10.);
#2504=VECTOR('',#8619,10.);
#2505=VECTOR('',#8620,10.);
#2506=VECTOR('',#8621,10.);
#2507=VECTOR('',#8622,10.);
#2508=VECTOR('',#8623,10.);
#2509=VECTOR('',#8624,10.);
#2510=VECTOR('',#8625,10.);
#2511=VECTOR('',#8628,10.);
#2512=VECTOR('',#8629,10.);
#2513=VECTOR('',#8630,10.);
#2514=VECTOR('',#8633,10.);
#2515=VECTOR('',#8634,10.);
#2516=VECTOR('',#8637,10.);
#2517=VECTOR('',#8638,10.);
#2518=VECTOR('',#8639,10.);
#2519=VECTOR('',#8640,10.);
#2520=VECTOR('',#8641,10.);
#2521=VECTOR('',#8642,10.);
#2522=VECTOR('',#8645,10.);
#2523=VECTOR('',#8646,10.);
#2524=VECTOR('',#8647,10.);
#2525=VECTOR('',#8648,10.);
#2526=VECTOR('',#8649,10.);
#2527=VECTOR('',#8650,10.);
#2528=VECTOR('',#8651,10.);
#2529=VECTOR('',#8652,10.);
#2530=VECTOR('',#8653,10.);
#2531=VECTOR('',#8654,10.);
#2532=VECTOR('',#8657,10.);
#2533=VECTOR('',#8662,10.);
#2534=VECTOR('',#8663,10.);
#2535=VECTOR('',#8666,10.);
#2536=VECTOR('',#8669,10.);
#2537=VECTOR('',#8672,10.);
#2538=VECTOR('',#8673,10.);
#2539=VECTOR('',#8674,10.);
#2540=VECTOR('',#8675,10.);
#2541=VECTOR('',#8676,10.);
#2542=VECTOR('',#8677,10.);
#2543=VECTOR('',#8678,10.);
#2544=VECTOR('',#8679,10.);
#2545=VECTOR('',#8680,10.);
#2546=VECTOR('',#8681,10.);
#2547=VECTOR('',#8682,10.);
#2548=VECTOR('',#8683,10.);
#2549=VECTOR('',#8684,10.);
#2550=VECTOR('',#8685,10.);
#2551=VECTOR('',#8686,10.);
#2552=VECTOR('',#8687,10.);
#2553=VECTOR('',#8692,10.);
#2554=VECTOR('',#8695,10.);
#2555=VECTOR('',#8698,10.);
#2556=VECTOR('',#8699,10.);
#2557=VECTOR('',#8704,10.);
#2558=VECTOR('',#8709,10.);
#2559=VECTOR('',#8710,10.);
#2560=VECTOR('',#8713,10.);
#2561=VECTOR('',#8714,10.);
#2562=VECTOR('',#8715,10.);
#2563=VECTOR('',#8720,10.);
#2564=VECTOR('',#8725,10.);
#2565=VECTOR('',#8726,10.);
#2566=VECTOR('',#8731,10.);
#2567=VECTOR('',#8736,10.);
#2568=VECTOR('',#8739,10.);
#2569=VECTOR('',#8742,10.);
#2570=VECTOR('',#8745,10.);
#2571=VECTOR('',#8748,10.);
#2572=VECTOR('',#8751,10.);
#2573=VECTOR('',#8752,10.);
#2574=VECTOR('',#8755,10.);
#2575=VECTOR('',#8762,10.);
#2576=VECTOR('',#8765,10.);
#2577=VECTOR('',#8768,10.);
#2578=VECTOR('',#8771,10.);
#2579=VECTOR('',#8774,10.);
#2580=VECTOR('',#8785,10.);
#2581=VECTOR('',#8788,10.);
#2582=VECTOR('',#8791,4.);
#2583=VECTOR('',#8796,10.);
#2584=VECTOR('',#8801,10.);
#2585=VECTOR('',#8804,10.);
#2586=VECTOR('',#8809,1.5);
#2587=VECTOR('',#8814,1.5);
#2588=VECTOR('',#8817,10.);
#2589=VECTOR('',#8820,10.);
#2590=VECTOR('',#8821,10.);
#2591=VECTOR('',#8826,10.);
#2592=VECTOR('',#8829,10.);
#2593=VECTOR('',#8834,10.);
#2594=VECTOR('',#8835,10.);
#2595=VECTOR('',#8836,10.);
#2596=VECTOR('',#8837,10.);
#2597=VECTOR('',#8838,10.);
#2598=VECTOR('',#8839,10.);
#2599=VECTOR('',#8840,10.);
#2600=VECTOR('',#8841,10.);
#2601=VECTOR('',#8842,10.);
#2602=VECTOR('',#8843,10.);
#2603=VECTOR('',#8844,10.);
#2604=VECTOR('',#8845,10.);
#2605=VECTOR('',#8846,10.);
#2606=VECTOR('',#8847,10.);
#2607=VECTOR('',#8848,10.);
#2608=VECTOR('',#8849,10.);
#2609=VECTOR('',#8850,10.);
#2610=VECTOR('',#8851,10.);
#2611=VECTOR('',#8852,10.);
#2612=VECTOR('',#8853,10.);
#2613=VECTOR('',#8856,10.);
#2614=VECTOR('',#8857,10.);
#2615=VECTOR('',#8858,10.);
#2616=VECTOR('',#8861,10.);
#2617=VECTOR('',#8862,10.);
#2618=VECTOR('',#8863,10.);
#2619=VECTOR('',#8864,10.);
#2620=VECTOR('',#8865,10.);
#2621=VECTOR('',#8866,10.);
#2622=VECTOR('',#8867,10.);
#2623=VECTOR('',#8868,10.);
#2624=VECTOR('',#8869,10.);
#2625=VECTOR('',#8872,10.);
#2626=VECTOR('',#8873,10.);
#2627=VECTOR('',#8874,10.);
#2628=VECTOR('',#8877,10.);
#2629=VECTOR('',#8878,10.);
#2630=VECTOR('',#8879,10.);
#2631=VECTOR('',#8880,10.);
#2632=VECTOR('',#8881,10.);
#2633=VECTOR('',#8882,10.);
#2634=VECTOR('',#8883,10.);
#2635=VECTOR('',#8884,10.);
#2636=VECTOR('',#8885,10.);
#2637=VECTOR('',#8886,10.);
#2638=VECTOR('',#8887,10.);
#2639=VECTOR('',#8888,10.);
#2640=VECTOR('',#8889,10.);
#2641=VECTOR('',#8890,10.);
#2642=VECTOR('',#8891,10.);
#2643=VECTOR('',#8892,10.);
#2644=VECTOR('',#8893,10.);
#2645=VECTOR('',#8896,10.);
#2646=VECTOR('',#8897,10.);
#2647=VECTOR('',#8898,10.);
#2648=VECTOR('',#8901,10.);
#2649=VECTOR('',#8902,10.);
#2650=VECTOR('',#8903,10.);
#2651=VECTOR('',#8904,10.);
#2652=VECTOR('',#8907,10.);
#2653=VECTOR('',#8908,10.);
#2654=VECTOR('',#8909,10.);
#2655=VECTOR('',#8912,10.);
#2656=VECTOR('',#8913,10.);
#2657=VECTOR('',#8914,10.);
#2658=VECTOR('',#8915,10.);
#2659=VECTOR('',#8918,10.);
#2660=VECTOR('',#8919,10.);
#2661=VECTOR('',#8920,10.);
#2662=VECTOR('',#8923,10.);
#2663=VECTOR('',#8924,10.);
#2664=VECTOR('',#8925,10.);
#2665=VECTOR('',#8928,10.);
#2666=VECTOR('',#8929,10.);
#2667=VECTOR('',#8930,10.);
#2668=VECTOR('',#8931,10.);
#2669=VECTOR('',#8932,10.);
#2670=VECTOR('',#8933,10.);
#2671=VECTOR('',#8934,10.);
#2672=VECTOR('',#8935,10.);
#2673=VECTOR('',#8936,10.);
#2674=VECTOR('',#8937,10.);
#2675=VECTOR('',#8938,10.);
#2676=VECTOR('',#8939,10.);
#2677=VECTOR('',#8940,10.);
#2678=VECTOR('',#8941,10.);
#2679=VECTOR('',#8944,10.);
#2680=VECTOR('',#8945,10.);
#2681=VECTOR('',#8946,10.);
#2682=VECTOR('',#8949,10.);
#2683=VECTOR('',#8950,10.);
#2684=VECTOR('',#8951,10.);
#2685=VECTOR('',#8952,10.);
#2686=VECTOR('',#8955,10.);
#2687=VECTOR('',#8956,10.);
#2688=VECTOR('',#8957,10.);
#2689=VECTOR('',#8958,10.);
#2690=VECTOR('',#8959,10.);
#2691=VECTOR('',#8960,10.);
#2692=VECTOR('',#8961,10.);
#2693=VECTOR('',#8964,10.);
#2694=VECTOR('',#8965,10.);
#2695=VECTOR('',#8966,10.);
#2696=VECTOR('',#8967,10.);
#2697=VECTOR('',#8968,10.);
#2698=VECTOR('',#8969,10.);
#2699=VECTOR('',#8970,10.);
#2700=VECTOR('',#8971,10.);
#2701=VECTOR('',#8972,10.);
#2702=VECTOR('',#8975,10.);
#2703=VECTOR('',#8976,10.);
#2704=VECTOR('',#8977,10.);
#2705=VECTOR('',#8980,10.);
#2706=VECTOR('',#8981,10.);
#2707=VECTOR('',#8982,10.);
#2708=VECTOR('',#8985,10.);
#2709=VECTOR('',#8986,10.);
#2710=VECTOR('',#8987,10.);
#2711=VECTOR('',#8990,10.);
#2712=VECTOR('',#8991,10.);
#2713=VECTOR('',#8992,10.);
#2714=VECTOR('',#8995,10.);
#2715=VECTOR('',#8996,10.);
#2716=VECTOR('',#8997,10.);
#2717=VECTOR('',#8998,10.);
#2718=VECTOR('',#8999,10.);
#2719=VECTOR('',#9002,10.);
#2720=VECTOR('',#9003,10.);
#2721=VECTOR('',#9004,10.);
#2722=VECTOR('',#9007,10.);
#2723=VECTOR('',#9008,10.);
#2724=VECTOR('',#9009,10.);
#2725=VECTOR('',#9010,10.);
#2726=VECTOR('',#9013,10.);
#2727=VECTOR('',#9014,10.);
#2728=VECTOR('',#9015,10.);
#2729=VECTOR('',#9016,10.);
#2730=VECTOR('',#9017,10.);
#2731=VECTOR('',#9018,10.);
#2732=VECTOR('',#9019,10.);
#2733=VECTOR('',#9020,10.);
#2734=VECTOR('',#9021,10.);
#2735=VECTOR('',#9022,10.);
#2736=VECTOR('',#9025,10.);
#2737=VECTOR('',#9026,10.);
#2738=VECTOR('',#9027,10.);
#2739=VECTOR('',#9030,10.);
#2740=VECTOR('',#9031,10.);
#2741=VECTOR('',#9032,10.);
#2742=VECTOR('',#9033,10.);
#2743=VECTOR('',#9034,10.);
#2744=VECTOR('',#9035,10.);
#2745=VECTOR('',#9038,10.);
#2746=VECTOR('',#9039,10.);
#2747=VECTOR('',#9040,10.);
#2748=VECTOR('',#9043,10.);
#2749=VECTOR('',#9044,10.);
#2750=VECTOR('',#9045,10.);
#2751=VECTOR('',#9048,10.);
#2752=VECTOR('',#9049,10.);
#2753=VECTOR('',#9050,10.);
#2754=VECTOR('',#9053,10.);
#2755=VECTOR('',#9054,10.);
#2756=VECTOR('',#9057,10.);
#2757=VECTOR('',#9060,10.);
#2758=VECTOR('',#9063,10.);
#2759=VECTOR('',#9066,10.);
#2760=VECTOR('',#9067,10.);
#2761=VECTOR('',#9068,10.);
#2762=VECTOR('',#9071,10.);
#2763=VECTOR('',#9072,10.);
#2764=VECTOR('',#9073,10.);
#2765=VECTOR('',#9078,10.);
#2766=VECTOR('',#9079,10.);
#2767=VECTOR('',#9082,10.);
#2768=VECTOR('',#9085,10.);
#2769=VECTOR('',#9086,10.);
#2770=VECTOR('',#9089,10.);
#2771=VECTOR('',#9090,10.);
#2772=VECTOR('',#9107,10.);
#2773=VECTOR('',#9118,10.);
#2774=VECTOR('',#9121,10.);
#2775=VECTOR('',#9128,10.);
#2776=VECTOR('',#9131,10.);
#2777=VECTOR('',#9134,10.);
#2778=VECTOR('',#9137,10.);
#2779=VECTOR('',#9140,10.);
#2780=VECTOR('',#9143,4.);
#2781=VECTOR('',#9150,10.);
#2782=VECTOR('',#9157,10.);
#2783=VECTOR('',#9160,10.);
#2784=VECTOR('',#9163,10.);
#2785=VECTOR('',#9166,10.);
#2786=VECTOR('',#9169,4.);
#2787=VECTOR('',#9172,10.);
#2788=VECTOR('',#9175,10.);
#2789=VECTOR('',#9178,10.);
#2790=VECTOR('',#9181,10.);
#2791=VECTOR('',#9184,10.);
#2792=VECTOR('',#9187,4.);
#2793=VECTOR('',#9204,10.);
#2794=VECTOR('',#9205,10.);
#2795=VECTOR('',#9216,10.);
#2796=VECTOR('',#9227,10.);
#2797=VECTOR('',#9228,10.);
#2798=VECTOR('',#9237,10.);
#2799=VECTOR('',#9240,10.);
#2800=VECTOR('',#9243,10.);
#2801=VECTOR('',#9256,1.7500092);
#2802=VECTOR('',#9261,3.7500092);
#2803=VECTOR('',#9266,1.7500092);
#2804=VECTOR('',#9271,3.7500092);
#2805=VECTOR('',#9276,1.7500092);
#2806=VECTOR('',#9281,3.7500092);
#2807=VECTOR('',#9286,1.7500092);
#2808=VECTOR('',#9291,3.7500092);
#2809=VECTOR('',#9302,10.);
#2810=VECTOR('',#9303,10.);
#2811=VECTOR('',#9306,10.);
#2812=VECTOR('',#9309,10.);
#2813=VECTOR('',#9314,10.);
#2814=VECTOR('',#9315,10.);
#2815=VECTOR('',#9316,10.);
#2816=VECTOR('',#9317,10.);
#2817=VECTOR('',#9318,10.);
#2818=VECTOR('',#9319,10.);
#2819=VECTOR('',#9320,10.);
#2820=VECTOR('',#9321,10.);
#2821=VECTOR('',#9322,10.);
#2822=VECTOR('',#9323,10.);
#2823=VECTOR('',#9324,10.);
#2824=VECTOR('',#9325,10.);
#2825=VECTOR('',#9326,10.);
#2826=VECTOR('',#9327,10.);
#2827=VECTOR('',#9328,10.);
#2828=VECTOR('',#9329,10.);
#2829=VECTOR('',#9330,10.);
#2830=VECTOR('',#9331,10.);
#2831=VECTOR('',#9332,10.);
#2832=VECTOR('',#9333,10.);
#2833=VECTOR('',#9334,10.);
#2834=VECTOR('',#9335,10.);
#2835=VECTOR('',#9336,10.);
#2836=VECTOR('',#9337,10.);
#2837=VECTOR('',#9338,10.);
#2838=VECTOR('',#9339,10.);
#2839=VECTOR('',#9340,10.);
#2840=VECTOR('',#9341,10.);
#2841=VECTOR('',#9342,10.);
#2842=VECTOR('',#9343,10.);
#2843=VECTOR('',#9344,10.);
#2844=VECTOR('',#9345,10.);
#2845=VECTOR('',#9346,10.);
#2846=VECTOR('',#9347,10.);
#2847=VECTOR('',#9348,10.);
#2848=VECTOR('',#9353,10.);
#2849=VECTOR('',#9354,10.);
#2850=VECTOR('',#9357,10.);
#2851=VECTOR('',#9358,10.);
#2852=VECTOR('',#9359,10.);
#2853=VECTOR('',#9360,10.);
#2854=VECTOR('',#9363,10.);
#2855=VECTOR('',#9364,10.);
#2856=VECTOR('',#9365,10.);
#2857=VECTOR('',#9366,10.);
#2858=VECTOR('',#9369,10.);
#2859=VECTOR('',#9370,10.);
#2860=VECTOR('',#9371,10.);
#2861=VECTOR('',#9372,10.);
#2862=VECTOR('',#9373,10.);
#2863=VECTOR('',#9374,10.);
#2864=VECTOR('',#9375,10.);
#2865=VECTOR('',#9376,10.);
#2866=VECTOR('',#9377,10.);
#2867=VECTOR('',#9378,10.);
#2868=VECTOR('',#9379,10.);
#2869=VECTOR('',#9380,10.);
#2870=VECTOR('',#9381,10.);
#2871=VECTOR('',#9386,10.);
#2872=VECTOR('',#9387,10.);
#2873=VECTOR('',#9390,10.);
#2874=VECTOR('',#9391,10.);
#2875=VECTOR('',#9394,10.);
#2876=VECTOR('',#9395,10.);
#2877=VECTOR('',#9398,10.);
#2878=VECTOR('',#9401,10.);
#2879=VECTOR('',#9406,10.);
#2880=VECTOR('',#9407,10.);
#2881=VECTOR('',#9410,10.);
#2882=VECTOR('',#9411,10.);
#2883=VECTOR('',#9414,10.);
#2884=VECTOR('',#9415,10.);
#2885=VECTOR('',#9418,10.);
#2886=VECTOR('',#9419,10.);
#2887=VECTOR('',#9422,10.);
#2888=VECTOR('',#9423,10.);
#2889=VECTOR('',#9426,10.);
#2890=VECTOR('',#9427,10.);
#2891=VECTOR('',#9430,10.);
#2892=VECTOR('',#9431,10.);
#2893=VECTOR('',#9434,10.);
#2894=VECTOR('',#9435,10.);
#2895=VECTOR('',#9438,10.);
#2896=VECTOR('',#9439,10.);
#2897=VECTOR('',#9440,10.);
#2898=VECTOR('',#9441,10.);
#2899=VECTOR('',#9442,10.);
#2900=VECTOR('',#9445,10.);
#2901=VECTOR('',#9446,10.);
#2902=VECTOR('',#9449,10.);
#2903=VECTOR('',#9450,10.);
#2904=VECTOR('',#9451,10.);
#2905=VECTOR('',#9454,10.);
#2906=VECTOR('',#9457,10.);
#2907=VECTOR('',#9458,10.);
#2908=VECTOR('',#9459,10.);
#2909=VECTOR('',#9460,10.);
#2910=VECTOR('',#9461,10.);
#2911=VECTOR('',#9462,10.);
#2912=VECTOR('',#9463,10.);
#2913=VECTOR('',#9464,10.);
#2914=VECTOR('',#9465,10.);
#2915=VECTOR('',#9468,10.);
#2916=VECTOR('',#9473,10.);
#2917=VECTOR('',#9474,10.);
#2918=VECTOR('',#9477,10.);
#2919=VECTOR('',#9482,10.);
#2920=VECTOR('',#9483,10.);
#2921=VECTOR('',#9484,10.);
#2922=VECTOR('',#9485,10.);
#2923=VECTOR('',#9486,10.);
#2924=VECTOR('',#9487,10.);
#2925=VECTOR('',#9488,10.);
#2926=VECTOR('',#9491,10.);
#2927=VECTOR('',#9496,10.);
#2928=VECTOR('',#9497,10.);
#2929=VECTOR('',#9498,10.);
#2930=VECTOR('',#9499,10.);
#2931=VECTOR('',#9502,10.);
#2932=VECTOR('',#9507,10.);
#2933=VECTOR('',#9516,10.);
#2934=VECTOR('',#9525,4.);
#2935=VECTOR('',#9534,4.);
#2936=VECTOR('',#9543,4.);
#2937=VECTOR('',#9552,4.);
#2938=VECTOR('',#9555,10.);
#2939=VECTOR('',#9560,10.);
#2940=VECTOR('',#9563,10.);
#2941=VECTOR('',#9568,10.);
#2942=VECTOR('',#9569,10.);
#2943=VECTOR('',#9570,10.);
#2944=VECTOR('',#9571,10.);
#2945=VECTOR('',#9574,10.);
#2946=VECTOR('',#9575,10.);
#2947=VECTOR('',#9576,10.);
#2948=VECTOR('',#9579,10.);
#2949=VECTOR('',#9580,10.);
#2950=VECTOR('',#9583,10.);
#2951=VECTOR('',#9584,10.);
#2952=VECTOR('',#9585,10.);
#2953=VECTOR('',#9588,10.);
#2954=VECTOR('',#9589,10.);
#2955=VECTOR('',#9590,10.);
#2956=VECTOR('',#9593,10.);
#2957=VECTOR('',#9594,10.);
#2958=VECTOR('',#9595,10.);
#2959=VECTOR('',#9598,10.);
#2960=VECTOR('',#9599,10.);
#2961=VECTOR('',#9614,10.);
#2962=VECTOR('',#9617,10.);
#2963=VECTOR('',#9622,10.);
#2964=VECTOR('',#9623,10.);
#2965=VECTOR('',#9624,10.);
#2966=VECTOR('',#9627,10.);
#2967=VECTOR('',#9628,10.);
#2968=VECTOR('',#9631,10.);
#2969=VECTOR('',#9632,10.);
#2970=VECTOR('',#9635,10.);
#2971=VECTOR('',#9644,0.800000000000001);
#2972=VECTOR('',#9647,0.800000000000001);
#2973=VECTOR('',#9650,0.800000000000001);
#2974=VECTOR('',#9653,0.800000000000001);
#2975=VECTOR('',#9656,10.);
#2976=VECTOR('',#9657,10.);
#2977=VECTOR('',#9658,10.);
#2978=VECTOR('',#9659,10.);
#2979=VECTOR('',#9662,10.);
#2980=VECTOR('',#9663,10.);
#2981=VECTOR('',#9666,10.);
#2982=VECTOR('',#9669,10.);
#2983=VERTEX_POINT('',#9678);
#2984=VERTEX_POINT('',#9679);
#2985=VERTEX_POINT('',#9681);
#2986=VERTEX_POINT('',#9683);
#2987=VERTEX_POINT('',#9685);
#2988=VERTEX_POINT('',#9687);
#2989=VERTEX_POINT('',#9690);
#2990=VERTEX_POINT('',#9692);
#2991=VERTEX_POINT('',#9695);
#2992=VERTEX_POINT('',#9696);
#2993=VERTEX_POINT('',#9698);
#2994=VERTEX_POINT('',#9700);
#2995=VERTEX_POINT('',#9702);
#2996=VERTEX_POINT('',#9704);
#2997=VERTEX_POINT('',#9706);
#2998=VERTEX_POINT('',#9708);
#2999=VERTEX_POINT('',#9710);
#3000=VERTEX_POINT('',#9712);
#3001=VERTEX_POINT('',#9714);
#3002=VERTEX_POINT('',#9716);
#3003=VERTEX_POINT('',#9719);
#3004=VERTEX_POINT('',#9721);
#3005=VERTEX_POINT('',#9723);
#3006=VERTEX_POINT('',#9725);
#3007=VERTEX_POINT('',#9727);
#3008=VERTEX_POINT('',#9729);
#3009=VERTEX_POINT('',#9731);
#3010=VERTEX_POINT('',#9733);
#3011=VERTEX_POINT('',#9735);
#3012=VERTEX_POINT('',#9737);
#3013=VERTEX_POINT('',#9739);
#3014=VERTEX_POINT('',#9741);
#3015=VERTEX_POINT('',#9743);
#3016=VERTEX_POINT('',#9745);
#3017=VERTEX_POINT('',#9747);
#3018=VERTEX_POINT('',#9749);
#3019=VERTEX_POINT('',#9751);
#3020=VERTEX_POINT('',#9753);
#3021=VERTEX_POINT('',#9755);
#3022=VERTEX_POINT('',#9757);
#3023=VERTEX_POINT('',#9759);
#3024=VERTEX_POINT('',#9761);
#3025=VERTEX_POINT('',#9763);
#3026=VERTEX_POINT('',#9765);
#3027=VERTEX_POINT('',#9767);
#3028=VERTEX_POINT('',#9769);
#3029=VERTEX_POINT('',#9773);
#3030=VERTEX_POINT('',#9774);
#3031=VERTEX_POINT('',#9776);
#3032=VERTEX_POINT('',#9778);
#3033=VERTEX_POINT('',#9782);
#3034=VERTEX_POINT('',#9783);
#3035=VERTEX_POINT('',#9785);
#3036=VERTEX_POINT('',#9787);
#3037=VERTEX_POINT('',#9791);
#3038=VERTEX_POINT('',#9792);
#3039=VERTEX_POINT('',#9794);
#3040=VERTEX_POINT('',#9796);
#3041=VERTEX_POINT('',#9800);
#3042=VERTEX_POINT('',#9801);
#3043=VERTEX_POINT('',#9803);
#3044=VERTEX_POINT('',#9805);
#3045=VERTEX_POINT('',#9809);
#3046=VERTEX_POINT('',#9810);
#3047=VERTEX_POINT('',#9812);
#3048=VERTEX_POINT('',#9814);
#3049=VERTEX_POINT('',#9818);
#3050=VERTEX_POINT('',#9819);
#3051=VERTEX_POINT('',#9821);
#3052=VERTEX_POINT('',#9823);
#3053=VERTEX_POINT('',#9827);
#3054=VERTEX_POINT('',#9828);
#3055=VERTEX_POINT('',#9830);
#3056=VERTEX_POINT('',#9832);
#3057=VERTEX_POINT('',#9836);
#3058=VERTEX_POINT('',#9837);
#3059=VERTEX_POINT('',#9839);
#3060=VERTEX_POINT('',#9841);
#3061=VERTEX_POINT('',#9845);
#3062=VERTEX_POINT('',#9846);
#3063=VERTEX_POINT('',#9848);
#3064=VERTEX_POINT('',#9850);
#3065=VERTEX_POINT('',#9854);
#3066=VERTEX_POINT('',#9856);
#3067=VERTEX_POINT('',#9858);
#3068=VERTEX_POINT('',#9860);
#3069=VERTEX_POINT('',#9862);
#3070=VERTEX_POINT('',#9866);
#3071=VERTEX_POINT('',#9868);
#3072=VERTEX_POINT('',#9870);
#3073=VERTEX_POINT('',#9872);
#3074=VERTEX_POINT('',#9874);
#3075=VERTEX_POINT('',#9878);
#3076=VERTEX_POINT('',#9880);
#3077=VERTEX_POINT('',#9882);
#3078=VERTEX_POINT('',#9884);
#3079=VERTEX_POINT('',#9886);
#3080=VERTEX_POINT('',#9890);
#3081=VERTEX_POINT('',#9892);
#3082=VERTEX_POINT('',#9894);
#3083=VERTEX_POINT('',#9896);
#3084=VERTEX_POINT('',#9898);
#3085=VERTEX_POINT('',#9902);
#3086=VERTEX_POINT('',#9904);
#3087=VERTEX_POINT('',#9906);
#3088=VERTEX_POINT('',#9908);
#3089=VERTEX_POINT('',#9910);
#3090=VERTEX_POINT('',#9914);
#3091=VERTEX_POINT('',#9916);
#3092=VERTEX_POINT('',#9918);
#3093=VERTEX_POINT('',#9920);
#3094=VERTEX_POINT('',#9922);
#3095=VERTEX_POINT('',#9926);
#3096=VERTEX_POINT('',#9928);
#3097=VERTEX_POINT('',#9930);
#3098=VERTEX_POINT('',#9932);
#3099=VERTEX_POINT('',#9934);
#3100=VERTEX_POINT('',#9938);
#3101=VERTEX_POINT('',#9940);
#3102=VERTEX_POINT('',#9942);
#3103=VERTEX_POINT('',#9944);
#3104=VERTEX_POINT('',#9946);
#3105=VERTEX_POINT('',#9950);
#3106=VERTEX_POINT('',#9952);
#3107=VERTEX_POINT('',#9954);
#3108=VERTEX_POINT('',#9956);
#3109=VERTEX_POINT('',#9958);
#3110=VERTEX_POINT('',#9962);
#3111=VERTEX_POINT('',#9964);
#3112=VERTEX_POINT('',#9966);
#3113=VERTEX_POINT('',#9968);
#3114=VERTEX_POINT('',#9970);
#3115=VERTEX_POINT('',#9974);
#3116=VERTEX_POINT('',#9976);
#3117=VERTEX_POINT('',#9978);
#3118=VERTEX_POINT('',#9980);
#3119=VERTEX_POINT('',#9982);
#3120=VERTEX_POINT('',#9986);
#3121=VERTEX_POINT('',#9988);
#3122=VERTEX_POINT('',#9990);
#3123=VERTEX_POINT('',#9992);
#3124=VERTEX_POINT('',#9994);
#3125=VERTEX_POINT('',#9998);
#3126=VERTEX_POINT('',#10000);
#3127=VERTEX_POINT('',#10002);
#3128=VERTEX_POINT('',#10004);
#3129=VERTEX_POINT('',#10006);
#3130=VERTEX_POINT('',#10010);
#3131=VERTEX_POINT('',#10012);
#3132=VERTEX_POINT('',#10014);
#3133=VERTEX_POINT('',#10017);
#3134=VERTEX_POINT('',#10019);
#3135=VERTEX_POINT('',#10027);
#3136=VERTEX_POINT('',#10030);
#3137=VERTEX_POINT('',#10033);
#3138=VERTEX_POINT('',#10035);
#3139=VERTEX_POINT('',#10038);
#3140=VERTEX_POINT('',#10040);
#3141=VERTEX_POINT('',#10042);
#3142=VERTEX_POINT('',#10044);
#3143=VERTEX_POINT('',#10047);
#3144=VERTEX_POINT('',#10048);
#3145=VERTEX_POINT('',#10050);
#3146=VERTEX_POINT('',#10052);
#3147=VERTEX_POINT('',#10055);
#3148=VERTEX_POINT('',#10056);
#3149=VERTEX_POINT('',#10058);
#3150=VERTEX_POINT('',#10060);
#3151=VERTEX_POINT('',#10064);
#3152=VERTEX_POINT('',#10066);
#3153=VERTEX_POINT('',#10068);
#3154=VERTEX_POINT('',#10070);
#3155=VERTEX_POINT('',#10074);
#3156=VERTEX_POINT('',#10077);
#3157=VERTEX_POINT('',#10080);
#3158=VERTEX_POINT('',#10083);
#3159=VERTEX_POINT('',#10086);
#3160=VERTEX_POINT('',#10088);
#3161=VERTEX_POINT('',#10092);
#3162=VERTEX_POINT('',#10094);
#3163=VERTEX_POINT('',#10099);
#3164=VERTEX_POINT('',#10101);
#3165=VERTEX_POINT('',#10103);
#3166=VERTEX_POINT('',#10106);
#3167=VERTEX_POINT('',#10107);
#3168=VERTEX_POINT('',#10109);
#3169=VERTEX_POINT('',#10111);
#3170=VERTEX_POINT('',#10114);
#3171=VERTEX_POINT('',#10115);
#3172=VERTEX_POINT('',#10117);
#3173=VERTEX_POINT('',#10119);
#3174=VERTEX_POINT('',#10122);
#3175=VERTEX_POINT('',#10123);
#3176=VERTEX_POINT('',#10125);
#3177=VERTEX_POINT('',#10127);
#3178=VERTEX_POINT('',#10131);
#3179=VERTEX_POINT('',#10133);
#3180=VERTEX_POINT('',#10137);
#3181=VERTEX_POINT('',#10138);
#3182=VERTEX_POINT('',#10140);
#3183=VERTEX_POINT('',#10142);
#3184=VERTEX_POINT('',#10146);
#3185=VERTEX_POINT('',#10147);
#3186=VERTEX_POINT('',#10152);
#3187=VERTEX_POINT('',#10155);
#3188=VERTEX_POINT('',#10158);
#3189=VERTEX_POINT('',#10164);
#3190=VERTEX_POINT('',#10165);
#3191=VERTEX_POINT('',#10167);
#3192=VERTEX_POINT('',#10169);
#3193=VERTEX_POINT('',#10173);
#3194=VERTEX_POINT('',#10175);
#3195=VERTEX_POINT('',#10178);
#3196=VERTEX_POINT('',#10181);
#3197=VERTEX_POINT('',#10185);
#3198=VERTEX_POINT('',#10188);
#3199=VERTEX_POINT('',#10191);
#3200=VERTEX_POINT('',#10193);
#3201=VERTEX_POINT('',#10195);
#3202=VERTEX_POINT('',#10199);
#3203=VERTEX_POINT('',#10200);
#3204=VERTEX_POINT('',#10205);
#3205=VERTEX_POINT('',#10208);
#3206=VERTEX_POINT('',#10210);
#3207=VERTEX_POINT('',#10212);
#3208=VERTEX_POINT('',#10214);
#3209=VERTEX_POINT('',#10218);
#3210=VERTEX_POINT('',#10220);
#3211=VERTEX_POINT('',#10224);
#3212=VERTEX_POINT('',#10225);
#3213=VERTEX_POINT('',#10227);
#3214=VERTEX_POINT('',#10229);
#3215=VERTEX_POINT('',#10233);
#3216=VERTEX_POINT('',#10235);
#3217=VERTEX_POINT('',#10239);
#3218=VERTEX_POINT('',#10240);
#3219=VERTEX_POINT('',#10242);
#3220=VERTEX_POINT('',#10244);
#3221=VERTEX_POINT('',#10249);
#3222=VERTEX_POINT('',#10251);
#3223=VERTEX_POINT('',#10255);
#3224=VERTEX_POINT('',#10256);
#3225=VERTEX_POINT('',#10258);
#3226=VERTEX_POINT('',#10260);
#3227=VERTEX_POINT('',#10263);
#3228=VERTEX_POINT('',#10264);
#3229=VERTEX_POINT('',#10266);
#3230=VERTEX_POINT('',#10268);
#3231=VERTEX_POINT('',#10272);
#3232=VERTEX_POINT('',#10274);
#3233=VERTEX_POINT('',#10278);
#3234=VERTEX_POINT('',#10282);
#3235=VERTEX_POINT('',#10283);
#3236=VERTEX_POINT('',#10285);
#3237=VERTEX_POINT('',#10287);
#3238=VERTEX_POINT('',#10290);
#3239=VERTEX_POINT('',#10291);
#3240=VERTEX_POINT('',#10293);
#3241=VERTEX_POINT('',#10295);
#3242=VERTEX_POINT('',#10299);
#3243=VERTEX_POINT('',#10301);
#3244=VERTEX_POINT('',#10305);
#3245=VERTEX_POINT('',#10309);
#3246=VERTEX_POINT('',#10310);
#3247=VERTEX_POINT('',#10312);
#3248=VERTEX_POINT('',#10315);
#3249=VERTEX_POINT('',#10317);
#3250=VERTEX_POINT('',#10319);
#3251=VERTEX_POINT('',#10323);
#3252=VERTEX_POINT('',#10324);
#3253=VERTEX_POINT('',#10329);
#3254=VERTEX_POINT('',#10333);
#3255=VERTEX_POINT('',#10334);
#3256=VERTEX_POINT('',#10336);
#3257=VERTEX_POINT('',#10339);
#3258=VERTEX_POINT('',#10344);
#3259=VERTEX_POINT('',#10346);
#3260=VERTEX_POINT('',#10350);
#3261=VERTEX_POINT('',#10351);
#3262=VERTEX_POINT('',#10353);
#3263=VERTEX_POINT('',#10355);
#3264=VERTEX_POINT('',#10358);
#3265=VERTEX_POINT('',#10372);
#3266=VERTEX_POINT('',#10375);
#3267=VERTEX_POINT('',#10377);
#3268=VERTEX_POINT('',#10380);
#3269=VERTEX_POINT('',#10383);
#3270=VERTEX_POINT('',#10386);
#3271=VERTEX_POINT('',#10395);
#3272=VERTEX_POINT('',#10397);
#3273=VERTEX_POINT('',#10399);
#3274=VERTEX_POINT('',#10403);
#3275=VERTEX_POINT('',#10407);
#3276=VERTEX_POINT('',#10409);
#3277=VERTEX_POINT('',#10413);
#3278=VERTEX_POINT('',#10417);
#3279=VERTEX_POINT('',#10419);
#3280=VERTEX_POINT('',#10423);
#3281=VERTEX_POINT('',#10425);
#3282=VERTEX_POINT('',#10429);
#3283=VERTEX_POINT('',#10433);
#3284=VERTEX_POINT('',#10435);
#3285=VERTEX_POINT('',#10470);
#3286=VERTEX_POINT('',#10479);
#3287=VERTEX_POINT('',#10490);
#3288=VERTEX_POINT('',#10511);
#3289=VERTEX_POINT('',#10530);
#3290=VERTEX_POINT('',#10532);
#3291=VERTEX_POINT('',#10536);
#3292=VERTEX_POINT('',#10545);
#3293=VERTEX_POINT('',#10558);
#3294=VERTEX_POINT('',#10577);
#3295=VERTEX_POINT('',#10581);
#3296=VERTEX_POINT('',#10587);
#3297=VERTEX_POINT('',#10597);
#3298=VERTEX_POINT('',#10599);
#3299=VERTEX_POINT('',#10612);
#3300=VERTEX_POINT('',#10613);
#3301=VERTEX_POINT('',#10621);
#3302=VERTEX_POINT('',#10623);
#3303=VERTEX_POINT('',#10640);
#3304=VERTEX_POINT('',#10648);
#3305=VERTEX_POINT('',#10665);
#3306=VERTEX_POINT('',#10673);
#3307=VERTEX_POINT('',#10690);
#3308=VERTEX_POINT('',#10699);
#3309=VERTEX_POINT('',#10716);
#3310=VERTEX_POINT('',#10724);
#3311=VERTEX_POINT('',#10741);
#3312=VERTEX_POINT('',#10742);
#3313=VERTEX_POINT('',#10750);
#3314=VERTEX_POINT('',#10752);
#3315=VERTEX_POINT('',#10769);
#3316=VERTEX_POINT('',#10776);
#3317=VERTEX_POINT('',#10793);
#3318=VERTEX_POINT('',#10801);
#3319=VERTEX_POINT('',#10818);
#3320=VERTEX_POINT('',#10826);
#3321=VERTEX_POINT('',#10843);
#3322=VERTEX_POINT('',#10851);
#3323=VERTEX_POINT('',#10868);
#3324=VERTEX_POINT('',#10876);
#3325=VERTEX_POINT('',#10893);
#3326=VERTEX_POINT('',#10901);
#3327=VERTEX_POINT('',#10918);
#3328=VERTEX_POINT('',#10919);
#3329=VERTEX_POINT('',#10927);
#3330=VERTEX_POINT('',#10929);
#3331=VERTEX_POINT('',#10946);
#3332=VERTEX_POINT('',#10954);
#3333=VERTEX_POINT('',#10962);
#3334=VERTEX_POINT('',#10964);
#3335=VERTEX_POINT('',#10968);
#3336=VERTEX_POINT('',#10970);
#3337=VERTEX_POINT('',#10983);
#3338=VERTEX_POINT('',#10984);
#3339=VERTEX_POINT('',#10992);
#3340=VERTEX_POINT('',#10994);
#3341=VERTEX_POINT('',#11011);
#3342=VERTEX_POINT('',#11019);
#3343=VERTEX_POINT('',#11036);
#3344=VERTEX_POINT('',#11044);
#3345=VERTEX_POINT('',#11061);
#3346=VERTEX_POINT('',#11069);
#3347=VERTEX_POINT('',#11086);
#3348=VERTEX_POINT('',#11093);
#3349=VERTEX_POINT('',#11101);
#3350=VERTEX_POINT('',#11103);
#3351=VERTEX_POINT('',#11107);
#3352=VERTEX_POINT('',#11108);
#3353=VERTEX_POINT('',#11110);
#3354=VERTEX_POINT('',#11112);
#3355=VERTEX_POINT('',#11125);
#3356=VERTEX_POINT('',#11133);
#3357=VERTEX_POINT('',#11150);
#3358=VERTEX_POINT('',#11158);
#3359=VERTEX_POINT('',#11175);
#3360=VERTEX_POINT('',#11183);
#3361=VERTEX_POINT('',#11200);
#3362=VERTEX_POINT('',#11208);
#3363=VERTEX_POINT('',#11225);
#3364=VERTEX_POINT('',#11233);
#3365=VERTEX_POINT('',#11250);
#3366=VERTEX_POINT('',#11258);
#3367=VERTEX_POINT('',#11275);
#3368=VERTEX_POINT('',#11283);
#3369=VERTEX_POINT('',#11300);
#3370=VERTEX_POINT('',#11308);
#3371=VERTEX_POINT('',#11325);
#3372=VERTEX_POINT('',#11333);
#3373=VERTEX_POINT('',#11350);
#3374=VERTEX_POINT('',#11358);
#3375=VERTEX_POINT('',#11375);
#3376=VERTEX_POINT('',#11383);
#3377=VERTEX_POINT('',#11400);
#3378=VERTEX_POINT('',#11407);
#3379=VERTEX_POINT('',#11424);
#3380=VERTEX_POINT('',#11432);
#3381=VERTEX_POINT('',#11440);
#3382=VERTEX_POINT('',#11442);
#3383=VERTEX_POINT('',#11446);
#3384=VERTEX_POINT('',#11447);
#3385=VERTEX_POINT('',#11449);
#3386=VERTEX_POINT('',#11451);
#3387=VERTEX_POINT('',#11455);
#3388=VERTEX_POINT('',#11457);
#3389=VERTEX_POINT('',#11461);
#3390=VERTEX_POINT('',#11462);
#3391=VERTEX_POINT('',#11464);
#3392=VERTEX_POINT('',#11466);
#3393=VERTEX_POINT('',#11470);
#3394=VERTEX_POINT('',#11472);
#3395=VERTEX_POINT('',#11476);
#3396=VERTEX_POINT('',#11478);
#3397=VERTEX_POINT('',#11482);
#3398=VERTEX_POINT('',#11484);
#3399=VERTEX_POINT('',#11497);
#3400=VERTEX_POINT('',#11498);
#3401=VERTEX_POINT('',#11506);
#3402=VERTEX_POINT('',#11508);
#3403=VERTEX_POINT('',#11525);
#3404=VERTEX_POINT('',#11533);
#3405=VERTEX_POINT('',#11550);
#3406=VERTEX_POINT('',#11558);
#3407=VERTEX_POINT('',#11575);
#3408=VERTEX_POINT('',#11583);
#3409=VERTEX_POINT('',#11600);
#3410=VERTEX_POINT('',#11608);
#3411=VERTEX_POINT('',#11625);
#3412=VERTEX_POINT('',#11633);
#3413=VERTEX_POINT('',#11650);
#3414=VERTEX_POINT('',#11658);
#3415=VERTEX_POINT('',#11675);
#3416=VERTEX_POINT('',#11683);
#3417=VERTEX_POINT('',#11700);
#3418=VERTEX_POINT('',#11708);
#3419=VERTEX_POINT('',#11725);
#3420=VERTEX_POINT('',#11733);
#3421=VERTEX_POINT('',#11741);
#3422=VERTEX_POINT('',#11743);
#3423=VERTEX_POINT('',#11747);
#3424=VERTEX_POINT('',#11748);
#3425=VERTEX_POINT('',#11750);
#3426=VERTEX_POINT('',#11752);
#3427=VERTEX_POINT('',#11756);
#3428=VERTEX_POINT('',#11758);
#3429=VERTEX_POINT('',#11771);
#3430=VERTEX_POINT('',#11772);
#3431=VERTEX_POINT('',#11780);
#3432=VERTEX_POINT('',#11782);
#3433=VERTEX_POINT('',#11799);
#3434=VERTEX_POINT('',#11807);
#3435=VERTEX_POINT('',#11824);
#3436=VERTEX_POINT('',#11832);
#3437=VERTEX_POINT('',#11840);
#3438=VERTEX_POINT('',#11842);
#3439=VERTEX_POINT('',#11855);
#3440=VERTEX_POINT('',#11856);
#3441=VERTEX_POINT('',#11864);
#3442=VERTEX_POINT('',#11866);
#3443=VERTEX_POINT('',#11883);
#3444=VERTEX_POINT('',#11891);
#3445=VERTEX_POINT('',#11908);
#3446=VERTEX_POINT('',#11916);
#3447=VERTEX_POINT('',#11933);
#3448=VERTEX_POINT('',#11941);
#3449=VERTEX_POINT('',#11958);
#3450=VERTEX_POINT('',#11966);
#3451=VERTEX_POINT('',#11974);
#3452=VERTEX_POINT('',#11976);
#3453=VERTEX_POINT('',#11980);
#3454=VERTEX_POINT('',#11982);
#3455=VERTEX_POINT('',#11986);
#3456=VERTEX_POINT('',#11988);
#3457=VERTEX_POINT('',#11992);
#3458=VERTEX_POINT('',#11994);
#3459=VERTEX_POINT('',#11998);
#3460=VERTEX_POINT('',#12000);
#3461=VERTEX_POINT('',#12013);
#3462=VERTEX_POINT('',#12021);
#3463=VERTEX_POINT('',#12038);
#3464=VERTEX_POINT('',#12046);
#3465=VERTEX_POINT('',#12054);
#3466=VERTEX_POINT('',#12056);
#3467=VERTEX_POINT('',#12060);
#3468=VERTEX_POINT('',#12061);
#3469=VERTEX_POINT('',#12063);
#3470=VERTEX_POINT('',#12065);
#3471=VERTEX_POINT('',#12069);
#3472=VERTEX_POINT('',#12071);
#3473=VERTEX_POINT('',#12084);
#3474=VERTEX_POINT('',#12085);
#3475=VERTEX_POINT('',#12093);
#3476=VERTEX_POINT('',#12095);
#3477=VERTEX_POINT('',#12112);
#3478=VERTEX_POINT('',#12120);
#3479=VERTEX_POINT('',#12137);
#3480=VERTEX_POINT('',#12144);
#3481=VERTEX_POINT('',#12161);
#3482=VERTEX_POINT('',#12169);
#3483=VERTEX_POINT('',#12186);
#3484=VERTEX_POINT('',#12194);
#3485=VERTEX_POINT('',#12211);
#3486=VERTEX_POINT('',#12219);
#3487=VERTEX_POINT('',#12227);
#3488=VERTEX_POINT('',#12229);
#3489=VERTEX_POINT('',#12233);
#3490=VERTEX_POINT('',#12235);
#3491=VERTEX_POINT('',#12248);
#3492=VERTEX_POINT('',#12249);
#3493=VERTEX_POINT('',#12257);
#3494=VERTEX_POINT('',#12259);
#3495=VERTEX_POINT('',#12276);
#3496=VERTEX_POINT('',#12284);
#3497=VERTEX_POINT('',#12292);
#3498=VERTEX_POINT('',#12294);
#3499=VERTEX_POINT('',#12298);
#3500=VERTEX_POINT('',#12300);
#3501=VERTEX_POINT('',#12304);
#3502=VERTEX_POINT('',#12306);
#3503=VERTEX_POINT('',#12310);
#3504=VERTEX_POINT('',#12311);
#3505=VERTEX_POINT('',#12314);
#3506=VERTEX_POINT('',#12330);
#3507=VERTEX_POINT('',#12331);
#3508=VERTEX_POINT('',#12338);
#3509=VERTEX_POINT('',#12350);
#3510=VERTEX_POINT('',#12352);
#3511=VERTEX_POINT('',#12357);
#3512=VERTEX_POINT('',#12361);
#3513=VERTEX_POINT('',#12362);
#3514=VERTEX_POINT('',#12373);
#3515=VERTEX_POINT('',#12385);
#3516=VERTEX_POINT('',#12386);
#3517=VERTEX_POINT('',#12395);
#3518=VERTEX_POINT('',#12397);
#3519=VERTEX_POINT('',#12408);
#3520=VERTEX_POINT('',#12419);
#3521=VERTEX_POINT('',#12420);
#3522=VERTEX_POINT('',#12429);
#3523=VERTEX_POINT('',#12431);
#3524=VERTEX_POINT('',#12444);
#3525=VERTEX_POINT('',#12445);
#3526=VERTEX_POINT('',#12454);
#3527=VERTEX_POINT('',#12456);
#3528=VERTEX_POINT('',#12465);
#3529=VERTEX_POINT('',#12474);
#3530=VERTEX_POINT('',#12488);
#3531=VERTEX_POINT('',#12505);
#3532=VERTEX_POINT('',#12531);
#3533=VERTEX_POINT('',#12549);
#3534=VERTEX_POINT('',#12571);
#3535=VERTEX_POINT('',#12589);
#3536=VERTEX_POINT('',#12602);
#3537=VERTEX_POINT('',#12630);
#3538=VERTEX_POINT('',#12650);
#3539=VERTEX_POINT('',#12661);
#3540=VERTEX_POINT('',#12689);
#3541=VERTEX_POINT('',#12698);
#3542=VERTEX_POINT('',#12726);
#3543=VERTEX_POINT('',#12727);
#3544=VERTEX_POINT('',#12744);
#3545=VERTEX_POINT('',#12753);
#3546=VERTEX_POINT('',#12839);
#3547=VERTEX_POINT('',#12840);
#3548=VERTEX_POINT('',#12842);
#3549=VERTEX_POINT('',#12844);
#3550=VERTEX_POINT('',#12848);
#3551=VERTEX_POINT('',#12849);
#3552=VERTEX_POINT('',#12883);
#3553=VERTEX_POINT('',#12888);
#3554=VERTEX_POINT('',#12927);
#3555=VERTEX_POINT('',#12928);
#3556=VERTEX_POINT('',#12933);
#3557=VERTEX_POINT('',#12934);
#3558=VERTEX_POINT('',#12980);
#3559=VERTEX_POINT('',#12995);
#3560=VERTEX_POINT('',#12999);
#3561=VERTEX_POINT('',#13003);
#3562=VERTEX_POINT('',#13007);
#3563=VERTEX_POINT('',#13011);
#3564=VERTEX_POINT('',#13015);
#3565=VERTEX_POINT('',#13019);
#3566=VERTEX_POINT('',#13023);
#3567=VERTEX_POINT('',#13040);
#3568=VERTEX_POINT('',#13041);
#3569=VERTEX_POINT('',#13043);
#3570=VERTEX_POINT('',#13045);
#3571=VERTEX_POINT('',#13048);
#3572=VERTEX_POINT('',#13049);
#3573=VERTEX_POINT('',#13056);
#3574=VERTEX_POINT('',#13058);
#3575=VERTEX_POINT('',#13064);
#3576=VERTEX_POINT('',#13070);
#3577=VERTEX_POINT('',#13081);
#3578=VERTEX_POINT('',#13084);
#3579=VERTEX_POINT('',#13085);
#3580=VERTEX_POINT('',#13088);
#3581=VERTEX_POINT('',#13094);
#3582=VERTEX_POINT('',#13100);
#3583=VERTEX_POINT('',#13106);
#3584=VERTEX_POINT('',#13112);
#3585=VERTEX_POINT('',#13114);
#3586=VERTEX_POINT('',#13116);
#3587=VERTEX_POINT('',#13118);
#3588=VERTEX_POINT('',#13120);
#3589=VERTEX_POINT('',#13122);
#3590=VERTEX_POINT('',#13125);
#3591=VERTEX_POINT('',#13126);
#3592=VERTEX_POINT('',#13129);
#3593=VERTEX_POINT('',#13135);
#3594=VERTEX_POINT('',#13146);
#3595=VERTEX_POINT('',#13147);
#3596=VERTEX_POINT('',#13158);
#3597=VERTEX_POINT('',#13164);
#3598=VERTEX_POINT('',#13170);
#3599=VERTEX_POINT('',#13181);
#3600=VERTEX_POINT('',#13182);
#3601=VERTEX_POINT('',#13189);
#3602=VERTEX_POINT('',#13196);
#3603=VERTEX_POINT('',#13197);
#3604=VERTEX_POINT('',#13208);
#3605=VERTEX_POINT('',#13214);
#3606=VERTEX_POINT('',#13220);
#3607=VERTEX_POINT('',#13226);
#3608=VERTEX_POINT('',#13232);
#3609=VERTEX_POINT('',#13238);
#3610=VERTEX_POINT('',#13244);
#3611=VERTEX_POINT('',#13250);
#3612=VERTEX_POINT('',#13256);
#3613=VERTEX_POINT('',#13262);
#3614=VERTEX_POINT('',#13268);
#3615=VERTEX_POINT('',#13279);
#3616=VERTEX_POINT('',#13280);
#3617=VERTEX_POINT('',#13291);
#3618=VERTEX_POINT('',#13293);
#3619=VERTEX_POINT('',#13299);
#3620=VERTEX_POINT('',#13305);
#3621=VERTEX_POINT('',#13311);
#3622=VERTEX_POINT('',#13317);
#3623=VERTEX_POINT('',#13323);
#3624=VERTEX_POINT('',#13334);
#3625=VERTEX_POINT('',#13336);
#3626=VERTEX_POINT('',#13338);
#3627=VERTEX_POINT('',#13351);
#3628=VERTEX_POINT('',#13370);
#3629=VERTEX_POINT('',#13389);
#3630=VERTEX_POINT('',#13408);
#3631=VERTEX_POINT('',#13427);
#3632=VERTEX_POINT('',#13463);
#3633=VERTEX_POINT('',#13482);
#3634=VERTEX_POINT('',#13501);
#3635=VERTEX_POINT('',#13529);
#3636=VERTEX_POINT('',#13533);
#3637=VERTEX_POINT('',#13546);
#3638=VERTEX_POINT('',#13565);
#3639=VERTEX_POINT('',#13591);
#3640=VERTEX_POINT('',#13604);
#3641=VERTEX_POINT('',#13623);
#3642=VERTEX_POINT('',#13660);
#3643=VERTEX_POINT('',#13679);
#3644=VERTEX_POINT('',#13698);
#3645=VERTEX_POINT('',#13717);
#3646=VERTEX_POINT('',#13736);
#3647=VERTEX_POINT('',#13755);
#3648=VERTEX_POINT('',#13773);
#3649=VERTEX_POINT('',#13792);
#3650=VERTEX_POINT('',#13811);
#3651=VERTEX_POINT('',#13830);
#3652=VERTEX_POINT('',#13849);
#3653=VERTEX_POINT('',#13868);
#3654=VERTEX_POINT('',#13887);
#3655=VERTEX_POINT('',#13915);
#3656=VERTEX_POINT('',#13919);
#3657=VERTEX_POINT('',#13923);
#3658=VERTEX_POINT('',#13932);
#3659=VERTEX_POINT('',#13936);
#3660=VERTEX_POINT('',#13940);
#3661=VERTEX_POINT('',#13944);
#3662=VERTEX_POINT('',#13948);
#3663=VERTEX_POINT('',#13952);
#3664=VERTEX_POINT('',#13956);
#3665=VERTEX_POINT('',#13960);
#3666=VERTEX_POINT('',#13964);
#3667=VERTEX_POINT('',#13977);
#3668=VERTEX_POINT('',#13996);
#3669=VERTEX_POINT('',#14015);
#3670=VERTEX_POINT('',#14041);
#3671=VERTEX_POINT('',#14045);
#3672=VERTEX_POINT('',#14058);
#3673=VERTEX_POINT('',#14097);
#3674=VERTEX_POINT('',#14115);
#3675=VERTEX_POINT('',#14134);
#3676=VERTEX_POINT('',#14153);
#3677=VERTEX_POINT('',#14172);
#3678=VERTEX_POINT('',#14191);
#3679=VERTEX_POINT('',#14210);
#3680=VERTEX_POINT('',#14229);
#3681=VERTEX_POINT('',#14248);
#3682=VERTEX_POINT('',#14261);
#3683=VERTEX_POINT('',#14268);
#3684=VERTEX_POINT('',#14281);
#3685=VERTEX_POINT('',#14299);
#3686=VERTEX_POINT('',#14318);
#3687=VERTEX_POINT('',#14337);
#3688=VERTEX_POINT('',#14356);
#3689=VERTEX_POINT('',#14368);
#3690=VERTEX_POINT('',#14381);
#3691=VERTEX_POINT('',#14400);
#3692=VERTEX_POINT('',#14420);
#3693=VERTEX_POINT('',#14423);
#3694=VERTEX_POINT('',#14427);
#3695=VERTEX_POINT('',#14430);
#3696=VERTEX_POINT('',#14434);
#3697=VERTEX_POINT('',#14437);
#3698=VERTEX_POINT('',#14441);
#3699=VERTEX_POINT('',#14444);
#3700=VERTEX_POINT('',#14456);
#3701=VERTEX_POINT('',#14457);
#3702=VERTEX_POINT('',#14459);
#3703=VERTEX_POINT('',#14461);
#3704=VERTEX_POINT('',#14465);
#3705=VERTEX_POINT('',#14467);
#3706=VERTEX_POINT('',#14474);
#3707=VERTEX_POINT('',#14476);
#3708=VERTEX_POINT('',#14480);
#3709=VERTEX_POINT('',#14482);
#3710=VERTEX_POINT('',#14486);
#3711=VERTEX_POINT('',#14488);
#3712=VERTEX_POINT('',#14495);
#3713=VERTEX_POINT('',#14497);
#3714=VERTEX_POINT('',#14500);
#3715=VERTEX_POINT('',#14502);
#3716=VERTEX_POINT('',#14510);
#3717=VERTEX_POINT('',#14512);
#3718=VERTEX_POINT('',#14516);
#3719=VERTEX_POINT('',#14520);
#3720=VERTEX_POINT('',#14527);
#3721=VERTEX_POINT('',#14538);
#3722=VERTEX_POINT('',#14539);
#3723=VERTEX_POINT('',#14541);
#3724=VERTEX_POINT('',#14543);
#3725=EDGE_CURVE('',#2983,#2984,#1513,.T.);
#3726=EDGE_CURVE('',#2985,#2983,#1514,.T.);
#3727=EDGE_CURVE('',#2986,#2985,#1404,.T.);
#3728=EDGE_CURVE('',#2987,#2986,#1515,.T.);
#3729=EDGE_CURVE('',#2988,#2987,#1405,.T.);
#3730=EDGE_CURVE('',#2984,#2988,#1516,.T.);
#3731=EDGE_CURVE('',#2989,#2989,#1406,.T.);
#3732=EDGE_CURVE('',#2990,#2990,#1407,.T.);
#3733=EDGE_CURVE('',#2991,#2992,#1517,.T.);
#3734=EDGE_CURVE('',#2992,#2993,#1408,.T.);
#3735=EDGE_CURVE('',#2993,#2994,#1518,.T.);
#3736=EDGE_CURVE('',#2994,#2995,#1409,.T.);
#3737=EDGE_CURVE('',#2995,#2996,#1519,.T.);
#3738=EDGE_CURVE('',#2996,#2997,#1410,.T.);
#3739=EDGE_CURVE('',#2997,#2998,#1520,.T.);
#3740=EDGE_CURVE('',#2998,#2999,#1521,.T.);
#3741=EDGE_CURVE('',#2999,#3000,#1522,.T.);
#3742=EDGE_CURVE('',#3000,#3001,#1523,.T.);
#3743=EDGE_CURVE('',#3001,#3002,#1524,.T.);
#3744=EDGE_CURVE('',#3002,#2991,#1411,.T.);
#3745=EDGE_CURVE('',#3003,#2983,#1525,.T.);
#3746=EDGE_CURVE('',#2984,#3004,#1526,.T.);
#3747=EDGE_CURVE('',#3005,#3004,#1527,.T.);
#3748=EDGE_CURVE('',#3006,#3005,#1528,.T.);
#3749=EDGE_CURVE('',#3007,#3006,#1529,.T.);
#3750=EDGE_CURVE('',#3008,#3007,#1530,.T.);
#3751=EDGE_CURVE('',#3009,#3008,#1531,.T.);
#3752=EDGE_CURVE('',#3010,#3009,#1532,.T.);
#3753=EDGE_CURVE('',#3011,#3010,#1533,.T.);
#3754=EDGE_CURVE('',#3012,#3011,#1534,.T.);
#3755=EDGE_CURVE('',#3013,#3012,#1535,.T.);
#3756=EDGE_CURVE('',#3014,#3013,#1536,.T.);
#3757=EDGE_CURVE('',#3014,#3015,#1537,.T.);
#3758=EDGE_CURVE('',#3015,#3016,#1538,.T.);
#3759=EDGE_CURVE('',#3016,#3017,#1539,.T.);
#3760=EDGE_CURVE('',#3017,#3018,#1540,.T.);
#3761=EDGE_CURVE('',#3018,#3019,#1541,.T.);
#3762=EDGE_CURVE('',#3020,#3019,#1542,.T.);
#3763=EDGE_CURVE('',#3021,#3020,#1543,.T.);
#3764=EDGE_CURVE('',#3022,#3021,#1544,.T.);
#3765=EDGE_CURVE('',#3023,#3022,#1545,.T.);
#3766=EDGE_CURVE('',#3024,#3023,#1546,.T.);
#3767=EDGE_CURVE('',#3025,#3024,#1547,.T.);
#3768=EDGE_CURVE('',#3026,#3025,#1548,.T.);
#3769=EDGE_CURVE('',#3027,#3026,#1549,.T.);
#3770=EDGE_CURVE('',#3028,#3027,#1550,.T.);
#3771=EDGE_CURVE('',#3003,#3028,#1551,.T.);
#3772=EDGE_CURVE('',#3029,#3030,#1552,.T.);
#3773=EDGE_CURVE('',#3031,#3029,#1553,.T.);
#3774=EDGE_CURVE('',#3032,#3031,#1554,.T.);
#3775=EDGE_CURVE('',#3030,#3032,#1555,.T.);
#3776=EDGE_CURVE('',#3033,#3034,#1556,.T.);
#3777=EDGE_CURVE('',#3035,#3033,#1557,.T.);
#3778=EDGE_CURVE('',#3036,#3035,#1558,.T.);
#3779=EDGE_CURVE('',#3034,#3036,#1559,.T.);
#3780=EDGE_CURVE('',#3037,#3038,#1560,.T.);
#3781=EDGE_CURVE('',#3039,#3037,#1561,.T.);
#3782=EDGE_CURVE('',#3040,#3039,#1562,.T.);
#3783=EDGE_CURVE('',#3038,#3040,#1563,.T.);
#3784=EDGE_CURVE('',#3041,#3042,#1564,.T.);
#3785=EDGE_CURVE('',#3043,#3041,#1565,.T.);
#3786=EDGE_CURVE('',#3044,#3043,#1566,.T.);
#3787=EDGE_CURVE('',#3042,#3044,#1567,.T.);
#3788=EDGE_CURVE('',#3045,#3046,#1568,.T.);
#3789=EDGE_CURVE('',#3047,#3045,#1569,.T.);
#3790=EDGE_CURVE('',#3048,#3047,#1570,.T.);
#3791=EDGE_CURVE('',#3046,#3048,#1571,.T.);
#3792=EDGE_CURVE('',#3049,#3050,#1572,.T.);
#3793=EDGE_CURVE('',#3051,#3049,#1573,.T.);
#3794=EDGE_CURVE('',#3052,#3051,#1574,.T.);
#3795=EDGE_CURVE('',#3050,#3052,#1575,.T.);
#3796=EDGE_CURVE('',#3053,#3054,#1576,.T.);
#3797=EDGE_CURVE('',#3055,#3053,#1577,.T.);
#3798=EDGE_CURVE('',#3056,#3055,#1578,.T.);
#3799=EDGE_CURVE('',#3054,#3056,#1579,.T.);
#3800=EDGE_CURVE('',#3057,#3058,#1580,.T.);
#3801=EDGE_CURVE('',#3059,#3057,#1581,.T.);
#3802=EDGE_CURVE('',#3060,#3059,#1582,.T.);
#3803=EDGE_CURVE('',#3058,#3060,#1583,.T.);
#3804=EDGE_CURVE('',#3061,#3062,#1584,.T.);
#3805=EDGE_CURVE('',#3063,#3061,#1585,.T.);
#3806=EDGE_CURVE('',#3064,#3063,#1586,.T.);
#3807=EDGE_CURVE('',#3062,#3064,#1587,.T.);
#3808=EDGE_CURVE('',#3030,#3065,#1588,.T.);
#3809=EDGE_CURVE('',#3066,#3065,#1589,.T.);
#3810=EDGE_CURVE('',#3067,#3066,#1412,.F.);
#3811=EDGE_CURVE('',#3068,#3067,#1590,.T.);
#3812=EDGE_CURVE('',#3068,#3069,#1413,.T.);
#3813=EDGE_CURVE('',#3029,#3069,#1591,.T.);
#3814=EDGE_CURVE('',#3070,#3036,#1592,.T.);
#3815=EDGE_CURVE('',#3071,#3035,#1593,.T.);
#3816=EDGE_CURVE('',#3072,#3071,#1414,.F.);
#3817=EDGE_CURVE('',#3073,#3072,#1594,.T.);
#3818=EDGE_CURVE('',#3073,#3074,#1415,.T.);
#3819=EDGE_CURVE('',#3074,#3070,#1595,.T.);
#3820=EDGE_CURVE('',#3034,#3075,#1596,.T.);
#3821=EDGE_CURVE('',#3076,#3075,#1597,.T.);
#3822=EDGE_CURVE('',#3077,#3076,#1416,.F.);
#3823=EDGE_CURVE('',#3078,#3077,#1598,.T.);
#3824=EDGE_CURVE('',#3078,#3079,#1417,.T.);
#3825=EDGE_CURVE('',#3033,#3079,#1599,.T.);
#3826=EDGE_CURVE('',#3080,#3040,#1600,.T.);
#3827=EDGE_CURVE('',#3081,#3039,#1601,.T.);
#3828=EDGE_CURVE('',#3082,#3081,#1418,.F.);
#3829=EDGE_CURVE('',#3083,#3082,#1602,.T.);
#3830=EDGE_CURVE('',#3083,#3084,#1419,.T.);
#3831=EDGE_CURVE('',#3084,#3080,#1603,.T.);
#3832=EDGE_CURVE('',#3038,#3085,#1604,.T.);
#3833=EDGE_CURVE('',#3086,#3085,#1605,.T.);
#3834=EDGE_CURVE('',#3087,#3086,#1420,.F.);
#3835=EDGE_CURVE('',#3088,#3087,#1606,.T.);
#3836=EDGE_CURVE('',#3088,#3089,#1421,.T.);
#3837=EDGE_CURVE('',#3037,#3089,#1607,.T.);
#3838=EDGE_CURVE('',#3042,#3090,#1608,.T.);
#3839=EDGE_CURVE('',#3091,#3090,#1609,.T.);
#3840=EDGE_CURVE('',#3092,#3091,#1422,.F.);
#3841=EDGE_CURVE('',#3093,#3092,#1610,.T.);
#3842=EDGE_CURVE('',#3093,#3094,#1423,.T.);
#3843=EDGE_CURVE('',#3041,#3094,#1611,.T.);
#3844=EDGE_CURVE('',#3046,#3095,#1612,.T.);
#3845=EDGE_CURVE('',#3096,#3095,#1613,.T.);
#3846=EDGE_CURVE('',#3097,#3096,#1424,.F.);
#3847=EDGE_CURVE('',#3098,#3097,#1614,.T.);
#3848=EDGE_CURVE('',#3098,#3099,#1425,.T.);
#3849=EDGE_CURVE('',#3045,#3099,#1615,.T.);
#3850=EDGE_CURVE('',#3100,#3052,#1616,.T.);
#3851=EDGE_CURVE('',#3101,#3051,#1617,.T.);
#3852=EDGE_CURVE('',#3102,#3101,#1426,.F.);
#3853=EDGE_CURVE('',#3103,#3102,#1618,.T.);
#3854=EDGE_CURVE('',#3103,#3104,#1427,.T.);
#3855=EDGE_CURVE('',#3104,#3100,#1619,.T.);
#3856=EDGE_CURVE('',#3050,#3105,#1620,.T.);
#3857=EDGE_CURVE('',#3106,#3105,#1621,.T.);
#3858=EDGE_CURVE('',#3107,#3106,#1428,.F.);
#3859=EDGE_CURVE('',#3108,#3107,#1622,.T.);
#3860=EDGE_CURVE('',#3108,#3109,#1429,.T.);
#3861=EDGE_CURVE('',#3049,#3109,#1623,.T.);
#3862=EDGE_CURVE('',#3110,#3056,#1624,.T.);
#3863=EDGE_CURVE('',#3111,#3055,#1625,.T.);
#3864=EDGE_CURVE('',#3112,#3111,#1430,.F.);
#3865=EDGE_CURVE('',#3113,#3112,#1626,.T.);
#3866=EDGE_CURVE('',#3113,#3114,#1431,.T.);
#3867=EDGE_CURVE('',#3114,#3110,#1627,.T.);
#3868=EDGE_CURVE('',#3054,#3115,#1628,.T.);
#3869=EDGE_CURVE('',#3116,#3115,#1629,.T.);
#3870=EDGE_CURVE('',#3117,#3116,#1432,.F.);
#3871=EDGE_CURVE('',#3118,#3117,#1630,.T.);
#3872=EDGE_CURVE('',#3118,#3119,#1433,.T.);
#3873=EDGE_CURVE('',#3053,#3119,#1631,.T.);
#3874=EDGE_CURVE('',#3120,#3060,#1632,.T.);
#3875=EDGE_CURVE('',#3121,#3059,#1633,.T.);
#3876=EDGE_CURVE('',#3122,#3121,#1434,.F.);
#3877=EDGE_CURVE('',#3123,#3122,#1634,.T.);
#3878=EDGE_CURVE('',#3123,#3124,#1435,.T.);
#3879=EDGE_CURVE('',#3124,#3120,#1635,.T.);
#3880=EDGE_CURVE('',#3058,#3125,#1636,.T.);
#3881=EDGE_CURVE('',#3126,#3125,#1637,.T.);
#3882=EDGE_CURVE('',#3127,#3126,#1436,.F.);
#3883=EDGE_CURVE('',#3128,#3127,#1638,.T.);
#3884=EDGE_CURVE('',#3128,#3129,#1437,.T.);
#3885=EDGE_CURVE('',#3057,#3129,#1639,.T.);
#3886=EDGE_CURVE('',#3018,#3130,#1640,.T.);
#3887=EDGE_CURVE('',#3130,#3131,#1641,.T.);
#3888=EDGE_CURVE('',#3132,#3131,#1642,.T.);
#3889=EDGE_CURVE('',#3132,#3063,#1643,.T.);
#3890=EDGE_CURVE('',#3061,#3133,#1644,.T.);
#3891=EDGE_CURVE('',#3134,#3133,#1645,.T.);
#3892=EDGE_CURVE('',#3134,#3031,#1646,.T.);
#3893=EDGE_CURVE('',#3121,#3069,#1647,.T.);
#3894=EDGE_CURVE('',#3071,#3129,#1648,.T.);
#3895=EDGE_CURVE('',#3111,#3079,#1649,.T.);
#3896=EDGE_CURVE('',#3081,#3119,#1650,.T.);
#3897=EDGE_CURVE('',#3101,#3089,#1651,.T.);
#3898=EDGE_CURVE('',#3135,#3109,#1652,.T.);
#3899=EDGE_CURVE('',#3135,#3043,#1653,.T.);
#3900=EDGE_CURVE('',#3136,#3094,#1654,.T.);
#3901=EDGE_CURVE('',#3136,#3047,#1655,.T.);
#3902=EDGE_CURVE('',#3137,#3099,#1656,.T.);
#3903=EDGE_CURVE('',#3137,#3138,#1657,.T.);
#3904=EDGE_CURVE('',#3138,#3015,#1658,.T.);
#3905=EDGE_CURVE('',#3139,#3014,#1659,.T.);
#3906=EDGE_CURVE('',#3139,#3140,#1660,.T.);
#3907=EDGE_CURVE('',#3140,#3141,#1661,.T.);
#3908=EDGE_CURVE('',#3142,#3141,#1662,.T.);
#3909=EDGE_CURVE('',#3019,#3142,#1663,.T.);
#3910=EDGE_CURVE('',#3143,#3144,#1664,.T.);
#3911=EDGE_CURVE('',#3145,#3144,#1665,.T.);
#3912=EDGE_CURVE('',#3145,#3146,#1666,.T.);
#3913=EDGE_CURVE('',#3143,#3146,#1667,.T.);
#3914=EDGE_CURVE('',#3147,#3148,#1668,.T.);
#3915=EDGE_CURVE('',#3149,#3148,#1669,.T.);
#3916=EDGE_CURVE('',#3149,#3150,#1670,.T.);
#3917=EDGE_CURVE('',#3147,#3150,#1671,.T.);
#3918=EDGE_CURVE('',#3062,#3151,#1672,.T.);
#3919=EDGE_CURVE('',#3152,#3151,#1673,.T.);
#3920=EDGE_CURVE('',#3153,#3152,#1438,.F.);
#3921=EDGE_CURVE('',#3154,#3153,#1674,.T.);
#3922=EDGE_CURVE('',#3154,#3133,#1439,.T.);
#3923=EDGE_CURVE('',#3155,#3155,#1440,.T.);
#3924=EDGE_CURVE('',#3156,#3156,#1441,.T.);
#3925=EDGE_CURVE('',#3157,#3157,#1442,.T.);
#3926=EDGE_CURVE('',#3158,#3158,#1443,.T.);
#3927=EDGE_CURVE('',#3159,#3159,#1444,.T.);
#3928=EDGE_CURVE('',#3159,#3160,#1675,.T.);
#3929=EDGE_CURVE('',#3160,#3160,#1445,.T.);
#3930=EDGE_CURVE('',#3161,#3161,#1446,.T.);
#3931=EDGE_CURVE('',#3161,#3162,#1676,.T.);
#3932=EDGE_CURVE('',#3162,#3162,#1447,.T.);
#3933=EDGE_CURVE('',#3142,#3024,#1677,.T.);
#3934=EDGE_CURVE('',#3141,#3163,#1678,.T.);
#3935=EDGE_CURVE('',#3164,#3163,#1679,.T.);
#3936=EDGE_CURVE('',#3165,#3164,#1680,.T.);
#3937=EDGE_CURVE('',#3025,#3165,#1681,.T.);
#3938=EDGE_CURVE('',#3166,#3167,#1682,.T.);
#3939=EDGE_CURVE('',#3167,#3168,#1683,.T.);
#3940=EDGE_CURVE('',#3168,#3169,#1684,.T.);
#3941=EDGE_CURVE('',#3169,#3166,#1685,.T.);
#3942=EDGE_CURVE('',#3170,#3171,#1686,.T.);
#3943=EDGE_CURVE('',#3171,#3172,#1687,.T.);
#3944=EDGE_CURVE('',#3172,#3173,#1688,.T.);
#3945=EDGE_CURVE('',#3173,#3170,#1689,.T.);
#3946=EDGE_CURVE('',#3174,#3175,#1690,.T.);
#3947=EDGE_CURVE('',#3175,#3176,#1691,.T.);
#3948=EDGE_CURVE('',#3176,#3177,#1692,.T.);
#3949=EDGE_CURVE('',#3177,#3174,#1693,.T.);
#3950=EDGE_CURVE('',#3178,#3178,#1448,.T.);
#3951=EDGE_CURVE('',#3178,#3179,#1694,.T.);
#3952=EDGE_CURVE('',#3179,#3179,#1449,.T.);
#3953=EDGE_CURVE('',#3180,#3181,#1695,.T.);
#3954=EDGE_CURVE('',#3182,#3181,#1696,.T.);
#3955=EDGE_CURVE('',#3183,#3182,#1697,.T.);
#3956=EDGE_CURVE('',#3180,#3183,#1698,.T.);
#3957=EDGE_CURVE('',#3184,#3185,#1699,.T.);
#3958=EDGE_CURVE('',#3181,#3185,#1700,.T.);
#3959=EDGE_CURVE('',#3184,#3180,#1701,.T.);
#3960=EDGE_CURVE('',#3186,#3184,#1702,.T.);
#3961=EDGE_CURVE('',#3186,#3183,#1703,.T.);
#3962=EDGE_CURVE('',#3187,#3187,#1450,.T.);
#3963=EDGE_CURVE('',#3186,#3188,#1704,.T.);
#3964=EDGE_CURVE('',#3185,#3188,#1705,.T.);
#3965=EDGE_CURVE('',#3188,#3182,#1706,.T.);
#3966=EDGE_CURVE('',#3189,#3190,#1707,.T.);
#3967=EDGE_CURVE('',#3191,#3189,#1708,.T.);
#3968=EDGE_CURVE('',#3192,#3191,#1709,.T.);
#3969=EDGE_CURVE('',#3190,#3192,#1710,.T.);
#3970=EDGE_CURVE('',#3191,#3193,#1711,.T.);
#3971=EDGE_CURVE('',#3194,#3193,#1712,.T.);
#3972=EDGE_CURVE('',#3192,#3194,#1713,.T.);
#3973=EDGE_CURVE('',#3195,#3195,#1451,.T.);
#3974=EDGE_CURVE('',#3196,#3189,#1714,.T.);
#3975=EDGE_CURVE('',#3193,#3196,#1715,.T.);
#3976=EDGE_CURVE('',#3197,#3190,#1716,.T.);
#3977=EDGE_CURVE('',#3196,#3197,#1717,.T.);
#3978=EDGE_CURVE('',#3198,#3198,#1452,.T.);
#3979=EDGE_CURVE('',#3199,#3004,#1718,.T.);
#3980=EDGE_CURVE('',#3199,#3200,#1719,.T.);
#3981=EDGE_CURVE('',#3201,#3200,#1720,.T.);
#3982=EDGE_CURVE('',#3004,#3201,#1721,.T.);
#3983=EDGE_CURVE('',#3202,#3203,#1453,.T.);
#3984=EDGE_CURVE('',#3200,#3203,#1722,.T.);
#3985=EDGE_CURVE('',#3199,#3202,#1723,.T.);
#3986=EDGE_CURVE('',#3140,#3204,#1724,.T.);
#3987=EDGE_CURVE('',#3163,#3204,#1725,.T.);
#3988=EDGE_CURVE('',#3205,#3205,#1454,.T.);
#3989=EDGE_CURVE('',#3206,#3206,#1455,.T.);
#3990=EDGE_CURVE('',#3207,#3207,#1456,.T.);
#3991=EDGE_CURVE('',#3208,#3208,#1457,.T.);
#3992=EDGE_CURVE('',#3204,#3203,#1726,.T.);
#3993=EDGE_CURVE('',#3203,#3209,#1458,.T.);
#3994=EDGE_CURVE('',#3209,#3210,#1727,.T.);
#3995=EDGE_CURVE('',#3210,#3164,#1459,.T.);
#3996=EDGE_CURVE('',#3211,#3212,#1728,.T.);
#3997=EDGE_CURVE('',#3213,#3211,#1729,.T.);
#3998=EDGE_CURVE('',#3214,#3213,#1730,.T.);
#3999=EDGE_CURVE('',#3212,#3214,#1731,.T.);
#4000=EDGE_CURVE('',#3215,#3211,#1732,.T.);
#4001=EDGE_CURVE('',#3215,#3216,#1733,.T.);
#4002=EDGE_CURVE('',#3213,#3216,#1734,.T.);
#4003=EDGE_CURVE('',#3197,#3194,#1735,.T.);
#4004=EDGE_CURVE('',#3217,#3218,#1736,.T.);
#4005=EDGE_CURVE('',#3218,#3219,#1737,.T.);
#4006=EDGE_CURVE('',#3219,#3220,#1738,.T.);
#4007=EDGE_CURVE('',#3220,#3217,#1739,.T.);
#4008=EDGE_CURVE('',#3221,#3214,#1740,.T.);
#4009=EDGE_CURVE('',#3221,#3222,#1741,.T.);
#4010=EDGE_CURVE('',#3212,#3222,#1742,.T.);
#4011=EDGE_CURVE('',#3223,#3224,#1743,.T.);
#4012=EDGE_CURVE('',#3225,#3223,#1744,.T.);
#4013=EDGE_CURVE('',#3226,#3225,#1745,.T.);
#4014=EDGE_CURVE('',#3224,#3226,#1746,.T.);
#4015=EDGE_CURVE('',#3227,#3228,#1747,.T.);
#4016=EDGE_CURVE('',#3228,#3229,#1748,.T.);
#4017=EDGE_CURVE('',#3229,#3230,#1749,.T.);
#4018=EDGE_CURVE('',#3230,#3227,#1750,.T.);
#4019=EDGE_CURVE('',#3231,#3225,#1751,.T.);
#4020=EDGE_CURVE('',#3232,#3231,#1752,.T.);
#4021=EDGE_CURVE('',#3226,#3232,#1753,.T.);
#4022=EDGE_CURVE('',#3223,#3233,#1754,.T.);
#4023=EDGE_CURVE('',#3231,#3233,#1755,.T.);
#4024=EDGE_CURVE('',#3234,#3235,#1756,.T.);
#4025=EDGE_CURVE('',#3236,#3234,#1757,.T.);
#4026=EDGE_CURVE('',#3237,#3236,#1758,.T.);
#4027=EDGE_CURVE('',#3235,#3237,#1759,.T.);
#4028=EDGE_CURVE('',#3238,#3239,#1760,.T.);
#4029=EDGE_CURVE('',#3239,#3240,#1761,.T.);
#4030=EDGE_CURVE('',#3240,#3241,#1762,.T.);
#4031=EDGE_CURVE('',#3241,#3238,#1763,.T.);
#4032=EDGE_CURVE('',#3242,#3236,#1764,.T.);
#4033=EDGE_CURVE('',#3243,#3242,#1765,.T.);
#4034=EDGE_CURVE('',#3237,#3243,#1766,.T.);
#4035=EDGE_CURVE('',#3234,#3244,#1767,.T.);
#4036=EDGE_CURVE('',#3242,#3244,#1768,.T.);
#4037=EDGE_CURVE('',#3245,#3246,#1769,.T.);
#4038=EDGE_CURVE('',#3247,#3245,#1770,.T.);
#4039=EDGE_CURVE('',#3238,#3247,#1771,.T.);
#4040=EDGE_CURVE('',#3248,#3241,#1772,.T.);
#4041=EDGE_CURVE('',#3249,#3248,#1773,.T.);
#4042=EDGE_CURVE('',#3250,#3249,#1774,.T.);
#4043=EDGE_CURVE('',#3246,#3250,#1775,.T.);
#4044=EDGE_CURVE('',#3251,#3252,#1776,.T.);
#4045=EDGE_CURVE('',#3252,#3245,#1777,.T.);
#4046=EDGE_CURVE('',#3251,#3246,#1778,.T.);
#4047=EDGE_CURVE('',#3253,#3235,#1779,.T.);
#4048=EDGE_CURVE('',#3253,#3244,#1780,.T.);
#4049=EDGE_CURVE('',#3254,#3255,#1781,.T.);
#4050=EDGE_CURVE('',#3256,#3254,#1782,.T.);
#4051=EDGE_CURVE('',#3240,#3256,#1783,.T.);
#4052=EDGE_CURVE('',#3257,#3239,#1784,.T.);
#4053=EDGE_CURVE('',#3252,#3257,#1785,.T.);
#4054=EDGE_CURVE('',#3255,#3251,#1786,.T.);
#4055=EDGE_CURVE('',#3258,#2993,#1787,.T.);
#4056=EDGE_CURVE('',#3259,#3258,#1788,.T.);
#4057=EDGE_CURVE('',#3259,#2994,#1789,.T.);
#4058=EDGE_CURVE('',#3253,#3243,#1790,.T.);
#4059=EDGE_CURVE('',#3260,#3261,#1791,.T.);
#4060=EDGE_CURVE('',#3261,#3262,#1792,.T.);
#4061=EDGE_CURVE('',#3262,#3263,#1793,.T.);
#4062=EDGE_CURVE('',#3263,#3260,#1794,.T.);
#4063=EDGE_CURVE('',#3264,#3233,#1795,.T.);
#4064=EDGE_CURVE('',#3264,#3232,#1796,.T.);
#4065=EDGE_CURVE('',#3264,#3224,#1797,.T.);
#4066=EDGE_CURVE('',#3170,#3228,#1798,.T.);
#4067=EDGE_CURVE('',#3229,#3173,#1799,.T.);
#4068=EDGE_CURVE('',#3230,#3172,#1800,.T.);
#4069=EDGE_CURVE('',#3171,#3227,#1801,.T.);
#4070=EDGE_CURVE('',#3265,#3032,#1802,.T.);
#4071=EDGE_CURVE('',#3151,#3265,#1803,.T.);
#4072=EDGE_CURVE('',#3266,#3064,#1804,.T.);
#4073=EDGE_CURVE('',#3267,#3266,#1805,.T.);
#4074=EDGE_CURVE('',#3017,#3267,#1806,.T.);
#4075=EDGE_CURVE('',#3268,#3016,#1807,.T.);
#4076=EDGE_CURVE('',#3095,#3268,#1808,.T.);
#4077=EDGE_CURVE('',#3269,#3048,#1809,.T.);
#4078=EDGE_CURVE('',#3090,#3269,#1810,.T.);
#4079=EDGE_CURVE('',#3270,#3044,#1811,.T.);
#4080=EDGE_CURVE('',#3105,#3270,#1812,.T.);
#4081=EDGE_CURVE('',#3085,#3100,#1813,.T.);
#4082=EDGE_CURVE('',#3115,#3080,#1814,.T.);
#4083=EDGE_CURVE('',#3075,#3110,#1815,.T.);
#4084=EDGE_CURVE('',#3125,#3070,#1816,.T.);
#4085=EDGE_CURVE('',#3065,#3120,#1817,.T.);
#4086=EDGE_CURVE('',#3271,#3135,#1460,.F.);
#4087=EDGE_CURVE('',#3272,#3271,#1818,.T.);
#4088=EDGE_CURVE('',#3272,#3273,#1461,.T.);
#4089=EDGE_CURVE('',#3273,#3270,#1819,.T.);
#4090=EDGE_CURVE('',#3274,#3269,#1820,.T.);
#4091=EDGE_CURVE('',#3091,#3274,#1821,.T.);
#4092=EDGE_CURVE('',#3275,#3136,#1462,.F.);
#4093=EDGE_CURVE('',#3276,#3275,#1822,.T.);
#4094=EDGE_CURVE('',#3276,#3274,#1463,.T.);
#4095=EDGE_CURVE('',#3277,#3268,#1823,.T.);
#4096=EDGE_CURVE('',#3096,#3277,#1824,.T.);
#4097=EDGE_CURVE('',#3278,#3266,#1825,.T.);
#4098=EDGE_CURVE('',#3279,#3278,#1826,.T.);
#4099=EDGE_CURVE('',#3267,#3279,#1827,.T.);
#4100=EDGE_CURVE('',#3280,#3132,#1464,.F.);
#4101=EDGE_CURVE('',#3281,#3280,#1828,.T.);
#4102=EDGE_CURVE('',#3281,#3278,#1465,.T.);
#4103=EDGE_CURVE('',#3282,#3265,#1829,.T.);
#4104=EDGE_CURVE('',#3152,#3282,#1830,.T.);
#4105=EDGE_CURVE('',#3283,#3134,#1466,.F.);
#4106=EDGE_CURVE('',#3284,#3283,#1831,.T.);
#4107=EDGE_CURVE('',#3284,#3282,#1467,.T.);
#4108=EDGE_CURVE('',#3066,#3124,#1832,.T.);
#4109=EDGE_CURVE('',#3202,#2988,#1833,.T.);
#4110=EDGE_CURVE('',#3209,#2987,#1834,.T.);
#4111=EDGE_CURVE('',#3210,#2986,#1835,.T.);
#4112=EDGE_CURVE('',#3164,#2985,#1836,.T.);
#4113=EDGE_CURVE('',#3249,#3254,#1837,.T.);
#4114=EDGE_CURVE('',#3256,#3248,#1838,.T.);
#4115=EDGE_CURVE('',#3257,#3247,#1839,.T.);
#4116=EDGE_CURVE('',#3126,#3074,#1840,.T.);
#4117=EDGE_CURVE('',#3076,#3114,#1841,.T.);
#4118=EDGE_CURVE('',#3116,#3084,#1842,.T.);
#4119=EDGE_CURVE('',#3086,#3104,#1843,.T.);
#4120=EDGE_CURVE('',#3106,#3273,#1844,.T.);
#4121=EDGE_CURVE('',#3279,#3130,#1468,.F.);
#4122=EDGE_CURVE('',#3277,#3138,#1469,.T.);
#4123=EDGE_CURVE('',#3285,#3123,#139,.F.);
#4124=EDGE_CURVE('',#3285,#3286,#1845,.T.);
#4125=EDGE_CURVE('',#3067,#3286,#140,.F.);
#4126=EDGE_CURVE('',#3287,#3073,#141,.F.);
#4127=EDGE_CURVE('',#3287,#3285,#1846,.T.);
#4128=EDGE_CURVE('',#3127,#3285,#142,.F.);
#4129=EDGE_CURVE('',#3288,#3113,#143,.F.);
#4130=EDGE_CURVE('',#3288,#3287,#1847,.T.);
#4131=EDGE_CURVE('',#3077,#3287,#144,.F.);
#4132=EDGE_CURVE('',#3289,#3137,#1470,.F.);
#4133=EDGE_CURVE('',#3290,#3289,#1848,.T.);
#4134=EDGE_CURVE('',#3290,#3277,#1471,.T.);
#4135=EDGE_CURVE('',#3291,#3083,#145,.F.);
#4136=EDGE_CURVE('',#3291,#3292,#1849,.T.);
#4137=EDGE_CURVE('',#3117,#3292,#146,.F.);
#4138=EDGE_CURVE('',#3293,#3103,#147,.F.);
#4139=EDGE_CURVE('',#3293,#3291,#1850,.T.);
#4140=EDGE_CURVE('',#3087,#3291,#148,.F.);
#4141=EDGE_CURVE('',#3294,#3294,#1472,.T.);
#4142=EDGE_CURVE('',#3294,#2989,#1851,.T.);
#4143=EDGE_CURVE('',#3295,#3295,#1473,.T.);
#4144=EDGE_CURVE('',#3295,#2990,#1852,.T.);
#4145=EDGE_CURVE('',#3165,#3003,#1853,.T.);
#4146=EDGE_CURVE('',#3005,#3296,#1854,.T.);
#4147=EDGE_CURVE('',#3008,#3296,#1855,.T.);
#4148=EDGE_CURVE('',#3139,#3009,#1856,.T.);
#4149=EDGE_CURVE('',#3296,#3201,#1857,.T.);
#4150=EDGE_CURVE('',#3297,#2998,#1858,.T.);
#4151=EDGE_CURVE('',#3297,#3298,#1859,.T.);
#4152=EDGE_CURVE('',#3298,#2999,#1860,.T.);
#4153=EDGE_CURVE('',#3299,#3300,#149,.T.);
#4154=EDGE_CURVE('',#3301,#3300,#1861,.T.);
#4155=EDGE_CURVE('',#3302,#3301,#150,.T.);
#4156=EDGE_CURVE('',#3302,#3299,#1862,.T.);
#4157=EDGE_CURVE('',#3303,#3299,#151,.T.);
#4158=EDGE_CURVE('',#3304,#3302,#152,.T.);
#4159=EDGE_CURVE('',#3304,#3303,#1863,.T.);
#4160=EDGE_CURVE('',#3305,#3303,#153,.T.);
#4161=EDGE_CURVE('',#3306,#3304,#154,.T.);
#4162=EDGE_CURVE('',#3306,#3305,#1864,.T.);
#4163=EDGE_CURVE('',#3307,#3305,#155,.T.);
#4164=EDGE_CURVE('',#3308,#3306,#156,.T.);
#4165=EDGE_CURVE('',#3308,#3307,#1865,.T.);
#4166=EDGE_CURVE('',#3309,#3307,#157,.T.);
#4167=EDGE_CURVE('',#3310,#3308,#158,.T.);
#4168=EDGE_CURVE('',#3310,#3309,#1866,.T.);
#4169=EDGE_CURVE('',#3311,#3312,#159,.T.);
#4170=EDGE_CURVE('',#3313,#3312,#1867,.T.);
#4171=EDGE_CURVE('',#3314,#3313,#160,.T.);
#4172=EDGE_CURVE('',#3314,#3311,#1868,.T.);
#4173=EDGE_CURVE('',#3315,#3311,#161,.T.);
#4174=EDGE_CURVE('',#3316,#3314,#162,.T.);
#4175=EDGE_CURVE('',#3316,#3315,#1869,.T.);
#4176=EDGE_CURVE('',#3317,#3315,#163,.T.);
#4177=EDGE_CURVE('',#3318,#3316,#164,.T.);
#4178=EDGE_CURVE('',#3318,#3317,#1870,.T.);
#4179=EDGE_CURVE('',#3319,#3317,#165,.T.);
#4180=EDGE_CURVE('',#3320,#3318,#166,.T.);
#4181=EDGE_CURVE('',#3320,#3319,#1871,.T.);
#4182=EDGE_CURVE('',#3321,#3319,#167,.T.);
#4183=EDGE_CURVE('',#3322,#3320,#168,.T.);
#4184=EDGE_CURVE('',#3322,#3321,#1872,.T.);
#4185=EDGE_CURVE('',#3323,#3321,#169,.T.);
#4186=EDGE_CURVE('',#3324,#3322,#170,.T.);
#4187=EDGE_CURVE('',#3324,#3323,#1873,.T.);
#4188=EDGE_CURVE('',#3325,#3323,#171,.T.);
#4189=EDGE_CURVE('',#3326,#3324,#172,.T.);
#4190=EDGE_CURVE('',#3326,#3325,#1874,.T.);
#4191=EDGE_CURVE('',#3327,#3328,#173,.T.);
#4192=EDGE_CURVE('',#3329,#3328,#1875,.T.);
#4193=EDGE_CURVE('',#3330,#3329,#174,.T.);
#4194=EDGE_CURVE('',#3330,#3327,#1876,.T.);
#4195=EDGE_CURVE('',#3331,#3327,#175,.T.);
#4196=EDGE_CURVE('',#3332,#3330,#176,.T.);
#4197=EDGE_CURVE('',#3332,#3331,#1877,.T.);
#4198=EDGE_CURVE('',#3333,#3331,#1878,.T.);
#4199=EDGE_CURVE('',#3334,#3332,#1879,.T.);
#4200=EDGE_CURVE('',#3334,#3333,#1880,.T.);
#4201=EDGE_CURVE('',#3335,#3333,#1881,.T.);
#4202=EDGE_CURVE('',#3336,#3334,#1882,.T.);
#4203=EDGE_CURVE('',#3336,#3335,#1883,.T.);
#4204=EDGE_CURVE('',#3337,#3338,#177,.T.);
#4205=EDGE_CURVE('',#3339,#3338,#1884,.T.);
#4206=EDGE_CURVE('',#3340,#3339,#178,.T.);
#4207=EDGE_CURVE('',#3340,#3337,#1885,.T.);
#4208=EDGE_CURVE('',#3341,#3337,#179,.T.);
#4209=EDGE_CURVE('',#3342,#3340,#180,.T.);
#4210=EDGE_CURVE('',#3342,#3341,#1886,.T.);
#4211=EDGE_CURVE('',#3343,#3341,#181,.T.);
#4212=EDGE_CURVE('',#3344,#3342,#182,.T.);
#4213=EDGE_CURVE('',#3344,#3343,#1887,.T.);
#4214=EDGE_CURVE('',#3345,#3343,#183,.T.);
#4215=EDGE_CURVE('',#3346,#3344,#184,.T.);
#4216=EDGE_CURVE('',#3346,#3345,#1888,.T.);
#4217=EDGE_CURVE('',#3347,#3345,#185,.T.);
#4218=EDGE_CURVE('',#3348,#3346,#186,.T.);
#4219=EDGE_CURVE('',#3348,#3347,#1889,.T.);
#4220=EDGE_CURVE('',#3349,#3347,#1890,.T.);
#4221=EDGE_CURVE('',#3350,#3348,#1891,.T.);
#4222=EDGE_CURVE('',#3350,#3349,#1892,.T.);
#4223=EDGE_CURVE('',#3351,#3352,#1893,.T.);
#4224=EDGE_CURVE('',#3353,#3352,#1894,.T.);
#4225=EDGE_CURVE('',#3354,#3353,#1895,.T.);
#4226=EDGE_CURVE('',#3354,#3351,#1896,.T.);
#4227=EDGE_CURVE('',#3355,#3351,#187,.T.);
#4228=EDGE_CURVE('',#3356,#3354,#188,.T.);
#4229=EDGE_CURVE('',#3356,#3355,#1897,.T.);
#4230=EDGE_CURVE('',#3357,#3355,#189,.T.);
#4231=EDGE_CURVE('',#3358,#3356,#190,.T.);
#4232=EDGE_CURVE('',#3358,#3357,#1898,.T.);
#4233=EDGE_CURVE('',#3359,#3357,#191,.T.);
#4234=EDGE_CURVE('',#3360,#3358,#192,.T.);
#4235=EDGE_CURVE('',#3360,#3359,#1899,.T.);
#4236=EDGE_CURVE('',#3361,#3359,#193,.T.);
#4237=EDGE_CURVE('',#3362,#3360,#194,.T.);
#4238=EDGE_CURVE('',#3362,#3361,#1900,.T.);
#4239=EDGE_CURVE('',#3363,#3361,#195,.T.);
#4240=EDGE_CURVE('',#3364,#3362,#196,.T.);
#4241=EDGE_CURVE('',#3364,#3363,#1901,.T.);
#4242=EDGE_CURVE('',#3365,#3363,#197,.T.);
#4243=EDGE_CURVE('',#3366,#3364,#198,.T.);
#4244=EDGE_CURVE('',#3366,#3365,#1902,.T.);
#4245=EDGE_CURVE('',#3367,#3365,#199,.T.);
#4246=EDGE_CURVE('',#3368,#3366,#200,.T.);
#4247=EDGE_CURVE('',#3368,#3367,#1903,.T.);
#4248=EDGE_CURVE('',#3369,#3367,#201,.T.);
#4249=EDGE_CURVE('',#3370,#3368,#202,.T.);
#4250=EDGE_CURVE('',#3370,#3369,#1904,.T.);
#4251=EDGE_CURVE('',#3371,#3369,#203,.T.);
#4252=EDGE_CURVE('',#3372,#3370,#204,.T.);
#4253=EDGE_CURVE('',#3372,#3371,#1905,.T.);
#4254=EDGE_CURVE('',#3373,#3371,#205,.T.);
#4255=EDGE_CURVE('',#3374,#3372,#206,.T.);
#4256=EDGE_CURVE('',#3374,#3373,#1906,.T.);
#4257=EDGE_CURVE('',#3375,#3373,#207,.T.);
#4258=EDGE_CURVE('',#3376,#3374,#208,.T.);
#4259=EDGE_CURVE('',#3376,#3375,#1907,.T.);
#4260=EDGE_CURVE('',#3377,#3375,#209,.T.);
#4261=EDGE_CURVE('',#3378,#3376,#210,.T.);
#4262=EDGE_CURVE('',#3378,#3377,#1908,.T.);
#4263=EDGE_CURVE('',#3379,#3377,#211,.T.);
#4264=EDGE_CURVE('',#3380,#3378,#212,.T.);
#4265=EDGE_CURVE('',#3380,#3379,#1909,.T.);
#4266=EDGE_CURVE('',#3381,#3379,#1910,.T.);
#4267=EDGE_CURVE('',#3382,#3380,#1911,.T.);
#4268=EDGE_CURVE('',#3382,#3381,#1912,.T.);
#4269=EDGE_CURVE('',#3383,#3384,#1913,.T.);
#4270=EDGE_CURVE('',#3385,#3384,#1914,.T.);
#4271=EDGE_CURVE('',#3386,#3385,#1915,.T.);
#4272=EDGE_CURVE('',#3386,#3383,#1916,.T.);
#4273=EDGE_CURVE('',#3387,#3383,#1917,.T.);
#4274=EDGE_CURVE('',#3388,#3386,#1918,.T.);
#4275=EDGE_CURVE('',#3388,#3387,#1919,.T.);
#4276=EDGE_CURVE('',#3389,#3390,#1920,.T.);
#4277=EDGE_CURVE('',#3391,#3390,#1921,.T.);
#4278=EDGE_CURVE('',#3392,#3391,#1922,.T.);
#4279=EDGE_CURVE('',#3392,#3389,#1923,.T.);
#4280=EDGE_CURVE('',#3393,#3389,#1924,.T.);
#4281=EDGE_CURVE('',#3394,#3392,#1925,.T.);
#4282=EDGE_CURVE('',#3394,#3393,#1926,.T.);
#4283=EDGE_CURVE('',#3395,#3393,#1927,.T.);
#4284=EDGE_CURVE('',#3396,#3394,#1928,.T.);
#4285=EDGE_CURVE('',#3396,#3395,#1929,.T.);
#4286=EDGE_CURVE('',#3397,#3395,#1930,.T.);
#4287=EDGE_CURVE('',#3398,#3396,#1931,.T.);
#4288=EDGE_CURVE('',#3398,#3397,#1932,.T.);
#4289=EDGE_CURVE('',#3399,#3400,#213,.T.);
#4290=EDGE_CURVE('',#3401,#3400,#1933,.T.);
#4291=EDGE_CURVE('',#3402,#3401,#214,.T.);
#4292=EDGE_CURVE('',#3402,#3399,#1934,.T.);
#4293=EDGE_CURVE('',#3403,#3399,#215,.T.);
#4294=EDGE_CURVE('',#3404,#3402,#216,.T.);
#4295=EDGE_CURVE('',#3404,#3403,#1935,.T.);
#4296=EDGE_CURVE('',#3405,#3403,#217,.T.);
#4297=EDGE_CURVE('',#3406,#3404,#218,.T.);
#4298=EDGE_CURVE('',#3406,#3405,#1936,.T.);
#4299=EDGE_CURVE('',#3407,#3405,#219,.T.);
#4300=EDGE_CURVE('',#3408,#3406,#220,.T.);
#4301=EDGE_CURVE('',#3408,#3407,#1937,.T.);
#4302=EDGE_CURVE('',#3409,#3407,#221,.T.);
#4303=EDGE_CURVE('',#3410,#3408,#222,.T.);
#4304=EDGE_CURVE('',#3410,#3409,#1938,.T.);
#4305=EDGE_CURVE('',#3411,#3409,#223,.T.);
#4306=EDGE_CURVE('',#3412,#3410,#224,.T.);
#4307=EDGE_CURVE('',#3412,#3411,#1939,.T.);
#4308=EDGE_CURVE('',#3413,#3411,#225,.T.);
#4309=EDGE_CURVE('',#3414,#3412,#226,.T.);
#4310=EDGE_CURVE('',#3414,#3413,#1940,.T.);
#4311=EDGE_CURVE('',#3415,#3413,#227,.T.);
#4312=EDGE_CURVE('',#3416,#3414,#228,.T.);
#4313=EDGE_CURVE('',#3416,#3415,#1941,.T.);
#4314=EDGE_CURVE('',#3417,#3415,#229,.T.);
#4315=EDGE_CURVE('',#3418,#3416,#230,.T.);
#4316=EDGE_CURVE('',#3418,#3417,#1942,.T.);
#4317=EDGE_CURVE('',#3419,#3417,#231,.T.);
#4318=EDGE_CURVE('',#3420,#3418,#232,.T.);
#4319=EDGE_CURVE('',#3420,#3419,#1943,.T.);
#4320=EDGE_CURVE('',#3421,#3419,#1944,.T.);
#4321=EDGE_CURVE('',#3422,#3420,#1945,.T.);
#4322=EDGE_CURVE('',#3422,#3421,#1946,.T.);
#4323=EDGE_CURVE('',#3423,#3424,#1947,.T.);
#4324=EDGE_CURVE('',#3425,#3424,#1948,.T.);
#4325=EDGE_CURVE('',#3426,#3425,#1949,.T.);
#4326=EDGE_CURVE('',#3426,#3423,#1950,.T.);
#4327=EDGE_CURVE('',#3427,#3423,#1951,.T.);
#4328=EDGE_CURVE('',#3428,#3426,#1952,.T.);
#4329=EDGE_CURVE('',#3428,#3427,#1953,.T.);
#4330=EDGE_CURVE('',#3429,#3430,#233,.T.);
#4331=EDGE_CURVE('',#3431,#3430,#1954,.T.);
#4332=EDGE_CURVE('',#3432,#3431,#234,.T.);
#4333=EDGE_CURVE('',#3432,#3429,#1955,.T.);
#4334=EDGE_CURVE('',#3433,#3429,#235,.T.);
#4335=EDGE_CURVE('',#3434,#3432,#236,.T.);
#4336=EDGE_CURVE('',#3434,#3433,#1956,.T.);
#4337=EDGE_CURVE('',#3435,#3433,#237,.T.);
#4338=EDGE_CURVE('',#3436,#3434,#238,.T.);
#4339=EDGE_CURVE('',#3436,#3435,#1957,.T.);
#4340=EDGE_CURVE('',#3437,#3435,#1958,.T.);
#4341=EDGE_CURVE('',#3438,#3436,#1959,.T.);
#4342=EDGE_CURVE('',#3438,#3437,#1960,.T.);
#4343=EDGE_CURVE('',#3439,#3440,#239,.T.);
#4344=EDGE_CURVE('',#3441,#3440,#1961,.T.);
#4345=EDGE_CURVE('',#3442,#3441,#240,.T.);
#4346=EDGE_CURVE('',#3442,#3439,#1962,.T.);
#4347=EDGE_CURVE('',#3443,#3439,#241,.T.);
#4348=EDGE_CURVE('',#3444,#3442,#242,.T.);
#4349=EDGE_CURVE('',#3444,#3443,#1963,.T.);
#4350=EDGE_CURVE('',#3445,#3443,#243,.T.);
#4351=EDGE_CURVE('',#3446,#3444,#244,.T.);
#4352=EDGE_CURVE('',#3446,#3445,#1964,.T.);
#4353=EDGE_CURVE('',#3447,#3445,#245,.T.);
#4354=EDGE_CURVE('',#3448,#3446,#246,.T.);
#4355=EDGE_CURVE('',#3448,#3447,#1965,.T.);
#4356=EDGE_CURVE('',#3449,#3447,#247,.T.);
#4357=EDGE_CURVE('',#3450,#3448,#248,.T.);
#4358=EDGE_CURVE('',#3450,#3449,#1966,.T.);
#4359=EDGE_CURVE('',#3451,#3449,#1967,.T.);
#4360=EDGE_CURVE('',#3452,#3450,#1968,.T.);
#4361=EDGE_CURVE('',#3452,#3451,#1969,.T.);
#4362=EDGE_CURVE('',#3453,#3451,#1970,.T.);
#4363=EDGE_CURVE('',#3454,#3452,#1971,.T.);
#4364=EDGE_CURVE('',#3454,#3453,#1972,.T.);
#4365=EDGE_CURVE('',#3455,#3453,#1973,.T.);
#4366=EDGE_CURVE('',#3456,#3454,#1974,.T.);
#4367=EDGE_CURVE('',#3456,#3455,#1975,.T.);
#4368=EDGE_CURVE('',#3457,#3455,#1976,.T.);
#4369=EDGE_CURVE('',#3458,#3456,#1977,.T.);
#4370=EDGE_CURVE('',#3458,#3457,#1978,.T.);
#4371=EDGE_CURVE('',#3459,#3457,#1979,.T.);
#4372=EDGE_CURVE('',#3460,#3458,#1980,.T.);
#4373=EDGE_CURVE('',#3460,#3459,#1981,.T.);
#4374=EDGE_CURVE('',#3461,#3459,#249,.T.);
#4375=EDGE_CURVE('',#3462,#3460,#250,.T.);
#4376=EDGE_CURVE('',#3462,#3461,#1982,.T.);
#4377=EDGE_CURVE('',#3463,#3461,#251,.T.);
#4378=EDGE_CURVE('',#3464,#3462,#252,.T.);
#4379=EDGE_CURVE('',#3464,#3463,#1983,.T.);
#4380=EDGE_CURVE('',#3465,#3463,#1984,.T.);
#4381=EDGE_CURVE('',#3466,#3464,#1985,.T.);
#4382=EDGE_CURVE('',#3466,#3465,#1986,.T.);
#4383=EDGE_CURVE('',#3467,#3468,#1987,.T.);
#4384=EDGE_CURVE('',#3469,#3468,#1988,.T.);
#4385=EDGE_CURVE('',#3470,#3469,#1989,.T.);
#4386=EDGE_CURVE('',#3470,#3467,#1990,.T.);
#4387=EDGE_CURVE('',#3471,#3467,#1991,.T.);
#4388=EDGE_CURVE('',#3472,#3470,#1992,.T.);
#4389=EDGE_CURVE('',#3472,#3471,#1993,.T.);
#4390=EDGE_CURVE('',#3473,#3474,#253,.T.);
#4391=EDGE_CURVE('',#3475,#3474,#1994,.T.);
#4392=EDGE_CURVE('',#3476,#3475,#254,.T.);
#4393=EDGE_CURVE('',#3476,#3473,#1995,.T.);
#4394=EDGE_CURVE('',#3477,#3473,#255,.T.);
#4395=EDGE_CURVE('',#3478,#3476,#256,.T.);
#4396=EDGE_CURVE('',#3478,#3477,#1996,.T.);
#4397=EDGE_CURVE('',#3479,#3477,#257,.T.);
#4398=EDGE_CURVE('',#3480,#3478,#258,.T.);
#4399=EDGE_CURVE('',#3480,#3479,#1997,.T.);
#4400=EDGE_CURVE('',#3481,#3479,#259,.T.);
#4401=EDGE_CURVE('',#3482,#3480,#260,.T.);
#4402=EDGE_CURVE('',#3482,#3481,#1998,.T.);
#4403=EDGE_CURVE('',#3483,#3481,#261,.T.);
#4404=EDGE_CURVE('',#3484,#3482,#262,.T.);
#4405=EDGE_CURVE('',#3484,#3483,#1999,.T.);
#4406=EDGE_CURVE('',#3485,#3483,#263,.T.);
#4407=EDGE_CURVE('',#3486,#3484,#264,.T.);
#4408=EDGE_CURVE('',#3486,#3485,#2000,.T.);
#4409=EDGE_CURVE('',#3487,#3485,#2001,.T.);
#4410=EDGE_CURVE('',#3488,#3486,#2002,.T.);
#4411=EDGE_CURVE('',#3488,#3487,#2003,.T.);
#4412=EDGE_CURVE('',#3489,#3487,#2004,.T.);
#4413=EDGE_CURVE('',#3490,#3488,#2005,.T.);
#4414=EDGE_CURVE('',#3490,#3489,#2006,.T.);
#4415=EDGE_CURVE('',#3491,#3492,#265,.T.);
#4416=EDGE_CURVE('',#3493,#3492,#2007,.T.);
#4417=EDGE_CURVE('',#3494,#3493,#266,.T.);
#4418=EDGE_CURVE('',#3494,#3491,#2008,.T.);
#4419=EDGE_CURVE('',#3495,#3491,#267,.T.);
#4420=EDGE_CURVE('',#3496,#3494,#268,.T.);
#4421=EDGE_CURVE('',#3496,#3495,#2009,.T.);
#4422=EDGE_CURVE('',#3497,#3495,#2010,.T.);
#4423=EDGE_CURVE('',#3498,#3496,#2011,.T.);
#4424=EDGE_CURVE('',#3498,#3497,#2012,.T.);
#4425=EDGE_CURVE('',#3499,#3497,#2013,.T.);
#4426=EDGE_CURVE('',#3500,#3498,#2014,.T.);
#4427=EDGE_CURVE('',#3500,#3499,#2015,.T.);
#4428=EDGE_CURVE('',#3501,#3499,#2016,.T.);
#4429=EDGE_CURVE('',#3502,#3500,#2017,.T.);
#4430=EDGE_CURVE('',#3502,#3501,#2018,.T.);
#4431=EDGE_CURVE('',#3503,#3504,#2019,.T.);
#4432=EDGE_CURVE('',#3504,#3438,#2020,.T.);
#4433=EDGE_CURVE('',#3431,#3505,#269,.T.);
#4434=EDGE_CURVE('',#3505,#3503,#270,.T.);
#4435=EDGE_CURVE('',#3425,#3428,#2021,.T.);
#4436=EDGE_CURVE('',#3385,#3388,#2022,.T.);
#4437=EDGE_CURVE('',#3506,#3507,#271,.T.);
#4438=EDGE_CURVE('',#3507,#3336,#2023,.T.);
#4439=EDGE_CURVE('',#3329,#3508,#272,.T.);
#4440=EDGE_CURVE('',#3508,#3506,#273,.T.);
#4441=EDGE_CURVE('',#3509,#3298,#2024,.T.);
#4442=EDGE_CURVE('',#3510,#3297,#2025,.T.);
#4443=EDGE_CURVE('',#3510,#3509,#2026,.T.);
#4444=EDGE_CURVE('',#3510,#3001,#2027,.T.);
#4445=EDGE_CURVE('',#3511,#3510,#2028,.T.);
#4446=EDGE_CURVE('',#3511,#3002,#2029,.T.);
#4447=EDGE_CURVE('',#3512,#3513,#274,.T.);
#4448=EDGE_CURVE('',#3513,#3310,#275,.T.);
#4449=EDGE_CURVE('',#3301,#3514,#276,.T.);
#4450=EDGE_CURVE('',#3514,#3512,#277,.T.);
#4451=EDGE_CURVE('',#3515,#3516,#278,.F.);
#4452=EDGE_CURVE('',#3516,#3517,#2030,.T.);
#4453=EDGE_CURVE('',#3517,#3518,#279,.F.);
#4454=EDGE_CURVE('',#3518,#3515,#2031,.T.);
#4455=EDGE_CURVE('',#3112,#3519,#280,.F.);
#4456=EDGE_CURVE('',#3519,#3288,#2032,.T.);
#4457=EDGE_CURVE('',#3520,#3521,#281,.F.);
#4458=EDGE_CURVE('',#3521,#3522,#2033,.T.);
#4459=EDGE_CURVE('',#3522,#3523,#282,.F.);
#4460=EDGE_CURVE('',#3523,#3520,#2034,.T.);
#4461=EDGE_CURVE('',#3524,#3525,#283,.F.);
#4462=EDGE_CURVE('',#3525,#3526,#2035,.T.);
#4463=EDGE_CURVE('',#3526,#3527,#284,.F.);
#4464=EDGE_CURVE('',#3527,#3528,#285,.F.);
#4465=EDGE_CURVE('',#3528,#3529,#2036,.T.);
#4466=EDGE_CURVE('',#3524,#3529,#286,.T.);
#4467=EDGE_CURVE('',#3526,#3279,#1474,.F.);
#4468=EDGE_CURVE('',#3525,#3131,#1475,.T.);
#4469=EDGE_CURVE('',#3153,#3530,#287,.F.);
#4470=EDGE_CURVE('',#3530,#3281,#288,.F.);
#4471=EDGE_CURVE('',#3531,#3280,#289,.T.);
#4472=EDGE_CURVE('',#3531,#3154,#290,.F.);
#4473=EDGE_CURVE('',#3286,#3284,#291,.F.);
#4474=EDGE_CURVE('',#3532,#3283,#292,.T.);
#4475=EDGE_CURVE('',#3532,#3068,#293,.F.);
#4476=EDGE_CURVE('',#3533,#3122,#294,.T.);
#4477=EDGE_CURVE('',#3533,#3128,#295,.F.);
#4478=EDGE_CURVE('',#3534,#3078,#296,.F.);
#4479=EDGE_CURVE('',#3534,#3072,#297,.T.);
#4480=EDGE_CURVE('',#3292,#3535,#2037,.T.);
#4481=EDGE_CURVE('',#3535,#3118,#298,.F.);
#4482=EDGE_CURVE('',#3536,#3082,#299,.T.);
#4483=EDGE_CURVE('',#3536,#3088,#300,.F.);
#4484=EDGE_CURVE('',#3107,#3293,#301,.F.);
#4485=EDGE_CURVE('',#3537,#3102,#302,.T.);
#4486=EDGE_CURVE('',#3537,#3108,#303,.F.);
#4487=EDGE_CURVE('',#3538,#3093,#304,.F.);
#4488=EDGE_CURVE('',#3092,#3539,#305,.F.);
#4489=EDGE_CURVE('',#3539,#3272,#306,.F.);
#4490=EDGE_CURVE('',#3538,#3271,#307,.T.);
#4491=EDGE_CURVE('',#3540,#3098,#308,.F.);
#4492=EDGE_CURVE('',#3097,#3541,#309,.F.);
#4493=EDGE_CURVE('',#3541,#3276,#310,.F.);
#4494=EDGE_CURVE('',#3540,#3275,#311,.T.);
#4495=EDGE_CURVE('',#3542,#3543,#312,.F.);
#4496=EDGE_CURVE('',#3543,#3290,#313,.F.);
#4497=EDGE_CURVE('',#3544,#3289,#314,.T.);
#4498=EDGE_CURVE('',#3544,#3545,#315,.F.);
#4499=EDGE_CURVE('',#3545,#3542,#2038,.T.);
#4500=EDGE_CURVE('',#3527,#3521,#2039,.T.);
#4501=EDGE_CURVE('',#3520,#3147,#1476,.F.);
#4502=EDGE_CURVE('',#3528,#3150,#1477,.T.);
#4503=EDGE_CURVE('',#3530,#3527,#2040,.T.);
#4504=EDGE_CURVE('',#3286,#3530,#2041,.T.);
#4505=EDGE_CURVE('',#3539,#3293,#2042,.T.);
#4506=EDGE_CURVE('',#3541,#3539,#2043,.T.);
#4507=EDGE_CURVE('',#3543,#3541,#2044,.T.);
#4508=EDGE_CURVE('',#3517,#3543,#2045,.T.);
#4509=EDGE_CURVE('',#3542,#3143,#1478,.F.);
#4510=EDGE_CURVE('',#3518,#3146,#1479,.T.);
#4511=EDGE_CURVE('',#3522,#3524,#2046,.T.);
#4512=EDGE_CURVE('',#3529,#3149,#1480,.F.);
#4513=EDGE_CURVE('',#3523,#3148,#1481,.T.);
#4514=EDGE_CURVE('',#3524,#3531,#2047,.T.);
#4515=EDGE_CURVE('',#3531,#3532,#2048,.T.);
#4516=EDGE_CURVE('',#3532,#3533,#2049,.T.);
#4517=EDGE_CURVE('',#3533,#3534,#2050,.T.);
#4518=EDGE_CURVE('',#3534,#3519,#2051,.T.);
#4519=EDGE_CURVE('',#3535,#3536,#2052,.T.);
#4520=EDGE_CURVE('',#3536,#3537,#2053,.T.);
#4521=EDGE_CURVE('',#3537,#3538,#2054,.T.);
#4522=EDGE_CURVE('',#3538,#3540,#2055,.T.);
#4523=EDGE_CURVE('',#3540,#3544,#2056,.T.);
#4524=EDGE_CURVE('',#3544,#3516,#2057,.T.);
#4525=EDGE_CURVE('',#3515,#3145,#1482,.F.);
#4526=EDGE_CURVE('',#3545,#3144,#1483,.T.);
#4527=EDGE_CURVE('',#3546,#3547,#1484,.T.);
#4528=EDGE_CURVE('',#3547,#3548,#15,.T.);
#4529=EDGE_CURVE('',#3549,#3548,#1485,.T.);
#4530=EDGE_CURVE('',#3549,#3546,#16,.T.);
#4531=EDGE_CURVE('',#3550,#3551,#1486,.T.);
#4532=EDGE_CURVE('',#3551,#3547,#2058,.T.);
#4533=EDGE_CURVE('',#3546,#3550,#2059,.T.);
#4534=EDGE_CURVE('',#3552,#3259,#1487,.T.);
#4535=EDGE_CURVE('',#3259,#3551,#17,.T.);
#4536=EDGE_CURVE('',#3550,#3552,#18,.T.);
#4537=EDGE_CURVE('',#3511,#3553,#1488,.T.);
#4538=EDGE_CURVE('',#3553,#2991,#2060,.T.);
#4539=EDGE_CURVE('',#3554,#3555,#1489,.T.);
#4540=EDGE_CURVE('',#3555,#3553,#19,.T.);
#4541=EDGE_CURVE('',#3511,#3554,#20,.T.);
#4542=EDGE_CURVE('',#3556,#3557,#1490,.T.);
#4543=EDGE_CURVE('',#3557,#3555,#2061,.T.);
#4544=EDGE_CURVE('',#3554,#3556,#2062,.T.);
#4545=EDGE_CURVE('',#3258,#3558,#1491,.T.);
#4546=EDGE_CURVE('',#3558,#3557,#21,.T.);
#4547=EDGE_CURVE('',#3556,#3258,#22,.T.);
#4548=EDGE_CURVE('',#3556,#3551,#2063,.T.);
#4549=EDGE_CURVE('',#3547,#3554,#2064,.T.);
#4550=EDGE_CURVE('',#3297,#3548,#2065,.T.);
#4551=EDGE_CURVE('',#3559,#3559,#1492,.T.);
#4552=EDGE_CURVE('',#3559,#3155,#2066,.T.);
#4553=EDGE_CURVE('',#3560,#3560,#1493,.T.);
#4554=EDGE_CURVE('',#3560,#3208,#2067,.T.);
#4555=EDGE_CURVE('',#3561,#3561,#1494,.T.);
#4556=EDGE_CURVE('',#3561,#3156,#2068,.T.);
#4557=EDGE_CURVE('',#3562,#3562,#1495,.T.);
#4558=EDGE_CURVE('',#3562,#3205,#2069,.T.);
#4559=EDGE_CURVE('',#3563,#3563,#1496,.T.);
#4560=EDGE_CURVE('',#3563,#3157,#2070,.T.);
#4561=EDGE_CURVE('',#3564,#3564,#1497,.T.);
#4562=EDGE_CURVE('',#3564,#3207,#2071,.T.);
#4563=EDGE_CURVE('',#3565,#3565,#1498,.T.);
#4564=EDGE_CURVE('',#3565,#3158,#2072,.T.);
#4565=EDGE_CURVE('',#3566,#3566,#1499,.T.);
#4566=EDGE_CURVE('',#3566,#3206,#2073,.T.);
#4567=EDGE_CURVE('',#3260,#3175,#2074,.T.);
#4568=EDGE_CURVE('',#3263,#3176,#2075,.T.);
#4569=EDGE_CURVE('',#3261,#3174,#2076,.T.);
#4570=EDGE_CURVE('',#3262,#3177,#2077,.T.);
#4571=EDGE_CURVE('',#3548,#2997,#2078,.T.);
#4572=EDGE_CURVE('',#3567,#3568,#2079,.T.);
#4573=EDGE_CURVE('',#3569,#3568,#2080,.T.);
#4574=EDGE_CURVE('',#3570,#3569,#2081,.T.);
#4575=EDGE_CURVE('',#3567,#3570,#2082,.T.);
#4576=EDGE_CURVE('',#3571,#3572,#316,.T.);
#4577=EDGE_CURVE('',#3572,#3490,#2083,.T.);
#4578=EDGE_CURVE('',#3475,#3573,#2084,.T.);
#4579=EDGE_CURVE('',#3573,#3574,#317,.T.);
#4580=EDGE_CURVE('',#3574,#3575,#318,.T.);
#4581=EDGE_CURVE('',#3575,#3576,#319,.T.);
#4582=EDGE_CURVE('',#3576,#3571,#320,.T.);
#4583=EDGE_CURVE('',#3469,#3577,#2085,.T.);
#4584=EDGE_CURVE('',#3577,#3472,#2086,.T.);
#4585=EDGE_CURVE('',#3578,#3579,#2087,.T.);
#4586=EDGE_CURVE('',#3579,#3466,#2088,.T.);
#4587=EDGE_CURVE('',#3441,#3580,#321,.T.);
#4588=EDGE_CURVE('',#3580,#3581,#322,.T.);
#4589=EDGE_CURVE('',#3581,#3582,#323,.T.);
#4590=EDGE_CURVE('',#3582,#3583,#324,.T.);
#4591=EDGE_CURVE('',#3583,#3584,#2089,.T.);
#4592=EDGE_CURVE('',#3584,#3585,#2090,.T.);
#4593=EDGE_CURVE('',#3585,#3586,#2091,.T.);
#4594=EDGE_CURVE('',#3586,#3587,#2092,.T.);
#4595=EDGE_CURVE('',#3587,#3588,#2093,.T.);
#4596=EDGE_CURVE('',#3588,#3589,#2094,.T.);
#4597=EDGE_CURVE('',#3589,#3578,#2095,.T.);
#4598=EDGE_CURVE('',#3590,#3591,#2096,.T.);
#4599=EDGE_CURVE('',#3591,#3350,#2097,.T.);
#4600=EDGE_CURVE('',#3339,#3592,#325,.T.);
#4601=EDGE_CURVE('',#3592,#3593,#326,.T.);
#4602=EDGE_CURVE('',#3593,#3590,#327,.T.);
#4603=EDGE_CURVE('',#3594,#3595,#328,.T.);
#4604=EDGE_CURVE('',#3595,#3326,#329,.T.);
#4605=EDGE_CURVE('',#3313,#3596,#330,.T.);
#4606=EDGE_CURVE('',#3596,#3597,#331,.T.);
#4607=EDGE_CURVE('',#3597,#3598,#332,.T.);
#4608=EDGE_CURVE('',#3598,#3594,#333,.T.);
#4609=EDGE_CURVE('',#3599,#3600,#334,.T.);
#4610=EDGE_CURVE('',#3600,#3502,#2098,.T.);
#4611=EDGE_CURVE('',#3493,#3601,#2099,.T.);
#4612=EDGE_CURVE('',#3601,#3599,#335,.T.);
#4613=EDGE_CURVE('',#3602,#3603,#336,.T.);
#4614=EDGE_CURVE('',#3603,#3382,#337,.T.);
#4615=EDGE_CURVE('',#3353,#3604,#338,.T.);
#4616=EDGE_CURVE('',#3604,#3605,#339,.T.);
#4617=EDGE_CURVE('',#3605,#3606,#340,.T.);
#4618=EDGE_CURVE('',#3606,#3607,#341,.T.);
#4619=EDGE_CURVE('',#3607,#3608,#342,.T.);
#4620=EDGE_CURVE('',#3608,#3609,#343,.T.);
#4621=EDGE_CURVE('',#3609,#3610,#344,.T.);
#4622=EDGE_CURVE('',#3610,#3611,#345,.T.);
#4623=EDGE_CURVE('',#3611,#3612,#346,.T.);
#4624=EDGE_CURVE('',#3612,#3613,#347,.T.);
#4625=EDGE_CURVE('',#3613,#3614,#348,.T.);
#4626=EDGE_CURVE('',#3614,#3602,#349,.T.);
#4627=EDGE_CURVE('',#3615,#3616,#350,.T.);
#4628=EDGE_CURVE('',#3616,#3422,#351,.T.);
#4629=EDGE_CURVE('',#3401,#3617,#2100,.T.);
#4630=EDGE_CURVE('',#3617,#3618,#352,.T.);
#4631=EDGE_CURVE('',#3618,#3619,#353,.T.);
#4632=EDGE_CURVE('',#3619,#3620,#354,.T.);
#4633=EDGE_CURVE('',#3620,#3621,#355,.T.);
#4634=EDGE_CURVE('',#3621,#3622,#356,.T.);
#4635=EDGE_CURVE('',#3622,#3623,#357,.T.);
#4636=EDGE_CURVE('',#3623,#3615,#358,.T.);
#4637=EDGE_CURVE('',#3391,#3624,#2101,.T.);
#4638=EDGE_CURVE('',#3624,#3625,#2102,.T.);
#4639=EDGE_CURVE('',#3625,#3626,#2103,.T.);
#4640=EDGE_CURVE('',#3626,#3398,#2104,.T.);
#4641=EDGE_CURVE('',#3627,#3325,#359,.T.);
#4642=EDGE_CURVE('',#3595,#3627,#2105,.T.);
#4643=EDGE_CURVE('',#3628,#3627,#360,.T.);
#4644=EDGE_CURVE('',#3594,#3628,#2106,.T.);
#4645=EDGE_CURVE('',#3629,#3628,#361,.T.);
#4646=EDGE_CURVE('',#3598,#3629,#2107,.T.);
#4647=EDGE_CURVE('',#3630,#3629,#362,.T.);
#4648=EDGE_CURVE('',#3597,#3630,#2108,.T.);
#4649=EDGE_CURVE('',#3631,#3630,#363,.T.);
#4650=EDGE_CURVE('',#3596,#3631,#2109,.T.);
#4651=EDGE_CURVE('',#3312,#3631,#364,.T.);
#4652=EDGE_CURVE('',#3632,#3309,#365,.T.);
#4653=EDGE_CURVE('',#3513,#3632,#2110,.T.);
#4654=EDGE_CURVE('',#3633,#3632,#366,.T.);
#4655=EDGE_CURVE('',#3512,#3633,#2111,.T.);
#4656=EDGE_CURVE('',#3634,#3633,#367,.T.);
#4657=EDGE_CURVE('',#3514,#3634,#2112,.T.);
#4658=EDGE_CURVE('',#3300,#3634,#368,.T.);
#4659=EDGE_CURVE('',#3635,#3349,#2113,.T.);
#4660=EDGE_CURVE('',#3591,#3635,#2114,.T.);
#4661=EDGE_CURVE('',#3636,#3635,#2115,.T.);
#4662=EDGE_CURVE('',#3590,#3636,#2116,.T.);
#4663=EDGE_CURVE('',#3637,#3636,#369,.T.);
#4664=EDGE_CURVE('',#3593,#3637,#2117,.T.);
#4665=EDGE_CURVE('',#3638,#3637,#370,.T.);
#4666=EDGE_CURVE('',#3592,#3638,#2118,.T.);
#4667=EDGE_CURVE('',#3338,#3638,#371,.T.);
#4668=EDGE_CURVE('',#3639,#3335,#2119,.T.);
#4669=EDGE_CURVE('',#3507,#3639,#2120,.T.);
#4670=EDGE_CURVE('',#3640,#3639,#372,.T.);
#4671=EDGE_CURVE('',#3506,#3640,#2121,.T.);
#4672=EDGE_CURVE('',#3641,#3640,#373,.T.);
#4673=EDGE_CURVE('',#3508,#3641,#2122,.T.);
#4674=EDGE_CURVE('',#3328,#3641,#374,.T.);
#4675=EDGE_CURVE('',#3642,#3381,#375,.T.);
#4676=EDGE_CURVE('',#3603,#3642,#2123,.T.);
#4677=EDGE_CURVE('',#3643,#3642,#376,.T.);
#4678=EDGE_CURVE('',#3602,#3643,#2124,.T.);
#4679=EDGE_CURVE('',#3644,#3643,#377,.T.);
#4680=EDGE_CURVE('',#3614,#3644,#2125,.T.);
#4681=EDGE_CURVE('',#3645,#3644,#378,.T.);
#4682=EDGE_CURVE('',#3613,#3645,#2126,.T.);
#4683=EDGE_CURVE('',#3646,#3645,#379,.T.);
#4684=EDGE_CURVE('',#3612,#3646,#2127,.T.);
#4685=EDGE_CURVE('',#3647,#3646,#380,.T.);
#4686=EDGE_CURVE('',#3611,#3647,#2128,.T.);
#4687=EDGE_CURVE('',#3648,#3647,#381,.T.);
#4688=EDGE_CURVE('',#3610,#3648,#2129,.T.);
#4689=EDGE_CURVE('',#3649,#3648,#382,.T.);
#4690=EDGE_CURVE('',#3609,#3649,#2130,.T.);
#4691=EDGE_CURVE('',#3650,#3649,#383,.T.);
#4692=EDGE_CURVE('',#3608,#3650,#2131,.T.);
#4693=EDGE_CURVE('',#3651,#3650,#384,.T.);
#4694=EDGE_CURVE('',#3607,#3651,#2132,.T.);
#4695=EDGE_CURVE('',#3652,#3651,#385,.T.);
#4696=EDGE_CURVE('',#3606,#3652,#2133,.T.);
#4697=EDGE_CURVE('',#3653,#3652,#386,.T.);
#4698=EDGE_CURVE('',#3605,#3653,#2134,.T.);
#4699=EDGE_CURVE('',#3654,#3653,#387,.T.);
#4700=EDGE_CURVE('',#3604,#3654,#2135,.T.);
#4701=EDGE_CURVE('',#3352,#3654,#388,.T.);
#4702=EDGE_CURVE('',#3655,#3397,#2136,.T.);
#4703=EDGE_CURVE('',#3626,#3655,#2137,.T.);
#4704=EDGE_CURVE('',#3656,#3655,#2138,.T.);
#4705=EDGE_CURVE('',#3625,#3656,#2139,.T.);
#4706=EDGE_CURVE('',#3657,#3656,#2140,.T.);
#4707=EDGE_CURVE('',#3624,#3657,#2141,.T.);
#4708=EDGE_CURVE('',#3390,#3657,#2142,.T.);
#4709=EDGE_CURVE('',#3384,#3387,#2143,.T.);
#4710=EDGE_CURVE('',#3658,#3465,#2144,.T.);
#4711=EDGE_CURVE('',#3579,#3658,#2145,.T.);
#4712=EDGE_CURVE('',#3659,#3658,#2146,.T.);
#4713=EDGE_CURVE('',#3578,#3659,#2147,.T.);
#4714=EDGE_CURVE('',#3660,#3659,#2148,.T.);
#4715=EDGE_CURVE('',#3589,#3660,#2149,.T.);
#4716=EDGE_CURVE('',#3661,#3660,#2150,.T.);
#4717=EDGE_CURVE('',#3588,#3661,#2151,.T.);
#4718=EDGE_CURVE('',#3662,#3661,#2152,.T.);
#4719=EDGE_CURVE('',#3587,#3662,#2153,.T.);
#4720=EDGE_CURVE('',#3663,#3662,#2154,.T.);
#4721=EDGE_CURVE('',#3586,#3663,#2155,.T.);
#4722=EDGE_CURVE('',#3664,#3663,#2156,.T.);
#4723=EDGE_CURVE('',#3585,#3664,#2157,.T.);
#4724=EDGE_CURVE('',#3665,#3664,#2158,.T.);
#4725=EDGE_CURVE('',#3584,#3665,#2159,.T.);
#4726=EDGE_CURVE('',#3666,#3665,#2160,.T.);
#4727=EDGE_CURVE('',#3583,#3666,#2161,.T.);
#4728=EDGE_CURVE('',#3667,#3666,#389,.T.);
#4729=EDGE_CURVE('',#3582,#3667,#2162,.T.);
#4730=EDGE_CURVE('',#3668,#3667,#390,.T.);
#4731=EDGE_CURVE('',#3581,#3668,#2163,.T.);
#4732=EDGE_CURVE('',#3669,#3668,#391,.T.);
#4733=EDGE_CURVE('',#3580,#3669,#2164,.T.);
#4734=EDGE_CURVE('',#3440,#3669,#392,.T.);
#4735=EDGE_CURVE('',#3670,#3437,#2165,.T.);
#4736=EDGE_CURVE('',#3504,#3670,#2166,.T.);
#4737=EDGE_CURVE('',#3671,#3670,#2167,.T.);
#4738=EDGE_CURVE('',#3503,#3671,#2168,.T.);
#4739=EDGE_CURVE('',#3672,#3671,#393,.T.);
#4740=EDGE_CURVE('',#3505,#3672,#2169,.T.);
#4741=EDGE_CURVE('',#3430,#3672,#394,.T.);
#4742=EDGE_CURVE('',#3424,#3427,#2170,.T.);
#4743=EDGE_CURVE('',#3673,#3421,#395,.T.);
#4744=EDGE_CURVE('',#3616,#3673,#2171,.T.);
#4745=EDGE_CURVE('',#3674,#3673,#396,.T.);
#4746=EDGE_CURVE('',#3615,#3674,#2172,.T.);
#4747=EDGE_CURVE('',#3675,#3674,#397,.T.);
#4748=EDGE_CURVE('',#3623,#3675,#2173,.T.);
#4749=EDGE_CURVE('',#3676,#3675,#398,.T.);
#4750=EDGE_CURVE('',#3622,#3676,#2174,.T.);
#4751=EDGE_CURVE('',#3677,#3676,#399,.T.);
#4752=EDGE_CURVE('',#3621,#3677,#2175,.T.);
#4753=EDGE_CURVE('',#3678,#3677,#400,.T.);
#4754=EDGE_CURVE('',#3620,#3678,#2176,.T.);
#4755=EDGE_CURVE('',#3679,#3678,#401,.T.);
#4756=EDGE_CURVE('',#3619,#3679,#2177,.T.);
#4757=EDGE_CURVE('',#3680,#3679,#402,.T.);
#4758=EDGE_CURVE('',#3618,#3680,#2178,.T.);
#4759=EDGE_CURVE('',#3681,#3680,#403,.T.);
#4760=EDGE_CURVE('',#3617,#3681,#2179,.T.);
#4761=EDGE_CURVE('',#3400,#3681,#2180,.T.);
#4762=EDGE_CURVE('',#3682,#3471,#2181,.T.);
#4763=EDGE_CURVE('',#3577,#3682,#2182,.T.);
#4764=EDGE_CURVE('',#3468,#3682,#2183,.T.);
#4765=EDGE_CURVE('',#3683,#3489,#2184,.T.);
#4766=EDGE_CURVE('',#3572,#3683,#2185,.T.);
#4767=EDGE_CURVE('',#3684,#3683,#404,.T.);
#4768=EDGE_CURVE('',#3571,#3684,#2186,.T.);
#4769=EDGE_CURVE('',#3685,#3684,#405,.T.);
#4770=EDGE_CURVE('',#3576,#3685,#2187,.T.);
#4771=EDGE_CURVE('',#3686,#3685,#406,.T.);
#4772=EDGE_CURVE('',#3575,#3686,#2188,.T.);
#4773=EDGE_CURVE('',#3687,#3686,#407,.T.);
#4774=EDGE_CURVE('',#3574,#3687,#2189,.T.);
#4775=EDGE_CURVE('',#3688,#3687,#408,.T.);
#4776=EDGE_CURVE('',#3573,#3688,#2190,.T.);
#4777=EDGE_CURVE('',#3474,#3688,#2191,.T.);
#4778=EDGE_CURVE('',#3689,#3501,#2192,.T.);
#4779=EDGE_CURVE('',#3600,#3689,#2193,.T.);
#4780=EDGE_CURVE('',#3690,#3689,#409,.T.);
#4781=EDGE_CURVE('',#3599,#3690,#2194,.T.);
#4782=EDGE_CURVE('',#3691,#3690,#410,.T.);
#4783=EDGE_CURVE('',#3601,#3691,#2195,.T.);
#4784=EDGE_CURVE('',#3492,#3691,#2196,.T.);
#4785=EDGE_CURVE('',#3000,#3509,#2197,.T.);
#4786=EDGE_CURVE('',#3250,#3255,#2198,.T.);
#4787=EDGE_CURVE('',#3692,#3692,#1500,.T.);
#4788=EDGE_CURVE('',#3693,#3693,#1501,.T.);
#4789=EDGE_CURVE('',#3693,#3692,#2199,.T.);
#4790=EDGE_CURVE('',#3694,#3694,#1502,.T.);
#4791=EDGE_CURVE('',#3695,#3695,#1503,.T.);
#4792=EDGE_CURVE('',#3695,#3694,#2200,.T.);
#4793=EDGE_CURVE('',#3696,#3696,#1504,.T.);
#4794=EDGE_CURVE('',#3697,#3697,#1505,.T.);
#4795=EDGE_CURVE('',#3697,#3696,#2201,.T.);
#4796=EDGE_CURVE('',#3698,#3698,#1506,.T.);
#4797=EDGE_CURVE('',#3699,#3699,#1507,.T.);
#4798=EDGE_CURVE('',#3699,#3698,#2202,.T.);
#4799=EDGE_CURVE('',#3558,#2992,#2203,.T.);
#4800=EDGE_CURVE('',#3552,#2995,#2204,.T.);
#4801=EDGE_CURVE('',#3549,#2996,#2205,.T.);
#4802=EDGE_CURVE('',#3700,#3701,#2206,.T.);
#4803=EDGE_CURVE('',#3701,#3702,#2207,.T.);
#4804=EDGE_CURVE('',#3702,#3703,#2208,.T.);
#4805=EDGE_CURVE('',#3703,#3700,#2209,.T.);
#4806=EDGE_CURVE('',#3704,#3701,#2210,.T.);
#4807=EDGE_CURVE('',#3704,#3705,#2211,.T.);
#4808=EDGE_CURVE('',#3705,#3702,#2212,.T.);
#4809=EDGE_CURVE('',#3700,#3219,#2213,.T.);
#4810=EDGE_CURVE('',#3703,#3220,#2214,.T.);
#4811=EDGE_CURVE('',#3706,#3218,#2215,.T.);
#4812=EDGE_CURVE('',#3707,#3217,#2216,.T.);
#4813=EDGE_CURVE('',#3706,#3707,#2217,.T.);
#4814=EDGE_CURVE('',#3708,#3706,#2218,.T.);
#4815=EDGE_CURVE('',#3709,#3707,#2219,.T.);
#4816=EDGE_CURVE('',#3708,#3709,#2220,.T.);
#4817=EDGE_CURVE('',#3710,#3708,#2221,.T.);
#4818=EDGE_CURVE('',#3711,#3709,#2222,.T.);
#4819=EDGE_CURVE('',#3710,#3711,#2223,.T.);
#4820=EDGE_CURVE('',#3704,#3710,#2224,.T.);
#4821=EDGE_CURVE('',#3705,#3711,#2225,.T.);
#4822=EDGE_CURVE('',#3712,#3712,#1508,.T.);
#4823=EDGE_CURVE('',#3713,#3713,#1509,.T.);
#4824=EDGE_CURVE('',#3714,#3714,#1510,.T.);
#4825=EDGE_CURVE('',#3715,#3715,#1511,.T.);
#4826=EDGE_CURVE('',#3216,#3221,#2226,.T.);
#4827=EDGE_CURVE('',#3222,#3215,#2227,.T.);
#4828=EDGE_CURVE('',#3716,#3568,#2228,.T.);
#4829=EDGE_CURVE('',#3567,#3717,#2229,.T.);
#4830=EDGE_CURVE('',#3716,#3717,#2230,.T.);
#4831=EDGE_CURVE('',#3718,#3570,#2231,.T.);
#4832=EDGE_CURVE('',#3718,#3717,#2232,.T.);
#4833=EDGE_CURVE('',#3569,#3719,#2233,.T.);
#4834=EDGE_CURVE('',#3718,#3719,#2234,.T.);
#4835=EDGE_CURVE('',#3716,#3719,#2235,.T.);
#4836=EDGE_CURVE('',#3720,#3720,#1512,.T.);
#4837=EDGE_CURVE('',#3720,#3187,#2236,.T.);
#4838=EDGE_CURVE('',#3195,#3198,#2237,.T.);
#4839=EDGE_CURVE('',#3713,#3715,#2238,.T.);
#4840=EDGE_CURVE('',#3712,#3714,#2239,.T.);
#4841=EDGE_CURVE('',#3721,#3722,#2240,.T.);
#4842=EDGE_CURVE('',#3722,#3723,#2241,.T.);
#4843=EDGE_CURVE('',#3723,#3724,#2242,.T.);
#4844=EDGE_CURVE('',#3724,#3721,#2243,.T.);
#4845=EDGE_CURVE('',#3169,#3722,#2244,.T.);
#4846=EDGE_CURVE('',#3166,#3721,#2245,.T.);
#4847=EDGE_CURVE('',#3168,#3723,#2246,.T.);
#4848=EDGE_CURVE('',#3167,#3724,#2247,.T.);
#4849=ORIENTED_EDGE('',*,*,#3725,.F.);
#4850=ORIENTED_EDGE('',*,*,#3726,.F.);
#4851=ORIENTED_EDGE('',*,*,#3727,.F.);
#4852=ORIENTED_EDGE('',*,*,#3728,.F.);
#4853=ORIENTED_EDGE('',*,*,#3729,.F.);
#4854=ORIENTED_EDGE('',*,*,#3730,.F.);
#4855=ORIENTED_EDGE('',*,*,#3731,.F.);
#4856=ORIENTED_EDGE('',*,*,#3732,.F.);
#4857=ORIENTED_EDGE('',*,*,#3733,.T.);
#4858=ORIENTED_EDGE('',*,*,#3734,.T.);
#4859=ORIENTED_EDGE('',*,*,#3735,.T.);
#4860=ORIENTED_EDGE('',*,*,#3736,.T.);
#4861=ORIENTED_EDGE('',*,*,#3737,.T.);
#4862=ORIENTED_EDGE('',*,*,#3738,.T.);
#4863=ORIENTED_EDGE('',*,*,#3739,.T.);
#4864=ORIENTED_EDGE('',*,*,#3740,.T.);
#4865=ORIENTED_EDGE('',*,*,#3741,.T.);
#4866=ORIENTED_EDGE('',*,*,#3742,.T.);
#4867=ORIENTED_EDGE('',*,*,#3743,.T.);
#4868=ORIENTED_EDGE('',*,*,#3744,.T.);
#4869=ORIENTED_EDGE('',*,*,#3745,.T.);
#4870=ORIENTED_EDGE('',*,*,#3725,.T.);
#4871=ORIENTED_EDGE('',*,*,#3746,.T.);
#4872=ORIENTED_EDGE('',*,*,#3747,.F.);
#4873=ORIENTED_EDGE('',*,*,#3748,.F.);
#4874=ORIENTED_EDGE('',*,*,#3749,.F.);
#4875=ORIENTED_EDGE('',*,*,#3750,.F.);
#4876=ORIENTED_EDGE('',*,*,#3751,.F.);
#4877=ORIENTED_EDGE('',*,*,#3752,.F.);
#4878=ORIENTED_EDGE('',*,*,#3753,.F.);
#4879=ORIENTED_EDGE('',*,*,#3754,.F.);
#4880=ORIENTED_EDGE('',*,*,#3755,.F.);
#4881=ORIENTED_EDGE('',*,*,#3756,.F.);
#4882=ORIENTED_EDGE('',*,*,#3757,.T.);
#4883=ORIENTED_EDGE('',*,*,#3758,.T.);
#4884=ORIENTED_EDGE('',*,*,#3759,.T.);
#4885=ORIENTED_EDGE('',*,*,#3760,.T.);
#4886=ORIENTED_EDGE('',*,*,#3761,.T.);
#4887=ORIENTED_EDGE('',*,*,#3762,.F.);
#4888=ORIENTED_EDGE('',*,*,#3763,.F.);
#4889=ORIENTED_EDGE('',*,*,#3764,.F.);
#4890=ORIENTED_EDGE('',*,*,#3765,.F.);
#4891=ORIENTED_EDGE('',*,*,#3766,.F.);
#4892=ORIENTED_EDGE('',*,*,#3767,.F.);
#4893=ORIENTED_EDGE('',*,*,#3768,.F.);
#4894=ORIENTED_EDGE('',*,*,#3769,.F.);
#4895=ORIENTED_EDGE('',*,*,#3770,.F.);
#4896=ORIENTED_EDGE('',*,*,#3771,.F.);
#4897=ORIENTED_EDGE('',*,*,#3772,.F.);
#4898=ORIENTED_EDGE('',*,*,#3773,.F.);
#4899=ORIENTED_EDGE('',*,*,#3774,.F.);
#4900=ORIENTED_EDGE('',*,*,#3775,.F.);
#4901=ORIENTED_EDGE('',*,*,#3776,.F.);
#4902=ORIENTED_EDGE('',*,*,#3777,.F.);
#4903=ORIENTED_EDGE('',*,*,#3778,.F.);
#4904=ORIENTED_EDGE('',*,*,#3779,.F.);
#4905=ORIENTED_EDGE('',*,*,#3780,.F.);
#4906=ORIENTED_EDGE('',*,*,#3781,.F.);
#4907=ORIENTED_EDGE('',*,*,#3782,.F.);
#4908=ORIENTED_EDGE('',*,*,#3783,.F.);
#4909=ORIENTED_EDGE('',*,*,#3784,.F.);
#4910=ORIENTED_EDGE('',*,*,#3785,.F.);
#4911=ORIENTED_EDGE('',*,*,#3786,.F.);
#4912=ORIENTED_EDGE('',*,*,#3787,.F.);
#4913=ORIENTED_EDGE('',*,*,#3788,.F.);
#4914=ORIENTED_EDGE('',*,*,#3789,.F.);
#4915=ORIENTED_EDGE('',*,*,#3790,.F.);
#4916=ORIENTED_EDGE('',*,*,#3791,.F.);
#4917=ORIENTED_EDGE('',*,*,#3792,.F.);
#4918=ORIENTED_EDGE('',*,*,#3793,.F.);
#4919=ORIENTED_EDGE('',*,*,#3794,.F.);
#4920=ORIENTED_EDGE('',*,*,#3795,.F.);
#4921=ORIENTED_EDGE('',*,*,#3796,.F.);
#4922=ORIENTED_EDGE('',*,*,#3797,.F.);
#4923=ORIENTED_EDGE('',*,*,#3798,.F.);
#4924=ORIENTED_EDGE('',*,*,#3799,.F.);
#4925=ORIENTED_EDGE('',*,*,#3800,.F.);
#4926=ORIENTED_EDGE('',*,*,#3801,.F.);
#4927=ORIENTED_EDGE('',*,*,#3802,.F.);
#4928=ORIENTED_EDGE('',*,*,#3803,.F.);
#4929=ORIENTED_EDGE('',*,*,#3804,.F.);
#4930=ORIENTED_EDGE('',*,*,#3805,.F.);
#4931=ORIENTED_EDGE('',*,*,#3806,.F.);
#4932=ORIENTED_EDGE('',*,*,#3807,.F.);
#4933=ORIENTED_EDGE('',*,*,#3772,.T.);
#4934=ORIENTED_EDGE('',*,*,#3808,.T.);
#4935=ORIENTED_EDGE('',*,*,#3809,.F.);
#4936=ORIENTED_EDGE('',*,*,#3810,.F.);
#4937=ORIENTED_EDGE('',*,*,#3811,.F.);
#4938=ORIENTED_EDGE('',*,*,#3812,.T.);
#4939=ORIENTED_EDGE('',*,*,#3813,.F.);
#4940=ORIENTED_EDGE('',*,*,#3814,.T.);
#4941=ORIENTED_EDGE('',*,*,#3778,.T.);
#4942=ORIENTED_EDGE('',*,*,#3815,.F.);
#4943=ORIENTED_EDGE('',*,*,#3816,.F.);
#4944=ORIENTED_EDGE('',*,*,#3817,.F.);
#4945=ORIENTED_EDGE('',*,*,#3818,.T.);
#4946=ORIENTED_EDGE('',*,*,#3819,.T.);
#4947=ORIENTED_EDGE('',*,*,#3776,.T.);
#4948=ORIENTED_EDGE('',*,*,#3820,.T.);
#4949=ORIENTED_EDGE('',*,*,#3821,.F.);
#4950=ORIENTED_EDGE('',*,*,#3822,.F.);
#4951=ORIENTED_EDGE('',*,*,#3823,.F.);
#4952=ORIENTED_EDGE('',*,*,#3824,.T.);
#4953=ORIENTED_EDGE('',*,*,#3825,.F.);
#4954=ORIENTED_EDGE('',*,*,#3826,.T.);
#4955=ORIENTED_EDGE('',*,*,#3782,.T.);
#4956=ORIENTED_EDGE('',*,*,#3827,.F.);
#4957=ORIENTED_EDGE('',*,*,#3828,.F.);
#4958=ORIENTED_EDGE('',*,*,#3829,.F.);
#4959=ORIENTED_EDGE('',*,*,#3830,.T.);
#4960=ORIENTED_EDGE('',*,*,#3831,.T.);
#4961=ORIENTED_EDGE('',*,*,#3780,.T.);
#4962=ORIENTED_EDGE('',*,*,#3832,.T.);
#4963=ORIENTED_EDGE('',*,*,#3833,.F.);
#4964=ORIENTED_EDGE('',*,*,#3834,.F.);
#4965=ORIENTED_EDGE('',*,*,#3835,.F.);
#4966=ORIENTED_EDGE('',*,*,#3836,.T.);
#4967=ORIENTED_EDGE('',*,*,#3837,.F.);
#4968=ORIENTED_EDGE('',*,*,#3784,.T.);
#4969=ORIENTED_EDGE('',*,*,#3838,.T.);
#4970=ORIENTED_EDGE('',*,*,#3839,.F.);
#4971=ORIENTED_EDGE('',*,*,#3840,.F.);
#4972=ORIENTED_EDGE('',*,*,#3841,.F.);
#4973=ORIENTED_EDGE('',*,*,#3842,.T.);
#4974=ORIENTED_EDGE('',*,*,#3843,.F.);
#4975=ORIENTED_EDGE('',*,*,#3788,.T.);
#4976=ORIENTED_EDGE('',*,*,#3844,.T.);
#4977=ORIENTED_EDGE('',*,*,#3845,.F.);
#4978=ORIENTED_EDGE('',*,*,#3846,.F.);
#4979=ORIENTED_EDGE('',*,*,#3847,.F.);
#4980=ORIENTED_EDGE('',*,*,#3848,.T.);
#4981=ORIENTED_EDGE('',*,*,#3849,.F.);
#4982=ORIENTED_EDGE('',*,*,#3850,.T.);
#4983=ORIENTED_EDGE('',*,*,#3794,.T.);
#4984=ORIENTED_EDGE('',*,*,#3851,.F.);
#4985=ORIENTED_EDGE('',*,*,#3852,.F.);
#4986=ORIENTED_EDGE('',*,*,#3853,.F.);
#4987=ORIENTED_EDGE('',*,*,#3854,.T.);
#4988=ORIENTED_EDGE('',*,*,#3855,.T.);
#4989=ORIENTED_EDGE('',*,*,#3792,.T.);
#4990=ORIENTED_EDGE('',*,*,#3856,.T.);
#4991=ORIENTED_EDGE('',*,*,#3857,.F.);
#4992=ORIENTED_EDGE('',*,*,#3858,.F.);
#4993=ORIENTED_EDGE('',*,*,#3859,.F.);
#4994=ORIENTED_EDGE('',*,*,#3860,.T.);
#4995=ORIENTED_EDGE('',*,*,#3861,.F.);
#4996=ORIENTED_EDGE('',*,*,#3862,.T.);
#4997=ORIENTED_EDGE('',*,*,#3798,.T.);
#4998=ORIENTED_EDGE('',*,*,#3863,.F.);
#4999=ORIENTED_EDGE('',*,*,#3864,.F.);
#5000=ORIENTED_EDGE('',*,*,#3865,.F.);
#5001=ORIENTED_EDGE('',*,*,#3866,.T.);
#5002=ORIENTED_EDGE('',*,*,#3867,.T.);
#5003=ORIENTED_EDGE('',*,*,#3796,.T.);
#5004=ORIENTED_EDGE('',*,*,#3868,.T.);
#5005=ORIENTED_EDGE('',*,*,#3869,.F.);
#5006=ORIENTED_EDGE('',*,*,#3870,.F.);
#5007=ORIENTED_EDGE('',*,*,#3871,.F.);
#5008=ORIENTED_EDGE('',*,*,#3872,.T.);
#5009=ORIENTED_EDGE('',*,*,#3873,.F.);
#5010=ORIENTED_EDGE('',*,*,#3874,.T.);
#5011=ORIENTED_EDGE('',*,*,#3802,.T.);
#5012=ORIENTED_EDGE('',*,*,#3875,.F.);
#5013=ORIENTED_EDGE('',*,*,#3876,.F.);
#5014=ORIENTED_EDGE('',*,*,#3877,.F.);
#5015=ORIENTED_EDGE('',*,*,#3878,.T.);
#5016=ORIENTED_EDGE('',*,*,#3879,.T.);
#5017=ORIENTED_EDGE('',*,*,#3800,.T.);
#5018=ORIENTED_EDGE('',*,*,#3880,.T.);
#5019=ORIENTED_EDGE('',*,*,#3881,.F.);
#5020=ORIENTED_EDGE('',*,*,#3882,.F.);
#5021=ORIENTED_EDGE('',*,*,#3883,.F.);
#5022=ORIENTED_EDGE('',*,*,#3884,.T.);
#5023=ORIENTED_EDGE('',*,*,#3885,.F.);
#5024=ORIENTED_EDGE('',*,*,#3761,.F.);
#5025=ORIENTED_EDGE('',*,*,#3886,.T.);
#5026=ORIENTED_EDGE('',*,*,#3887,.T.);
#5027=ORIENTED_EDGE('',*,*,#3888,.F.);
#5028=ORIENTED_EDGE('',*,*,#3889,.T.);
#5029=ORIENTED_EDGE('',*,*,#3805,.T.);
#5030=ORIENTED_EDGE('',*,*,#3890,.T.);
#5031=ORIENTED_EDGE('',*,*,#3891,.F.);
#5032=ORIENTED_EDGE('',*,*,#3892,.T.);
#5033=ORIENTED_EDGE('',*,*,#3773,.T.);
#5034=ORIENTED_EDGE('',*,*,#3813,.T.);
#5035=ORIENTED_EDGE('',*,*,#3893,.F.);
#5036=ORIENTED_EDGE('',*,*,#3875,.T.);
#5037=ORIENTED_EDGE('',*,*,#3801,.T.);
#5038=ORIENTED_EDGE('',*,*,#3885,.T.);
#5039=ORIENTED_EDGE('',*,*,#3894,.F.);
#5040=ORIENTED_EDGE('',*,*,#3815,.T.);
#5041=ORIENTED_EDGE('',*,*,#3777,.T.);
#5042=ORIENTED_EDGE('',*,*,#3825,.T.);
#5043=ORIENTED_EDGE('',*,*,#3895,.F.);
#5044=ORIENTED_EDGE('',*,*,#3863,.T.);
#5045=ORIENTED_EDGE('',*,*,#3797,.T.);
#5046=ORIENTED_EDGE('',*,*,#3873,.T.);
#5047=ORIENTED_EDGE('',*,*,#3896,.F.);
#5048=ORIENTED_EDGE('',*,*,#3827,.T.);
#5049=ORIENTED_EDGE('',*,*,#3781,.T.);
#5050=ORIENTED_EDGE('',*,*,#3837,.T.);
#5051=ORIENTED_EDGE('',*,*,#3897,.F.);
#5052=ORIENTED_EDGE('',*,*,#3851,.T.);
#5053=ORIENTED_EDGE('',*,*,#3793,.T.);
#5054=ORIENTED_EDGE('',*,*,#3861,.T.);
#5055=ORIENTED_EDGE('',*,*,#3898,.F.);
#5056=ORIENTED_EDGE('',*,*,#3899,.T.);
#5057=ORIENTED_EDGE('',*,*,#3785,.T.);
#5058=ORIENTED_EDGE('',*,*,#3843,.T.);
#5059=ORIENTED_EDGE('',*,*,#3900,.F.);
#5060=ORIENTED_EDGE('',*,*,#3901,.T.);
#5061=ORIENTED_EDGE('',*,*,#3789,.T.);
#5062=ORIENTED_EDGE('',*,*,#3849,.T.);
#5063=ORIENTED_EDGE('',*,*,#3902,.F.);
#5064=ORIENTED_EDGE('',*,*,#3903,.T.);
#5065=ORIENTED_EDGE('',*,*,#3904,.T.);
#5066=ORIENTED_EDGE('',*,*,#3757,.F.);
#5067=ORIENTED_EDGE('',*,*,#3905,.F.);
#5068=ORIENTED_EDGE('',*,*,#3906,.T.);
#5069=ORIENTED_EDGE('',*,*,#3907,.T.);
#5070=ORIENTED_EDGE('',*,*,#3908,.F.);
#5071=ORIENTED_EDGE('',*,*,#3909,.F.);
#5072=ORIENTED_EDGE('',*,*,#3910,.T.);
#5073=ORIENTED_EDGE('',*,*,#3911,.F.);
#5074=ORIENTED_EDGE('',*,*,#3912,.T.);
#5075=ORIENTED_EDGE('',*,*,#3913,.F.);
#5076=ORIENTED_EDGE('',*,*,#3914,.T.);
#5077=ORIENTED_EDGE('',*,*,#3915,.F.);
#5078=ORIENTED_EDGE('',*,*,#3916,.T.);
#5079=ORIENTED_EDGE('',*,*,#3917,.F.);
#5080=ORIENTED_EDGE('',*,*,#3804,.T.);
#5081=ORIENTED_EDGE('',*,*,#3918,.T.);
#5082=ORIENTED_EDGE('',*,*,#3919,.F.);
#5083=ORIENTED_EDGE('',*,*,#3920,.F.);
#5084=ORIENTED_EDGE('',*,*,#3921,.F.);
#5085=ORIENTED_EDGE('',*,*,#3922,.T.);
#5086=ORIENTED_EDGE('',*,*,#3890,.F.);
#5087=ORIENTED_EDGE('',*,*,#3923,.F.);
#5088=ORIENTED_EDGE('',*,*,#3924,.F.);
#5089=ORIENTED_EDGE('',*,*,#3925,.F.);
#5090=ORIENTED_EDGE('',*,*,#3926,.F.);
#5091=ORIENTED_EDGE('',*,*,#3927,.F.);
#5092=ORIENTED_EDGE('',*,*,#3928,.T.);
#5093=ORIENTED_EDGE('',*,*,#3929,.F.);
#5094=ORIENTED_EDGE('',*,*,#3928,.F.);
#5095=ORIENTED_EDGE('',*,*,#3930,.T.);
#5096=ORIENTED_EDGE('',*,*,#3931,.T.);
#5097=ORIENTED_EDGE('',*,*,#3932,.F.);
#5098=ORIENTED_EDGE('',*,*,#3931,.F.);
#5099=ORIENTED_EDGE('',*,*,#3933,.F.);
#5100=ORIENTED_EDGE('',*,*,#3908,.T.);
#5101=ORIENTED_EDGE('',*,*,#3934,.T.);
#5102=ORIENTED_EDGE('',*,*,#3935,.F.);
#5103=ORIENTED_EDGE('',*,*,#3936,.F.);
#5104=ORIENTED_EDGE('',*,*,#3937,.F.);
#5105=ORIENTED_EDGE('',*,*,#3767,.T.);
#5106=ORIENTED_EDGE('',*,*,#3927,.T.);
#5107=ORIENTED_EDGE('',*,*,#3930,.F.);
#5108=ORIENTED_EDGE('',*,*,#3938,.T.);
#5109=ORIENTED_EDGE('',*,*,#3939,.T.);
#5110=ORIENTED_EDGE('',*,*,#3940,.T.);
#5111=ORIENTED_EDGE('',*,*,#3941,.T.);
#5112=ORIENTED_EDGE('',*,*,#3942,.T.);
#5113=ORIENTED_EDGE('',*,*,#3943,.T.);
#5114=ORIENTED_EDGE('',*,*,#3944,.T.);
#5115=ORIENTED_EDGE('',*,*,#3945,.T.);
#5116=ORIENTED_EDGE('',*,*,#3946,.T.);
#5117=ORIENTED_EDGE('',*,*,#3947,.T.);
#5118=ORIENTED_EDGE('',*,*,#3948,.T.);
#5119=ORIENTED_EDGE('',*,*,#3949,.T.);
#5120=ORIENTED_EDGE('',*,*,#3950,.F.);
#5121=ORIENTED_EDGE('',*,*,#3951,.T.);
#5122=ORIENTED_EDGE('',*,*,#3952,.T.);
#5123=ORIENTED_EDGE('',*,*,#3951,.F.);
#5124=ORIENTED_EDGE('',*,*,#3953,.T.);
#5125=ORIENTED_EDGE('',*,*,#3954,.F.);
#5126=ORIENTED_EDGE('',*,*,#3955,.F.);
#5127=ORIENTED_EDGE('',*,*,#3956,.F.);
#5128=ORIENTED_EDGE('',*,*,#3957,.T.);
#5129=ORIENTED_EDGE('',*,*,#3958,.F.);
#5130=ORIENTED_EDGE('',*,*,#3953,.F.);
#5131=ORIENTED_EDGE('',*,*,#3959,.F.);
#5132=ORIENTED_EDGE('',*,*,#3960,.T.);
#5133=ORIENTED_EDGE('',*,*,#3959,.T.);
#5134=ORIENTED_EDGE('',*,*,#3956,.T.);
#5135=ORIENTED_EDGE('',*,*,#3961,.F.);
#5136=ORIENTED_EDGE('',*,*,#3962,.T.);
#5137=ORIENTED_EDGE('',*,*,#3957,.F.);
#5138=ORIENTED_EDGE('',*,*,#3960,.F.);
#5139=ORIENTED_EDGE('',*,*,#3963,.T.);
#5140=ORIENTED_EDGE('',*,*,#3964,.F.);
#5141=ORIENTED_EDGE('',*,*,#3963,.F.);
#5142=ORIENTED_EDGE('',*,*,#3961,.T.);
#5143=ORIENTED_EDGE('',*,*,#3955,.T.);
#5144=ORIENTED_EDGE('',*,*,#3965,.F.);
#5145=ORIENTED_EDGE('',*,*,#3966,.F.);
#5146=ORIENTED_EDGE('',*,*,#3967,.F.);
#5147=ORIENTED_EDGE('',*,*,#3968,.F.);
#5148=ORIENTED_EDGE('',*,*,#3969,.F.);
#5149=ORIENTED_EDGE('',*,*,#3968,.T.);
#5150=ORIENTED_EDGE('',*,*,#3970,.T.);
#5151=ORIENTED_EDGE('',*,*,#3971,.F.);
#5152=ORIENTED_EDGE('',*,*,#3972,.F.);
#5153=ORIENTED_EDGE('',*,*,#3973,.T.);
#5154=ORIENTED_EDGE('',*,*,#3967,.T.);
#5155=ORIENTED_EDGE('',*,*,#3974,.F.);
#5156=ORIENTED_EDGE('',*,*,#3975,.F.);
#5157=ORIENTED_EDGE('',*,*,#3970,.F.);
#5158=ORIENTED_EDGE('',*,*,#3966,.T.);
#5159=ORIENTED_EDGE('',*,*,#3976,.F.);
#5160=ORIENTED_EDGE('',*,*,#3977,.F.);
#5161=ORIENTED_EDGE('',*,*,#3974,.T.);
#5162=ORIENTED_EDGE('',*,*,#3978,.T.);
#5163=ORIENTED_EDGE('',*,*,#3979,.F.);
#5164=ORIENTED_EDGE('',*,*,#3980,.T.);
#5165=ORIENTED_EDGE('',*,*,#3981,.F.);
#5166=ORIENTED_EDGE('',*,*,#3982,.F.);
#5167=ORIENTED_EDGE('',*,*,#3983,.T.);
#5168=ORIENTED_EDGE('',*,*,#3984,.F.);
#5169=ORIENTED_EDGE('',*,*,#3980,.F.);
#5170=ORIENTED_EDGE('',*,*,#3985,.T.);
#5171=ORIENTED_EDGE('',*,*,#3986,.T.);
#5172=ORIENTED_EDGE('',*,*,#3987,.F.);
#5173=ORIENTED_EDGE('',*,*,#3934,.F.);
#5174=ORIENTED_EDGE('',*,*,#3907,.F.);
#5175=ORIENTED_EDGE('',*,*,#3988,.F.);
#5176=ORIENTED_EDGE('',*,*,#3989,.F.);
#5177=ORIENTED_EDGE('',*,*,#3990,.F.);
#5178=ORIENTED_EDGE('',*,*,#3991,.F.);
#5179=ORIENTED_EDGE('',*,*,#3992,.T.);
#5180=ORIENTED_EDGE('',*,*,#3993,.T.);
#5181=ORIENTED_EDGE('',*,*,#3994,.T.);
#5182=ORIENTED_EDGE('',*,*,#3995,.T.);
#5183=ORIENTED_EDGE('',*,*,#3935,.T.);
#5184=ORIENTED_EDGE('',*,*,#3987,.T.);
#5185=ORIENTED_EDGE('',*,*,#3996,.F.);
#5186=ORIENTED_EDGE('',*,*,#3997,.F.);
#5187=ORIENTED_EDGE('',*,*,#3998,.F.);
#5188=ORIENTED_EDGE('',*,*,#3999,.F.);
#5189=ORIENTED_EDGE('',*,*,#3997,.T.);
#5190=ORIENTED_EDGE('',*,*,#4000,.F.);
#5191=ORIENTED_EDGE('',*,*,#4001,.T.);
#5192=ORIENTED_EDGE('',*,*,#4002,.F.);
#5193=ORIENTED_EDGE('',*,*,#3971,.T.);
#5194=ORIENTED_EDGE('',*,*,#3975,.T.);
#5195=ORIENTED_EDGE('',*,*,#3977,.T.);
#5196=ORIENTED_EDGE('',*,*,#4003,.T.);
#5197=ORIENTED_EDGE('',*,*,#4004,.T.);
#5198=ORIENTED_EDGE('',*,*,#4005,.T.);
#5199=ORIENTED_EDGE('',*,*,#4006,.T.);
#5200=ORIENTED_EDGE('',*,*,#4007,.T.);
#5201=ORIENTED_EDGE('',*,*,#3950,.T.);
#5202=ORIENTED_EDGE('',*,*,#3999,.T.);
#5203=ORIENTED_EDGE('',*,*,#4008,.F.);
#5204=ORIENTED_EDGE('',*,*,#4009,.T.);
#5205=ORIENTED_EDGE('',*,*,#4010,.F.);
#5206=ORIENTED_EDGE('',*,*,#4011,.F.);
#5207=ORIENTED_EDGE('',*,*,#4012,.F.);
#5208=ORIENTED_EDGE('',*,*,#4013,.F.);
#5209=ORIENTED_EDGE('',*,*,#4014,.F.);
#5210=ORIENTED_EDGE('',*,*,#4015,.T.);
#5211=ORIENTED_EDGE('',*,*,#4016,.T.);
#5212=ORIENTED_EDGE('',*,*,#4017,.T.);
#5213=ORIENTED_EDGE('',*,*,#4018,.T.);
#5214=ORIENTED_EDGE('',*,*,#4013,.T.);
#5215=ORIENTED_EDGE('',*,*,#4019,.F.);
#5216=ORIENTED_EDGE('',*,*,#4020,.F.);
#5217=ORIENTED_EDGE('',*,*,#4021,.F.);
#5218=ORIENTED_EDGE('',*,*,#4012,.T.);
#5219=ORIENTED_EDGE('',*,*,#4022,.T.);
#5220=ORIENTED_EDGE('',*,*,#4023,.F.);
#5221=ORIENTED_EDGE('',*,*,#4019,.T.);
#5222=ORIENTED_EDGE('',*,*,#4024,.F.);
#5223=ORIENTED_EDGE('',*,*,#4025,.F.);
#5224=ORIENTED_EDGE('',*,*,#4026,.F.);
#5225=ORIENTED_EDGE('',*,*,#4027,.F.);
#5226=ORIENTED_EDGE('',*,*,#4028,.T.);
#5227=ORIENTED_EDGE('',*,*,#4029,.T.);
#5228=ORIENTED_EDGE('',*,*,#4030,.T.);
#5229=ORIENTED_EDGE('',*,*,#4031,.T.);
#5230=ORIENTED_EDGE('',*,*,#4026,.T.);
#5231=ORIENTED_EDGE('',*,*,#4032,.F.);
#5232=ORIENTED_EDGE('',*,*,#4033,.F.);
#5233=ORIENTED_EDGE('',*,*,#4034,.F.);
#5234=ORIENTED_EDGE('',*,*,#4025,.T.);
#5235=ORIENTED_EDGE('',*,*,#4035,.T.);
#5236=ORIENTED_EDGE('',*,*,#4036,.F.);
#5237=ORIENTED_EDGE('',*,*,#4032,.T.);
#5238=ORIENTED_EDGE('',*,*,#4037,.F.);
#5239=ORIENTED_EDGE('',*,*,#4038,.F.);
#5240=ORIENTED_EDGE('',*,*,#4039,.F.);
#5241=ORIENTED_EDGE('',*,*,#4031,.F.);
#5242=ORIENTED_EDGE('',*,*,#4040,.F.);
#5243=ORIENTED_EDGE('',*,*,#4041,.F.);
#5244=ORIENTED_EDGE('',*,*,#4042,.F.);
#5245=ORIENTED_EDGE('',*,*,#4043,.F.);
#5246=ORIENTED_EDGE('',*,*,#4044,.T.);
#5247=ORIENTED_EDGE('',*,*,#4045,.T.);
#5248=ORIENTED_EDGE('',*,*,#4037,.T.);
#5249=ORIENTED_EDGE('',*,*,#4046,.F.);
#5250=ORIENTED_EDGE('',*,*,#4024,.T.);
#5251=ORIENTED_EDGE('',*,*,#4047,.F.);
#5252=ORIENTED_EDGE('',*,*,#4048,.T.);
#5253=ORIENTED_EDGE('',*,*,#4035,.F.);
#5254=ORIENTED_EDGE('',*,*,#4049,.F.);
#5255=ORIENTED_EDGE('',*,*,#4050,.F.);
#5256=ORIENTED_EDGE('',*,*,#4051,.F.);
#5257=ORIENTED_EDGE('',*,*,#4029,.F.);
#5258=ORIENTED_EDGE('',*,*,#4052,.F.);
#5259=ORIENTED_EDGE('',*,*,#4053,.F.);
#5260=ORIENTED_EDGE('',*,*,#4044,.F.);
#5261=ORIENTED_EDGE('',*,*,#4054,.F.);
#5262=ORIENTED_EDGE('',*,*,#3735,.F.);
#5263=ORIENTED_EDGE('',*,*,#4055,.F.);
#5264=ORIENTED_EDGE('',*,*,#4056,.F.);
#5265=ORIENTED_EDGE('',*,*,#4057,.T.);
#5266=ORIENTED_EDGE('',*,*,#4058,.T.);
#5267=ORIENTED_EDGE('',*,*,#4033,.T.);
#5268=ORIENTED_EDGE('',*,*,#4036,.T.);
#5269=ORIENTED_EDGE('',*,*,#4048,.F.);
#5270=ORIENTED_EDGE('',*,*,#4059,.T.);
#5271=ORIENTED_EDGE('',*,*,#4060,.T.);
#5272=ORIENTED_EDGE('',*,*,#4061,.T.);
#5273=ORIENTED_EDGE('',*,*,#4062,.T.);
#5274=ORIENTED_EDGE('',*,*,#4023,.T.);
#5275=ORIENTED_EDGE('',*,*,#4063,.F.);
#5276=ORIENTED_EDGE('',*,*,#4064,.T.);
#5277=ORIENTED_EDGE('',*,*,#4020,.T.);
#5278=ORIENTED_EDGE('',*,*,#4011,.T.);
#5279=ORIENTED_EDGE('',*,*,#4065,.F.);
#5280=ORIENTED_EDGE('',*,*,#4063,.T.);
#5281=ORIENTED_EDGE('',*,*,#4022,.F.);
#5282=ORIENTED_EDGE('',*,*,#4014,.T.);
#5283=ORIENTED_EDGE('',*,*,#4021,.T.);
#5284=ORIENTED_EDGE('',*,*,#4064,.F.);
#5285=ORIENTED_EDGE('',*,*,#4065,.T.);
#5286=ORIENTED_EDGE('',*,*,#4066,.F.);
#5287=ORIENTED_EDGE('',*,*,#3945,.F.);
#5288=ORIENTED_EDGE('',*,*,#4067,.F.);
#5289=ORIENTED_EDGE('',*,*,#4016,.F.);
#5290=ORIENTED_EDGE('',*,*,#3944,.F.);
#5291=ORIENTED_EDGE('',*,*,#4068,.F.);
#5292=ORIENTED_EDGE('',*,*,#4017,.F.);
#5293=ORIENTED_EDGE('',*,*,#4067,.T.);
#5294=ORIENTED_EDGE('',*,*,#3942,.F.);
#5295=ORIENTED_EDGE('',*,*,#4066,.T.);
#5296=ORIENTED_EDGE('',*,*,#4015,.F.);
#5297=ORIENTED_EDGE('',*,*,#4069,.F.);
#5298=ORIENTED_EDGE('',*,*,#3808,.F.);
#5299=ORIENTED_EDGE('',*,*,#3775,.T.);
#5300=ORIENTED_EDGE('',*,*,#4070,.F.);
#5301=ORIENTED_EDGE('',*,*,#4071,.F.);
#5302=ORIENTED_EDGE('',*,*,#3918,.F.);
#5303=ORIENTED_EDGE('',*,*,#3807,.T.);
#5304=ORIENTED_EDGE('',*,*,#4072,.F.);
#5305=ORIENTED_EDGE('',*,*,#4073,.F.);
#5306=ORIENTED_EDGE('',*,*,#4074,.F.);
#5307=ORIENTED_EDGE('',*,*,#3759,.F.);
#5308=ORIENTED_EDGE('',*,*,#4075,.F.);
#5309=ORIENTED_EDGE('',*,*,#4076,.F.);
#5310=ORIENTED_EDGE('',*,*,#3844,.F.);
#5311=ORIENTED_EDGE('',*,*,#3791,.T.);
#5312=ORIENTED_EDGE('',*,*,#4077,.F.);
#5313=ORIENTED_EDGE('',*,*,#4078,.F.);
#5314=ORIENTED_EDGE('',*,*,#3838,.F.);
#5315=ORIENTED_EDGE('',*,*,#3787,.T.);
#5316=ORIENTED_EDGE('',*,*,#4079,.F.);
#5317=ORIENTED_EDGE('',*,*,#4080,.F.);
#5318=ORIENTED_EDGE('',*,*,#3856,.F.);
#5319=ORIENTED_EDGE('',*,*,#3795,.T.);
#5320=ORIENTED_EDGE('',*,*,#3850,.F.);
#5321=ORIENTED_EDGE('',*,*,#4081,.F.);
#5322=ORIENTED_EDGE('',*,*,#3832,.F.);
#5323=ORIENTED_EDGE('',*,*,#3783,.T.);
#5324=ORIENTED_EDGE('',*,*,#3826,.F.);
#5325=ORIENTED_EDGE('',*,*,#4082,.F.);
#5326=ORIENTED_EDGE('',*,*,#3868,.F.);
#5327=ORIENTED_EDGE('',*,*,#3799,.T.);
#5328=ORIENTED_EDGE('',*,*,#3862,.F.);
#5329=ORIENTED_EDGE('',*,*,#4083,.F.);
#5330=ORIENTED_EDGE('',*,*,#3820,.F.);
#5331=ORIENTED_EDGE('',*,*,#3779,.T.);
#5332=ORIENTED_EDGE('',*,*,#3814,.F.);
#5333=ORIENTED_EDGE('',*,*,#4084,.F.);
#5334=ORIENTED_EDGE('',*,*,#3880,.F.);
#5335=ORIENTED_EDGE('',*,*,#3803,.T.);
#5336=ORIENTED_EDGE('',*,*,#3874,.F.);
#5337=ORIENTED_EDGE('',*,*,#4085,.F.);
#5338=ORIENTED_EDGE('',*,*,#3786,.T.);
#5339=ORIENTED_EDGE('',*,*,#3899,.F.);
#5340=ORIENTED_EDGE('',*,*,#4086,.F.);
#5341=ORIENTED_EDGE('',*,*,#4087,.F.);
#5342=ORIENTED_EDGE('',*,*,#4088,.T.);
#5343=ORIENTED_EDGE('',*,*,#4089,.T.);
#5344=ORIENTED_EDGE('',*,*,#4079,.T.);
#5345=ORIENTED_EDGE('',*,*,#4078,.T.);
#5346=ORIENTED_EDGE('',*,*,#4090,.F.);
#5347=ORIENTED_EDGE('',*,*,#4091,.F.);
#5348=ORIENTED_EDGE('',*,*,#3839,.T.);
#5349=ORIENTED_EDGE('',*,*,#3790,.T.);
#5350=ORIENTED_EDGE('',*,*,#3901,.F.);
#5351=ORIENTED_EDGE('',*,*,#4092,.F.);
#5352=ORIENTED_EDGE('',*,*,#4093,.F.);
#5353=ORIENTED_EDGE('',*,*,#4094,.T.);
#5354=ORIENTED_EDGE('',*,*,#4090,.T.);
#5355=ORIENTED_EDGE('',*,*,#4077,.T.);
#5356=ORIENTED_EDGE('',*,*,#4076,.T.);
#5357=ORIENTED_EDGE('',*,*,#4095,.F.);
#5358=ORIENTED_EDGE('',*,*,#4096,.F.);
#5359=ORIENTED_EDGE('',*,*,#3845,.T.);
#5360=ORIENTED_EDGE('',*,*,#4073,.T.);
#5361=ORIENTED_EDGE('',*,*,#4097,.F.);
#5362=ORIENTED_EDGE('',*,*,#4098,.F.);
#5363=ORIENTED_EDGE('',*,*,#4099,.F.);
#5364=ORIENTED_EDGE('',*,*,#3806,.T.);
#5365=ORIENTED_EDGE('',*,*,#3889,.F.);
#5366=ORIENTED_EDGE('',*,*,#4100,.F.);
#5367=ORIENTED_EDGE('',*,*,#4101,.F.);
#5368=ORIENTED_EDGE('',*,*,#4102,.T.);
#5369=ORIENTED_EDGE('',*,*,#4097,.T.);
#5370=ORIENTED_EDGE('',*,*,#4072,.T.);
#5371=ORIENTED_EDGE('',*,*,#4071,.T.);
#5372=ORIENTED_EDGE('',*,*,#4103,.F.);
#5373=ORIENTED_EDGE('',*,*,#4104,.F.);
#5374=ORIENTED_EDGE('',*,*,#3919,.T.);
#5375=ORIENTED_EDGE('',*,*,#3774,.T.);
#5376=ORIENTED_EDGE('',*,*,#3892,.F.);
#5377=ORIENTED_EDGE('',*,*,#4105,.F.);
#5378=ORIENTED_EDGE('',*,*,#4106,.F.);
#5379=ORIENTED_EDGE('',*,*,#4107,.T.);
#5380=ORIENTED_EDGE('',*,*,#4103,.T.);
#5381=ORIENTED_EDGE('',*,*,#4070,.T.);
#5382=ORIENTED_EDGE('',*,*,#4085,.T.);
#5383=ORIENTED_EDGE('',*,*,#3879,.F.);
#5384=ORIENTED_EDGE('',*,*,#4108,.F.);
#5385=ORIENTED_EDGE('',*,*,#3809,.T.);
#5386=ORIENTED_EDGE('',*,*,#4109,.F.);
#5387=ORIENTED_EDGE('',*,*,#3985,.F.);
#5388=ORIENTED_EDGE('',*,*,#3979,.T.);
#5389=ORIENTED_EDGE('',*,*,#3746,.F.);
#5390=ORIENTED_EDGE('',*,*,#3730,.T.);
#5391=ORIENTED_EDGE('',*,*,#4110,.F.);
#5392=ORIENTED_EDGE('',*,*,#3993,.F.);
#5393=ORIENTED_EDGE('',*,*,#3983,.F.);
#5394=ORIENTED_EDGE('',*,*,#4109,.T.);
#5395=ORIENTED_EDGE('',*,*,#3729,.T.);
#5396=ORIENTED_EDGE('',*,*,#4111,.F.);
#5397=ORIENTED_EDGE('',*,*,#3994,.F.);
#5398=ORIENTED_EDGE('',*,*,#4110,.T.);
#5399=ORIENTED_EDGE('',*,*,#3728,.T.);
#5400=ORIENTED_EDGE('',*,*,#4112,.F.);
#5401=ORIENTED_EDGE('',*,*,#3995,.F.);
#5402=ORIENTED_EDGE('',*,*,#4111,.T.);
#5403=ORIENTED_EDGE('',*,*,#3727,.T.);
#5404=ORIENTED_EDGE('',*,*,#4050,.T.);
#5405=ORIENTED_EDGE('',*,*,#4113,.F.);
#5406=ORIENTED_EDGE('',*,*,#4041,.T.);
#5407=ORIENTED_EDGE('',*,*,#4114,.F.);
#5408=ORIENTED_EDGE('',*,*,#4053,.T.);
#5409=ORIENTED_EDGE('',*,*,#4115,.T.);
#5410=ORIENTED_EDGE('',*,*,#4038,.T.);
#5411=ORIENTED_EDGE('',*,*,#4045,.F.);
#5412=ORIENTED_EDGE('',*,*,#4052,.T.);
#5413=ORIENTED_EDGE('',*,*,#4028,.F.);
#5414=ORIENTED_EDGE('',*,*,#4039,.T.);
#5415=ORIENTED_EDGE('',*,*,#4115,.F.);
#5416=ORIENTED_EDGE('',*,*,#4051,.T.);
#5417=ORIENTED_EDGE('',*,*,#4114,.T.);
#5418=ORIENTED_EDGE('',*,*,#4040,.T.);
#5419=ORIENTED_EDGE('',*,*,#4030,.F.);
#5420=ORIENTED_EDGE('',*,*,#4084,.T.);
#5421=ORIENTED_EDGE('',*,*,#3819,.F.);
#5422=ORIENTED_EDGE('',*,*,#4116,.F.);
#5423=ORIENTED_EDGE('',*,*,#3881,.T.);
#5424=ORIENTED_EDGE('',*,*,#4083,.T.);
#5425=ORIENTED_EDGE('',*,*,#3867,.F.);
#5426=ORIENTED_EDGE('',*,*,#4117,.F.);
#5427=ORIENTED_EDGE('',*,*,#3821,.T.);
#5428=ORIENTED_EDGE('',*,*,#4082,.T.);
#5429=ORIENTED_EDGE('',*,*,#3831,.F.);
#5430=ORIENTED_EDGE('',*,*,#4118,.F.);
#5431=ORIENTED_EDGE('',*,*,#3869,.T.);
#5432=ORIENTED_EDGE('',*,*,#4081,.T.);
#5433=ORIENTED_EDGE('',*,*,#3855,.F.);
#5434=ORIENTED_EDGE('',*,*,#4119,.F.);
#5435=ORIENTED_EDGE('',*,*,#3833,.T.);
#5436=ORIENTED_EDGE('',*,*,#4080,.T.);
#5437=ORIENTED_EDGE('',*,*,#4089,.F.);
#5438=ORIENTED_EDGE('',*,*,#4120,.F.);
#5439=ORIENTED_EDGE('',*,*,#3857,.T.);
#5440=ORIENTED_EDGE('',*,*,#4099,.T.);
#5441=ORIENTED_EDGE('',*,*,#4121,.T.);
#5442=ORIENTED_EDGE('',*,*,#3886,.F.);
#5443=ORIENTED_EDGE('',*,*,#3760,.F.);
#5444=ORIENTED_EDGE('',*,*,#4074,.T.);
#5445=ORIENTED_EDGE('',*,*,#3758,.F.);
#5446=ORIENTED_EDGE('',*,*,#3904,.F.);
#5447=ORIENTED_EDGE('',*,*,#4122,.F.);
#5448=ORIENTED_EDGE('',*,*,#4095,.T.);
#5449=ORIENTED_EDGE('',*,*,#4075,.T.);
#5450=ORIENTED_EDGE('',*,*,#4108,.T.);
#5451=ORIENTED_EDGE('',*,*,#3878,.F.);
#5452=ORIENTED_EDGE('',*,*,#4123,.F.);
#5453=ORIENTED_EDGE('',*,*,#4124,.T.);
#5454=ORIENTED_EDGE('',*,*,#4125,.F.);
#5455=ORIENTED_EDGE('',*,*,#3810,.T.);
#5456=ORIENTED_EDGE('',*,*,#4116,.T.);
#5457=ORIENTED_EDGE('',*,*,#3818,.F.);
#5458=ORIENTED_EDGE('',*,*,#4126,.F.);
#5459=ORIENTED_EDGE('',*,*,#4127,.T.);
#5460=ORIENTED_EDGE('',*,*,#4128,.F.);
#5461=ORIENTED_EDGE('',*,*,#3882,.T.);
#5462=ORIENTED_EDGE('',*,*,#4117,.T.);
#5463=ORIENTED_EDGE('',*,*,#3866,.F.);
#5464=ORIENTED_EDGE('',*,*,#4129,.F.);
#5465=ORIENTED_EDGE('',*,*,#4130,.T.);
#5466=ORIENTED_EDGE('',*,*,#4131,.F.);
#5467=ORIENTED_EDGE('',*,*,#3822,.T.);
#5468=ORIENTED_EDGE('',*,*,#4122,.T.);
#5469=ORIENTED_EDGE('',*,*,#3903,.F.);
#5470=ORIENTED_EDGE('',*,*,#4132,.F.);
#5471=ORIENTED_EDGE('',*,*,#4133,.F.);
#5472=ORIENTED_EDGE('',*,*,#4134,.T.);
#5473=ORIENTED_EDGE('',*,*,#4118,.T.);
#5474=ORIENTED_EDGE('',*,*,#3830,.F.);
#5475=ORIENTED_EDGE('',*,*,#4135,.F.);
#5476=ORIENTED_EDGE('',*,*,#4136,.T.);
#5477=ORIENTED_EDGE('',*,*,#4137,.F.);
#5478=ORIENTED_EDGE('',*,*,#3870,.T.);
#5479=ORIENTED_EDGE('',*,*,#4119,.T.);
#5480=ORIENTED_EDGE('',*,*,#3854,.F.);
#5481=ORIENTED_EDGE('',*,*,#4138,.F.);
#5482=ORIENTED_EDGE('',*,*,#4139,.T.);
#5483=ORIENTED_EDGE('',*,*,#4140,.F.);
#5484=ORIENTED_EDGE('',*,*,#3834,.T.);
#5485=ORIENTED_EDGE('',*,*,#4141,.F.);
#5486=ORIENTED_EDGE('',*,*,#4142,.T.);
#5487=ORIENTED_EDGE('',*,*,#3731,.T.);
#5488=ORIENTED_EDGE('',*,*,#4142,.F.);
#5489=ORIENTED_EDGE('',*,*,#4143,.F.);
#5490=ORIENTED_EDGE('',*,*,#4144,.T.);
#5491=ORIENTED_EDGE('',*,*,#3732,.T.);
#5492=ORIENTED_EDGE('',*,*,#4144,.F.);
#5493=ORIENTED_EDGE('',*,*,#3745,.F.);
#5494=ORIENTED_EDGE('',*,*,#4145,.F.);
#5495=ORIENTED_EDGE('',*,*,#3936,.T.);
#5496=ORIENTED_EDGE('',*,*,#4112,.T.);
#5497=ORIENTED_EDGE('',*,*,#3726,.T.);
#5498=ORIENTED_EDGE('',*,*,#3750,.T.);
#5499=ORIENTED_EDGE('',*,*,#3749,.T.);
#5500=ORIENTED_EDGE('',*,*,#3748,.T.);
#5501=ORIENTED_EDGE('',*,*,#4146,.T.);
#5502=ORIENTED_EDGE('',*,*,#4147,.F.);
#5503=ORIENTED_EDGE('',*,*,#4145,.T.);
#5504=ORIENTED_EDGE('',*,*,#3771,.T.);
#5505=ORIENTED_EDGE('',*,*,#3770,.T.);
#5506=ORIENTED_EDGE('',*,*,#3769,.T.);
#5507=ORIENTED_EDGE('',*,*,#3768,.T.);
#5508=ORIENTED_EDGE('',*,*,#3937,.T.);
#5509=ORIENTED_EDGE('',*,*,#3905,.T.);
#5510=ORIENTED_EDGE('',*,*,#3756,.T.);
#5511=ORIENTED_EDGE('',*,*,#3755,.T.);
#5512=ORIENTED_EDGE('',*,*,#3754,.T.);
#5513=ORIENTED_EDGE('',*,*,#3753,.T.);
#5514=ORIENTED_EDGE('',*,*,#3752,.T.);
#5515=ORIENTED_EDGE('',*,*,#4148,.F.);
#5516=ORIENTED_EDGE('',*,*,#3747,.T.);
#5517=ORIENTED_EDGE('',*,*,#3982,.T.);
#5518=ORIENTED_EDGE('',*,*,#4149,.F.);
#5519=ORIENTED_EDGE('',*,*,#4146,.F.);
#5520=ORIENTED_EDGE('',*,*,#3933,.T.);
#5521=ORIENTED_EDGE('',*,*,#3766,.T.);
#5522=ORIENTED_EDGE('',*,*,#3765,.T.);
#5523=ORIENTED_EDGE('',*,*,#3764,.T.);
#5524=ORIENTED_EDGE('',*,*,#3763,.T.);
#5525=ORIENTED_EDGE('',*,*,#3762,.T.);
#5526=ORIENTED_EDGE('',*,*,#3909,.T.);
#5527=ORIENTED_EDGE('',*,*,#3740,.F.);
#5528=ORIENTED_EDGE('',*,*,#4150,.F.);
#5529=ORIENTED_EDGE('',*,*,#4151,.T.);
#5530=ORIENTED_EDGE('',*,*,#4152,.T.);
#5531=ORIENTED_EDGE('',*,*,#4153,.T.);
#5532=ORIENTED_EDGE('',*,*,#4154,.F.);
#5533=ORIENTED_EDGE('',*,*,#4155,.F.);
#5534=ORIENTED_EDGE('',*,*,#4156,.T.);
#5535=ORIENTED_EDGE('',*,*,#4157,.T.);
#5536=ORIENTED_EDGE('',*,*,#4156,.F.);
#5537=ORIENTED_EDGE('',*,*,#4158,.F.);
#5538=ORIENTED_EDGE('',*,*,#4159,.T.);
#5539=ORIENTED_EDGE('',*,*,#4160,.T.);
#5540=ORIENTED_EDGE('',*,*,#4159,.F.);
#5541=ORIENTED_EDGE('',*,*,#4161,.F.);
#5542=ORIENTED_EDGE('',*,*,#4162,.T.);
#5543=ORIENTED_EDGE('',*,*,#4163,.T.);
#5544=ORIENTED_EDGE('',*,*,#4162,.F.);
#5545=ORIENTED_EDGE('',*,*,#4164,.F.);
#5546=ORIENTED_EDGE('',*,*,#4165,.T.);
#5547=ORIENTED_EDGE('',*,*,#4166,.T.);
#5548=ORIENTED_EDGE('',*,*,#4165,.F.);
#5549=ORIENTED_EDGE('',*,*,#4167,.F.);
#5550=ORIENTED_EDGE('',*,*,#4168,.T.);
#5551=ORIENTED_EDGE('',*,*,#4169,.T.);
#5552=ORIENTED_EDGE('',*,*,#4170,.F.);
#5553=ORIENTED_EDGE('',*,*,#4171,.F.);
#5554=ORIENTED_EDGE('',*,*,#4172,.T.);
#5555=ORIENTED_EDGE('',*,*,#4173,.T.);
#5556=ORIENTED_EDGE('',*,*,#4172,.F.);
#5557=ORIENTED_EDGE('',*,*,#4174,.F.);
#5558=ORIENTED_EDGE('',*,*,#4175,.T.);
#5559=ORIENTED_EDGE('',*,*,#4176,.T.);
#5560=ORIENTED_EDGE('',*,*,#4175,.F.);
#5561=ORIENTED_EDGE('',*,*,#4177,.F.);
#5562=ORIENTED_EDGE('',*,*,#4178,.T.);
#5563=ORIENTED_EDGE('',*,*,#4179,.T.);
#5564=ORIENTED_EDGE('',*,*,#4178,.F.);
#5565=ORIENTED_EDGE('',*,*,#4180,.F.);
#5566=ORIENTED_EDGE('',*,*,#4181,.T.);
#5567=ORIENTED_EDGE('',*,*,#4182,.T.);
#5568=ORIENTED_EDGE('',*,*,#4181,.F.);
#5569=ORIENTED_EDGE('',*,*,#4183,.F.);
#5570=ORIENTED_EDGE('',*,*,#4184,.T.);
#5571=ORIENTED_EDGE('',*,*,#4185,.T.);
#5572=ORIENTED_EDGE('',*,*,#4184,.F.);
#5573=ORIENTED_EDGE('',*,*,#4186,.F.);
#5574=ORIENTED_EDGE('',*,*,#4187,.T.);
#5575=ORIENTED_EDGE('',*,*,#4188,.T.);
#5576=ORIENTED_EDGE('',*,*,#4187,.F.);
#5577=ORIENTED_EDGE('',*,*,#4189,.F.);
#5578=ORIENTED_EDGE('',*,*,#4190,.T.);
#5579=ORIENTED_EDGE('',*,*,#4191,.T.);
#5580=ORIENTED_EDGE('',*,*,#4192,.F.);
#5581=ORIENTED_EDGE('',*,*,#4193,.F.);
#5582=ORIENTED_EDGE('',*,*,#4194,.T.);
#5583=ORIENTED_EDGE('',*,*,#4195,.T.);
#5584=ORIENTED_EDGE('',*,*,#4194,.F.);
#5585=ORIENTED_EDGE('',*,*,#4196,.F.);
#5586=ORIENTED_EDGE('',*,*,#4197,.T.);
#5587=ORIENTED_EDGE('',*,*,#4198,.T.);
#5588=ORIENTED_EDGE('',*,*,#4197,.F.);
#5589=ORIENTED_EDGE('',*,*,#4199,.F.);
#5590=ORIENTED_EDGE('',*,*,#4200,.T.);
#5591=ORIENTED_EDGE('',*,*,#4201,.T.);
#5592=ORIENTED_EDGE('',*,*,#4200,.F.);
#5593=ORIENTED_EDGE('',*,*,#4202,.F.);
#5594=ORIENTED_EDGE('',*,*,#4203,.T.);
#5595=ORIENTED_EDGE('',*,*,#4204,.T.);
#5596=ORIENTED_EDGE('',*,*,#4205,.F.);
#5597=ORIENTED_EDGE('',*,*,#4206,.F.);
#5598=ORIENTED_EDGE('',*,*,#4207,.T.);
#5599=ORIENTED_EDGE('',*,*,#4208,.T.);
#5600=ORIENTED_EDGE('',*,*,#4207,.F.);
#5601=ORIENTED_EDGE('',*,*,#4209,.F.);
#5602=ORIENTED_EDGE('',*,*,#4210,.T.);
#5603=ORIENTED_EDGE('',*,*,#4211,.T.);
#5604=ORIENTED_EDGE('',*,*,#4210,.F.);
#5605=ORIENTED_EDGE('',*,*,#4212,.F.);
#5606=ORIENTED_EDGE('',*,*,#4213,.T.);
#5607=ORIENTED_EDGE('',*,*,#4214,.T.);
#5608=ORIENTED_EDGE('',*,*,#4213,.F.);
#5609=ORIENTED_EDGE('',*,*,#4215,.F.);
#5610=ORIENTED_EDGE('',*,*,#4216,.T.);
#5611=ORIENTED_EDGE('',*,*,#4217,.T.);
#5612=ORIENTED_EDGE('',*,*,#4216,.F.);
#5613=ORIENTED_EDGE('',*,*,#4218,.F.);
#5614=ORIENTED_EDGE('',*,*,#4219,.T.);
#5615=ORIENTED_EDGE('',*,*,#4220,.T.);
#5616=ORIENTED_EDGE('',*,*,#4219,.F.);
#5617=ORIENTED_EDGE('',*,*,#4221,.F.);
#5618=ORIENTED_EDGE('',*,*,#4222,.T.);
#5619=ORIENTED_EDGE('',*,*,#4223,.T.);
#5620=ORIENTED_EDGE('',*,*,#4224,.F.);
#5621=ORIENTED_EDGE('',*,*,#4225,.F.);
#5622=ORIENTED_EDGE('',*,*,#4226,.T.);
#5623=ORIENTED_EDGE('',*,*,#4227,.T.);
#5624=ORIENTED_EDGE('',*,*,#4226,.F.);
#5625=ORIENTED_EDGE('',*,*,#4228,.F.);
#5626=ORIENTED_EDGE('',*,*,#4229,.T.);
#5627=ORIENTED_EDGE('',*,*,#4230,.T.);
#5628=ORIENTED_EDGE('',*,*,#4229,.F.);
#5629=ORIENTED_EDGE('',*,*,#4231,.F.);
#5630=ORIENTED_EDGE('',*,*,#4232,.T.);
#5631=ORIENTED_EDGE('',*,*,#4233,.T.);
#5632=ORIENTED_EDGE('',*,*,#4232,.F.);
#5633=ORIENTED_EDGE('',*,*,#4234,.F.);
#5634=ORIENTED_EDGE('',*,*,#4235,.T.);
#5635=ORIENTED_EDGE('',*,*,#4236,.T.);
#5636=ORIENTED_EDGE('',*,*,#4235,.F.);
#5637=ORIENTED_EDGE('',*,*,#4237,.F.);
#5638=ORIENTED_EDGE('',*,*,#4238,.T.);
#5639=ORIENTED_EDGE('',*,*,#4239,.T.);
#5640=ORIENTED_EDGE('',*,*,#4238,.F.);
#5641=ORIENTED_EDGE('',*,*,#4240,.F.);
#5642=ORIENTED_EDGE('',*,*,#4241,.T.);
#5643=ORIENTED_EDGE('',*,*,#4242,.T.);
#5644=ORIENTED_EDGE('',*,*,#4241,.F.);
#5645=ORIENTED_EDGE('',*,*,#4243,.F.);
#5646=ORIENTED_EDGE('',*,*,#4244,.T.);
#5647=ORIENTED_EDGE('',*,*,#4245,.T.);
#5648=ORIENTED_EDGE('',*,*,#4244,.F.);
#5649=ORIENTED_EDGE('',*,*,#4246,.F.);
#5650=ORIENTED_EDGE('',*,*,#4247,.T.);
#5651=ORIENTED_EDGE('',*,*,#4248,.T.);
#5652=ORIENTED_EDGE('',*,*,#4247,.F.);
#5653=ORIENTED_EDGE('',*,*,#4249,.F.);
#5654=ORIENTED_EDGE('',*,*,#4250,.T.);
#5655=ORIENTED_EDGE('',*,*,#4251,.T.);
#5656=ORIENTED_EDGE('',*,*,#4250,.F.);
#5657=ORIENTED_EDGE('',*,*,#4252,.F.);
#5658=ORIENTED_EDGE('',*,*,#4253,.T.);
#5659=ORIENTED_EDGE('',*,*,#4254,.T.);
#5660=ORIENTED_EDGE('',*,*,#4253,.F.);
#5661=ORIENTED_EDGE('',*,*,#4255,.F.);
#5662=ORIENTED_EDGE('',*,*,#4256,.T.);
#5663=ORIENTED_EDGE('',*,*,#4257,.T.);
#5664=ORIENTED_EDGE('',*,*,#4256,.F.);
#5665=ORIENTED_EDGE('',*,*,#4258,.F.);
#5666=ORIENTED_EDGE('',*,*,#4259,.T.);
#5667=ORIENTED_EDGE('',*,*,#4260,.T.);
#5668=ORIENTED_EDGE('',*,*,#4259,.F.);
#5669=ORIENTED_EDGE('',*,*,#4261,.F.);
#5670=ORIENTED_EDGE('',*,*,#4262,.T.);
#5671=ORIENTED_EDGE('',*,*,#4263,.T.);
#5672=ORIENTED_EDGE('',*,*,#4262,.F.);
#5673=ORIENTED_EDGE('',*,*,#4264,.F.);
#5674=ORIENTED_EDGE('',*,*,#4265,.T.);
#5675=ORIENTED_EDGE('',*,*,#4266,.T.);
#5676=ORIENTED_EDGE('',*,*,#4265,.F.);
#5677=ORIENTED_EDGE('',*,*,#4267,.F.);
#5678=ORIENTED_EDGE('',*,*,#4268,.T.);
#5679=ORIENTED_EDGE('',*,*,#4269,.T.);
#5680=ORIENTED_EDGE('',*,*,#4270,.F.);
#5681=ORIENTED_EDGE('',*,*,#4271,.F.);
#5682=ORIENTED_EDGE('',*,*,#4272,.T.);
#5683=ORIENTED_EDGE('',*,*,#4273,.T.);
#5684=ORIENTED_EDGE('',*,*,#4272,.F.);
#5685=ORIENTED_EDGE('',*,*,#4274,.F.);
#5686=ORIENTED_EDGE('',*,*,#4275,.T.);
#5687=ORIENTED_EDGE('',*,*,#4276,.T.);
#5688=ORIENTED_EDGE('',*,*,#4277,.F.);
#5689=ORIENTED_EDGE('',*,*,#4278,.F.);
#5690=ORIENTED_EDGE('',*,*,#4279,.T.);
#5691=ORIENTED_EDGE('',*,*,#4280,.T.);
#5692=ORIENTED_EDGE('',*,*,#4279,.F.);
#5693=ORIENTED_EDGE('',*,*,#4281,.F.);
#5694=ORIENTED_EDGE('',*,*,#4282,.T.);
#5695=ORIENTED_EDGE('',*,*,#4283,.T.);
#5696=ORIENTED_EDGE('',*,*,#4282,.F.);
#5697=ORIENTED_EDGE('',*,*,#4284,.F.);
#5698=ORIENTED_EDGE('',*,*,#4285,.T.);
#5699=ORIENTED_EDGE('',*,*,#4286,.T.);
#5700=ORIENTED_EDGE('',*,*,#4285,.F.);
#5701=ORIENTED_EDGE('',*,*,#4287,.F.);
#5702=ORIENTED_EDGE('',*,*,#4288,.T.);
#5703=ORIENTED_EDGE('',*,*,#4289,.T.);
#5704=ORIENTED_EDGE('',*,*,#4290,.F.);
#5705=ORIENTED_EDGE('',*,*,#4291,.F.);
#5706=ORIENTED_EDGE('',*,*,#4292,.T.);
#5707=ORIENTED_EDGE('',*,*,#4293,.T.);
#5708=ORIENTED_EDGE('',*,*,#4292,.F.);
#5709=ORIENTED_EDGE('',*,*,#4294,.F.);
#5710=ORIENTED_EDGE('',*,*,#4295,.T.);
#5711=ORIENTED_EDGE('',*,*,#4296,.T.);
#5712=ORIENTED_EDGE('',*,*,#4295,.F.);
#5713=ORIENTED_EDGE('',*,*,#4297,.F.);
#5714=ORIENTED_EDGE('',*,*,#4298,.T.);
#5715=ORIENTED_EDGE('',*,*,#4299,.T.);
#5716=ORIENTED_EDGE('',*,*,#4298,.F.);
#5717=ORIENTED_EDGE('',*,*,#4300,.F.);
#5718=ORIENTED_EDGE('',*,*,#4301,.T.);
#5719=ORIENTED_EDGE('',*,*,#4302,.T.);
#5720=ORIENTED_EDGE('',*,*,#4301,.F.);
#5721=ORIENTED_EDGE('',*,*,#4303,.F.);
#5722=ORIENTED_EDGE('',*,*,#4304,.T.);
#5723=ORIENTED_EDGE('',*,*,#4305,.T.);
#5724=ORIENTED_EDGE('',*,*,#4304,.F.);
#5725=ORIENTED_EDGE('',*,*,#4306,.F.);
#5726=ORIENTED_EDGE('',*,*,#4307,.T.);
#5727=ORIENTED_EDGE('',*,*,#4308,.T.);
#5728=ORIENTED_EDGE('',*,*,#4307,.F.);
#5729=ORIENTED_EDGE('',*,*,#4309,.F.);
#5730=ORIENTED_EDGE('',*,*,#4310,.T.);
#5731=ORIENTED_EDGE('',*,*,#4311,.T.);
#5732=ORIENTED_EDGE('',*,*,#4310,.F.);
#5733=ORIENTED_EDGE('',*,*,#4312,.F.);
#5734=ORIENTED_EDGE('',*,*,#4313,.T.);
#5735=ORIENTED_EDGE('',*,*,#4314,.T.);
#5736=ORIENTED_EDGE('',*,*,#4313,.F.);
#5737=ORIENTED_EDGE('',*,*,#4315,.F.);
#5738=ORIENTED_EDGE('',*,*,#4316,.T.);
#5739=ORIENTED_EDGE('',*,*,#4317,.T.);
#5740=ORIENTED_EDGE('',*,*,#4316,.F.);
#5741=ORIENTED_EDGE('',*,*,#4318,.F.);
#5742=ORIENTED_EDGE('',*,*,#4319,.T.);
#5743=ORIENTED_EDGE('',*,*,#4320,.T.);
#5744=ORIENTED_EDGE('',*,*,#4319,.F.);
#5745=ORIENTED_EDGE('',*,*,#4321,.F.);
#5746=ORIENTED_EDGE('',*,*,#4322,.T.);
#5747=ORIENTED_EDGE('',*,*,#4323,.T.);
#5748=ORIENTED_EDGE('',*,*,#4324,.F.);
#5749=ORIENTED_EDGE('',*,*,#4325,.F.);
#5750=ORIENTED_EDGE('',*,*,#4326,.T.);
#5751=ORIENTED_EDGE('',*,*,#4327,.T.);
#5752=ORIENTED_EDGE('',*,*,#4326,.F.);
#5753=ORIENTED_EDGE('',*,*,#4328,.F.);
#5754=ORIENTED_EDGE('',*,*,#4329,.T.);
#5755=ORIENTED_EDGE('',*,*,#4330,.T.);
#5756=ORIENTED_EDGE('',*,*,#4331,.F.);
#5757=ORIENTED_EDGE('',*,*,#4332,.F.);
#5758=ORIENTED_EDGE('',*,*,#4333,.T.);
#5759=ORIENTED_EDGE('',*,*,#4334,.T.);
#5760=ORIENTED_EDGE('',*,*,#4333,.F.);
#5761=ORIENTED_EDGE('',*,*,#4335,.F.);
#5762=ORIENTED_EDGE('',*,*,#4336,.T.);
#5763=ORIENTED_EDGE('',*,*,#4337,.T.);
#5764=ORIENTED_EDGE('',*,*,#4336,.F.);
#5765=ORIENTED_EDGE('',*,*,#4338,.F.);
#5766=ORIENTED_EDGE('',*,*,#4339,.T.);
#5767=ORIENTED_EDGE('',*,*,#4340,.T.);
#5768=ORIENTED_EDGE('',*,*,#4339,.F.);
#5769=ORIENTED_EDGE('',*,*,#4341,.F.);
#5770=ORIENTED_EDGE('',*,*,#4342,.T.);
#5771=ORIENTED_EDGE('',*,*,#4343,.T.);
#5772=ORIENTED_EDGE('',*,*,#4344,.F.);
#5773=ORIENTED_EDGE('',*,*,#4345,.F.);
#5774=ORIENTED_EDGE('',*,*,#4346,.T.);
#5775=ORIENTED_EDGE('',*,*,#4347,.T.);
#5776=ORIENTED_EDGE('',*,*,#4346,.F.);
#5777=ORIENTED_EDGE('',*,*,#4348,.F.);
#5778=ORIENTED_EDGE('',*,*,#4349,.T.);
#5779=ORIENTED_EDGE('',*,*,#4350,.T.);
#5780=ORIENTED_EDGE('',*,*,#4349,.F.);
#5781=ORIENTED_EDGE('',*,*,#4351,.F.);
#5782=ORIENTED_EDGE('',*,*,#4352,.T.);
#5783=ORIENTED_EDGE('',*,*,#4353,.T.);
#5784=ORIENTED_EDGE('',*,*,#4352,.F.);
#5785=ORIENTED_EDGE('',*,*,#4354,.F.);
#5786=ORIENTED_EDGE('',*,*,#4355,.T.);
#5787=ORIENTED_EDGE('',*,*,#4356,.T.);
#5788=ORIENTED_EDGE('',*,*,#4355,.F.);
#5789=ORIENTED_EDGE('',*,*,#4357,.F.);
#5790=ORIENTED_EDGE('',*,*,#4358,.T.);
#5791=ORIENTED_EDGE('',*,*,#4359,.T.);
#5792=ORIENTED_EDGE('',*,*,#4358,.F.);
#5793=ORIENTED_EDGE('',*,*,#4360,.F.);
#5794=ORIENTED_EDGE('',*,*,#4361,.T.);
#5795=ORIENTED_EDGE('',*,*,#4362,.T.);
#5796=ORIENTED_EDGE('',*,*,#4361,.F.);
#5797=ORIENTED_EDGE('',*,*,#4363,.F.);
#5798=ORIENTED_EDGE('',*,*,#4364,.T.);
#5799=ORIENTED_EDGE('',*,*,#4365,.T.);
#5800=ORIENTED_EDGE('',*,*,#4364,.F.);
#5801=ORIENTED_EDGE('',*,*,#4366,.F.);
#5802=ORIENTED_EDGE('',*,*,#4367,.T.);
#5803=ORIENTED_EDGE('',*,*,#4368,.T.);
#5804=ORIENTED_EDGE('',*,*,#4367,.F.);
#5805=ORIENTED_EDGE('',*,*,#4369,.F.);
#5806=ORIENTED_EDGE('',*,*,#4370,.T.);
#5807=ORIENTED_EDGE('',*,*,#4371,.T.);
#5808=ORIENTED_EDGE('',*,*,#4370,.F.);
#5809=ORIENTED_EDGE('',*,*,#4372,.F.);
#5810=ORIENTED_EDGE('',*,*,#4373,.T.);
#5811=ORIENTED_EDGE('',*,*,#4374,.T.);
#5812=ORIENTED_EDGE('',*,*,#4373,.F.);
#5813=ORIENTED_EDGE('',*,*,#4375,.F.);
#5814=ORIENTED_EDGE('',*,*,#4376,.T.);
#5815=ORIENTED_EDGE('',*,*,#4377,.T.);
#5816=ORIENTED_EDGE('',*,*,#4376,.F.);
#5817=ORIENTED_EDGE('',*,*,#4378,.F.);
#5818=ORIENTED_EDGE('',*,*,#4379,.T.);
#5819=ORIENTED_EDGE('',*,*,#4380,.T.);
#5820=ORIENTED_EDGE('',*,*,#4379,.F.);
#5821=ORIENTED_EDGE('',*,*,#4381,.F.);
#5822=ORIENTED_EDGE('',*,*,#4382,.T.);
#5823=ORIENTED_EDGE('',*,*,#4383,.T.);
#5824=ORIENTED_EDGE('',*,*,#4384,.F.);
#5825=ORIENTED_EDGE('',*,*,#4385,.F.);
#5826=ORIENTED_EDGE('',*,*,#4386,.T.);
#5827=ORIENTED_EDGE('',*,*,#4387,.T.);
#5828=ORIENTED_EDGE('',*,*,#4386,.F.);
#5829=ORIENTED_EDGE('',*,*,#4388,.F.);
#5830=ORIENTED_EDGE('',*,*,#4389,.T.);
#5831=ORIENTED_EDGE('',*,*,#4390,.T.);
#5832=ORIENTED_EDGE('',*,*,#4391,.F.);
#5833=ORIENTED_EDGE('',*,*,#4392,.F.);
#5834=ORIENTED_EDGE('',*,*,#4393,.T.);
#5835=ORIENTED_EDGE('',*,*,#4394,.T.);
#5836=ORIENTED_EDGE('',*,*,#4393,.F.);
#5837=ORIENTED_EDGE('',*,*,#4395,.F.);
#5838=ORIENTED_EDGE('',*,*,#4396,.T.);
#5839=ORIENTED_EDGE('',*,*,#4397,.T.);
#5840=ORIENTED_EDGE('',*,*,#4396,.F.);
#5841=ORIENTED_EDGE('',*,*,#4398,.F.);
#5842=ORIENTED_EDGE('',*,*,#4399,.T.);
#5843=ORIENTED_EDGE('',*,*,#4400,.T.);
#5844=ORIENTED_EDGE('',*,*,#4399,.F.);
#5845=ORIENTED_EDGE('',*,*,#4401,.F.);
#5846=ORIENTED_EDGE('',*,*,#4402,.T.);
#5847=ORIENTED_EDGE('',*,*,#4403,.T.);
#5848=ORIENTED_EDGE('',*,*,#4402,.F.);
#5849=ORIENTED_EDGE('',*,*,#4404,.F.);
#5850=ORIENTED_EDGE('',*,*,#4405,.T.);
#5851=ORIENTED_EDGE('',*,*,#4406,.T.);
#5852=ORIENTED_EDGE('',*,*,#4405,.F.);
#5853=ORIENTED_EDGE('',*,*,#4407,.F.);
#5854=ORIENTED_EDGE('',*,*,#4408,.T.);
#5855=ORIENTED_EDGE('',*,*,#4409,.T.);
#5856=ORIENTED_EDGE('',*,*,#4408,.F.);
#5857=ORIENTED_EDGE('',*,*,#4410,.F.);
#5858=ORIENTED_EDGE('',*,*,#4411,.T.);
#5859=ORIENTED_EDGE('',*,*,#4412,.T.);
#5860=ORIENTED_EDGE('',*,*,#4411,.F.);
#5861=ORIENTED_EDGE('',*,*,#4413,.F.);
#5862=ORIENTED_EDGE('',*,*,#4414,.T.);
#5863=ORIENTED_EDGE('',*,*,#4415,.T.);
#5864=ORIENTED_EDGE('',*,*,#4416,.F.);
#5865=ORIENTED_EDGE('',*,*,#4417,.F.);
#5866=ORIENTED_EDGE('',*,*,#4418,.T.);
#5867=ORIENTED_EDGE('',*,*,#4419,.T.);
#5868=ORIENTED_EDGE('',*,*,#4418,.F.);
#5869=ORIENTED_EDGE('',*,*,#4420,.F.);
#5870=ORIENTED_EDGE('',*,*,#4421,.T.);
#5871=ORIENTED_EDGE('',*,*,#4422,.T.);
#5872=ORIENTED_EDGE('',*,*,#4421,.F.);
#5873=ORIENTED_EDGE('',*,*,#4423,.F.);
#5874=ORIENTED_EDGE('',*,*,#4424,.T.);
#5875=ORIENTED_EDGE('',*,*,#4425,.T.);
#5876=ORIENTED_EDGE('',*,*,#4424,.F.);
#5877=ORIENTED_EDGE('',*,*,#4426,.F.);
#5878=ORIENTED_EDGE('',*,*,#4427,.T.);
#5879=ORIENTED_EDGE('',*,*,#4428,.T.);
#5880=ORIENTED_EDGE('',*,*,#4427,.F.);
#5881=ORIENTED_EDGE('',*,*,#4429,.F.);
#5882=ORIENTED_EDGE('',*,*,#4430,.T.);
#5883=ORIENTED_EDGE('',*,*,#4431,.T.);
#5884=ORIENTED_EDGE('',*,*,#4432,.T.);
#5885=ORIENTED_EDGE('',*,*,#4341,.T.);
#5886=ORIENTED_EDGE('',*,*,#4338,.T.);
#5887=ORIENTED_EDGE('',*,*,#4335,.T.);
#5888=ORIENTED_EDGE('',*,*,#4332,.T.);
#5889=ORIENTED_EDGE('',*,*,#4433,.T.);
#5890=ORIENTED_EDGE('',*,*,#4434,.T.);
#5891=ORIENTED_EDGE('',*,*,#4325,.T.);
#5892=ORIENTED_EDGE('',*,*,#4435,.T.);
#5893=ORIENTED_EDGE('',*,*,#4328,.T.);
#5894=ORIENTED_EDGE('',*,*,#4271,.T.);
#5895=ORIENTED_EDGE('',*,*,#4436,.T.);
#5896=ORIENTED_EDGE('',*,*,#4274,.T.);
#5897=ORIENTED_EDGE('',*,*,#4437,.T.);
#5898=ORIENTED_EDGE('',*,*,#4438,.T.);
#5899=ORIENTED_EDGE('',*,*,#4202,.T.);
#5900=ORIENTED_EDGE('',*,*,#4199,.T.);
#5901=ORIENTED_EDGE('',*,*,#4196,.T.);
#5902=ORIENTED_EDGE('',*,*,#4193,.T.);
#5903=ORIENTED_EDGE('',*,*,#4439,.T.);
#5904=ORIENTED_EDGE('',*,*,#4440,.T.);
#5905=ORIENTED_EDGE('',*,*,#4441,.T.);
#5906=ORIENTED_EDGE('',*,*,#4151,.F.);
#5907=ORIENTED_EDGE('',*,*,#4442,.F.);
#5908=ORIENTED_EDGE('',*,*,#4443,.T.);
#5909=ORIENTED_EDGE('',*,*,#3743,.F.);
#5910=ORIENTED_EDGE('',*,*,#4444,.F.);
#5911=ORIENTED_EDGE('',*,*,#4445,.F.);
#5912=ORIENTED_EDGE('',*,*,#4446,.T.);
#5913=ORIENTED_EDGE('',*,*,#4447,.T.);
#5914=ORIENTED_EDGE('',*,*,#4448,.T.);
#5915=ORIENTED_EDGE('',*,*,#4167,.T.);
#5916=ORIENTED_EDGE('',*,*,#4164,.T.);
#5917=ORIENTED_EDGE('',*,*,#4161,.T.);
#5918=ORIENTED_EDGE('',*,*,#4158,.T.);
#5919=ORIENTED_EDGE('',*,*,#4155,.T.);
#5920=ORIENTED_EDGE('',*,*,#4449,.T.);
#5921=ORIENTED_EDGE('',*,*,#4450,.T.);
#5922=ORIENTED_EDGE('',*,*,#4451,.T.);
#5923=ORIENTED_EDGE('',*,*,#4452,.T.);
#5924=ORIENTED_EDGE('',*,*,#4453,.T.);
#5925=ORIENTED_EDGE('',*,*,#4454,.T.);
#5926=ORIENTED_EDGE('',*,*,#4455,.T.);
#5927=ORIENTED_EDGE('',*,*,#4456,.T.);
#5928=ORIENTED_EDGE('',*,*,#4129,.T.);
#5929=ORIENTED_EDGE('',*,*,#3865,.T.);
#5930=ORIENTED_EDGE('',*,*,#4457,.T.);
#5931=ORIENTED_EDGE('',*,*,#4458,.T.);
#5932=ORIENTED_EDGE('',*,*,#4459,.T.);
#5933=ORIENTED_EDGE('',*,*,#4460,.T.);
#5934=ORIENTED_EDGE('',*,*,#4461,.T.);
#5935=ORIENTED_EDGE('',*,*,#4462,.T.);
#5936=ORIENTED_EDGE('',*,*,#4463,.T.);
#5937=ORIENTED_EDGE('',*,*,#4464,.T.);
#5938=ORIENTED_EDGE('',*,*,#4465,.T.);
#5939=ORIENTED_EDGE('',*,*,#4466,.F.);
#5940=ORIENTED_EDGE('',*,*,#4467,.F.);
#5941=ORIENTED_EDGE('',*,*,#4462,.F.);
#5942=ORIENTED_EDGE('',*,*,#4468,.T.);
#5943=ORIENTED_EDGE('',*,*,#3887,.F.);
#5944=ORIENTED_EDGE('',*,*,#4121,.F.);
#5945=ORIENTED_EDGE('',*,*,#4469,.T.);
#5946=ORIENTED_EDGE('',*,*,#4470,.T.);
#5947=ORIENTED_EDGE('',*,*,#4101,.T.);
#5948=ORIENTED_EDGE('',*,*,#4471,.F.);
#5949=ORIENTED_EDGE('',*,*,#4472,.T.);
#5950=ORIENTED_EDGE('',*,*,#3921,.T.);
#5951=ORIENTED_EDGE('',*,*,#4125,.T.);
#5952=ORIENTED_EDGE('',*,*,#4473,.T.);
#5953=ORIENTED_EDGE('',*,*,#4106,.T.);
#5954=ORIENTED_EDGE('',*,*,#4474,.F.);
#5955=ORIENTED_EDGE('',*,*,#4475,.T.);
#5956=ORIENTED_EDGE('',*,*,#3811,.T.);
#5957=ORIENTED_EDGE('',*,*,#4128,.T.);
#5958=ORIENTED_EDGE('',*,*,#4123,.T.);
#5959=ORIENTED_EDGE('',*,*,#3877,.T.);
#5960=ORIENTED_EDGE('',*,*,#4476,.F.);
#5961=ORIENTED_EDGE('',*,*,#4477,.T.);
#5962=ORIENTED_EDGE('',*,*,#3883,.T.);
#5963=ORIENTED_EDGE('',*,*,#4478,.T.);
#5964=ORIENTED_EDGE('',*,*,#3823,.T.);
#5965=ORIENTED_EDGE('',*,*,#4131,.T.);
#5966=ORIENTED_EDGE('',*,*,#4126,.T.);
#5967=ORIENTED_EDGE('',*,*,#3817,.T.);
#5968=ORIENTED_EDGE('',*,*,#4479,.F.);
#5969=ORIENTED_EDGE('',*,*,#4137,.T.);
#5970=ORIENTED_EDGE('',*,*,#4480,.T.);
#5971=ORIENTED_EDGE('',*,*,#4481,.T.);
#5972=ORIENTED_EDGE('',*,*,#3871,.T.);
#5973=ORIENTED_EDGE('',*,*,#4140,.T.);
#5974=ORIENTED_EDGE('',*,*,#4135,.T.);
#5975=ORIENTED_EDGE('',*,*,#3829,.T.);
#5976=ORIENTED_EDGE('',*,*,#4482,.F.);
#5977=ORIENTED_EDGE('',*,*,#4483,.T.);
#5978=ORIENTED_EDGE('',*,*,#3835,.T.);
#5979=ORIENTED_EDGE('',*,*,#4484,.T.);
#5980=ORIENTED_EDGE('',*,*,#4138,.T.);
#5981=ORIENTED_EDGE('',*,*,#3853,.T.);
#5982=ORIENTED_EDGE('',*,*,#4485,.F.);
#5983=ORIENTED_EDGE('',*,*,#4486,.T.);
#5984=ORIENTED_EDGE('',*,*,#3859,.T.);
#5985=ORIENTED_EDGE('',*,*,#4487,.T.);
#5986=ORIENTED_EDGE('',*,*,#3841,.T.);
#5987=ORIENTED_EDGE('',*,*,#4488,.T.);
#5988=ORIENTED_EDGE('',*,*,#4489,.T.);
#5989=ORIENTED_EDGE('',*,*,#4087,.T.);
#5990=ORIENTED_EDGE('',*,*,#4490,.F.);
#5991=ORIENTED_EDGE('',*,*,#4491,.T.);
#5992=ORIENTED_EDGE('',*,*,#3847,.T.);
#5993=ORIENTED_EDGE('',*,*,#4492,.T.);
#5994=ORIENTED_EDGE('',*,*,#4493,.T.);
#5995=ORIENTED_EDGE('',*,*,#4093,.T.);
#5996=ORIENTED_EDGE('',*,*,#4494,.F.);
#5997=ORIENTED_EDGE('',*,*,#4495,.T.);
#5998=ORIENTED_EDGE('',*,*,#4496,.T.);
#5999=ORIENTED_EDGE('',*,*,#4133,.T.);
#6000=ORIENTED_EDGE('',*,*,#4497,.F.);
#6001=ORIENTED_EDGE('',*,*,#4498,.T.);
#6002=ORIENTED_EDGE('',*,*,#4499,.T.);
#6003=ORIENTED_EDGE('',*,*,#4500,.T.);
#6004=ORIENTED_EDGE('',*,*,#4457,.F.);
#6005=ORIENTED_EDGE('',*,*,#4501,.T.);
#6006=ORIENTED_EDGE('',*,*,#3917,.T.);
#6007=ORIENTED_EDGE('',*,*,#4502,.F.);
#6008=ORIENTED_EDGE('',*,*,#4464,.F.);
#6009=ORIENTED_EDGE('',*,*,#4098,.T.);
#6010=ORIENTED_EDGE('',*,*,#4102,.F.);
#6011=ORIENTED_EDGE('',*,*,#4470,.F.);
#6012=ORIENTED_EDGE('',*,*,#4503,.T.);
#6013=ORIENTED_EDGE('',*,*,#4463,.F.);
#6014=ORIENTED_EDGE('',*,*,#4467,.T.);
#6015=ORIENTED_EDGE('',*,*,#4104,.T.);
#6016=ORIENTED_EDGE('',*,*,#4107,.F.);
#6017=ORIENTED_EDGE('',*,*,#4473,.F.);
#6018=ORIENTED_EDGE('',*,*,#4504,.T.);
#6019=ORIENTED_EDGE('',*,*,#4469,.F.);
#6020=ORIENTED_EDGE('',*,*,#3920,.T.);
#6021=ORIENTED_EDGE('',*,*,#4120,.T.);
#6022=ORIENTED_EDGE('',*,*,#4088,.F.);
#6023=ORIENTED_EDGE('',*,*,#4489,.F.);
#6024=ORIENTED_EDGE('',*,*,#4505,.T.);
#6025=ORIENTED_EDGE('',*,*,#4484,.F.);
#6026=ORIENTED_EDGE('',*,*,#3858,.T.);
#6027=ORIENTED_EDGE('',*,*,#4091,.T.);
#6028=ORIENTED_EDGE('',*,*,#4094,.F.);
#6029=ORIENTED_EDGE('',*,*,#4493,.F.);
#6030=ORIENTED_EDGE('',*,*,#4506,.T.);
#6031=ORIENTED_EDGE('',*,*,#4488,.F.);
#6032=ORIENTED_EDGE('',*,*,#3840,.T.);
#6033=ORIENTED_EDGE('',*,*,#4096,.T.);
#6034=ORIENTED_EDGE('',*,*,#4134,.F.);
#6035=ORIENTED_EDGE('',*,*,#4496,.F.);
#6036=ORIENTED_EDGE('',*,*,#4507,.T.);
#6037=ORIENTED_EDGE('',*,*,#4492,.F.);
#6038=ORIENTED_EDGE('',*,*,#3846,.T.);
#6039=ORIENTED_EDGE('',*,*,#4508,.T.);
#6040=ORIENTED_EDGE('',*,*,#4495,.F.);
#6041=ORIENTED_EDGE('',*,*,#4509,.T.);
#6042=ORIENTED_EDGE('',*,*,#3913,.T.);
#6043=ORIENTED_EDGE('',*,*,#4510,.F.);
#6044=ORIENTED_EDGE('',*,*,#4453,.F.);
#6045=ORIENTED_EDGE('',*,*,#4511,.T.);
#6046=ORIENTED_EDGE('',*,*,#4466,.T.);
#6047=ORIENTED_EDGE('',*,*,#4512,.T.);
#6048=ORIENTED_EDGE('',*,*,#3915,.T.);
#6049=ORIENTED_EDGE('',*,*,#4513,.F.);
#6050=ORIENTED_EDGE('',*,*,#4459,.F.);
#6051=ORIENTED_EDGE('',*,*,#4514,.T.);
#6052=ORIENTED_EDGE('',*,*,#4471,.T.);
#6053=ORIENTED_EDGE('',*,*,#4100,.T.);
#6054=ORIENTED_EDGE('',*,*,#3888,.T.);
#6055=ORIENTED_EDGE('',*,*,#4468,.F.);
#6056=ORIENTED_EDGE('',*,*,#4461,.F.);
#6057=ORIENTED_EDGE('',*,*,#4515,.T.);
#6058=ORIENTED_EDGE('',*,*,#4474,.T.);
#6059=ORIENTED_EDGE('',*,*,#4105,.T.);
#6060=ORIENTED_EDGE('',*,*,#3891,.T.);
#6061=ORIENTED_EDGE('',*,*,#3922,.F.);
#6062=ORIENTED_EDGE('',*,*,#4472,.F.);
#6063=ORIENTED_EDGE('',*,*,#4516,.T.);
#6064=ORIENTED_EDGE('',*,*,#4476,.T.);
#6065=ORIENTED_EDGE('',*,*,#3876,.T.);
#6066=ORIENTED_EDGE('',*,*,#3893,.T.);
#6067=ORIENTED_EDGE('',*,*,#3812,.F.);
#6068=ORIENTED_EDGE('',*,*,#4475,.F.);
#6069=ORIENTED_EDGE('',*,*,#4517,.T.);
#6070=ORIENTED_EDGE('',*,*,#4479,.T.);
#6071=ORIENTED_EDGE('',*,*,#3816,.T.);
#6072=ORIENTED_EDGE('',*,*,#3894,.T.);
#6073=ORIENTED_EDGE('',*,*,#3884,.F.);
#6074=ORIENTED_EDGE('',*,*,#4477,.F.);
#6075=ORIENTED_EDGE('',*,*,#4518,.T.);
#6076=ORIENTED_EDGE('',*,*,#4455,.F.);
#6077=ORIENTED_EDGE('',*,*,#3864,.T.);
#6078=ORIENTED_EDGE('',*,*,#3895,.T.);
#6079=ORIENTED_EDGE('',*,*,#3824,.F.);
#6080=ORIENTED_EDGE('',*,*,#4478,.F.);
#6081=ORIENTED_EDGE('',*,*,#4519,.T.);
#6082=ORIENTED_EDGE('',*,*,#4482,.T.);
#6083=ORIENTED_EDGE('',*,*,#3828,.T.);
#6084=ORIENTED_EDGE('',*,*,#3896,.T.);
#6085=ORIENTED_EDGE('',*,*,#3872,.F.);
#6086=ORIENTED_EDGE('',*,*,#4481,.F.);
#6087=ORIENTED_EDGE('',*,*,#4520,.T.);
#6088=ORIENTED_EDGE('',*,*,#4485,.T.);
#6089=ORIENTED_EDGE('',*,*,#3852,.T.);
#6090=ORIENTED_EDGE('',*,*,#3897,.T.);
#6091=ORIENTED_EDGE('',*,*,#3836,.F.);
#6092=ORIENTED_EDGE('',*,*,#4483,.F.);
#6093=ORIENTED_EDGE('',*,*,#4521,.T.);
#6094=ORIENTED_EDGE('',*,*,#4490,.T.);
#6095=ORIENTED_EDGE('',*,*,#4086,.T.);
#6096=ORIENTED_EDGE('',*,*,#3898,.T.);
#6097=ORIENTED_EDGE('',*,*,#3860,.F.);
#6098=ORIENTED_EDGE('',*,*,#4486,.F.);
#6099=ORIENTED_EDGE('',*,*,#4522,.T.);
#6100=ORIENTED_EDGE('',*,*,#4494,.T.);
#6101=ORIENTED_EDGE('',*,*,#4092,.T.);
#6102=ORIENTED_EDGE('',*,*,#3900,.T.);
#6103=ORIENTED_EDGE('',*,*,#3842,.F.);
#6104=ORIENTED_EDGE('',*,*,#4487,.F.);
#6105=ORIENTED_EDGE('',*,*,#4523,.T.);
#6106=ORIENTED_EDGE('',*,*,#4497,.T.);
#6107=ORIENTED_EDGE('',*,*,#4132,.T.);
#6108=ORIENTED_EDGE('',*,*,#3902,.T.);
#6109=ORIENTED_EDGE('',*,*,#3848,.F.);
#6110=ORIENTED_EDGE('',*,*,#4491,.F.);
#6111=ORIENTED_EDGE('',*,*,#4524,.T.);
#6112=ORIENTED_EDGE('',*,*,#4451,.F.);
#6113=ORIENTED_EDGE('',*,*,#4525,.T.);
#6114=ORIENTED_EDGE('',*,*,#3911,.T.);
#6115=ORIENTED_EDGE('',*,*,#4526,.F.);
#6116=ORIENTED_EDGE('',*,*,#4498,.F.);
#6117=ORIENTED_EDGE('',*,*,#4527,.T.);
#6118=ORIENTED_EDGE('',*,*,#4528,.T.);
#6119=ORIENTED_EDGE('',*,*,#4529,.F.);
#6120=ORIENTED_EDGE('',*,*,#4530,.T.);
#6121=ORIENTED_EDGE('',*,*,#4531,.T.);
#6122=ORIENTED_EDGE('',*,*,#4532,.T.);
#6123=ORIENTED_EDGE('',*,*,#4527,.F.);
#6124=ORIENTED_EDGE('',*,*,#4533,.T.);
#6125=ORIENTED_EDGE('',*,*,#4534,.T.);
#6126=ORIENTED_EDGE('',*,*,#4535,.T.);
#6127=ORIENTED_EDGE('',*,*,#4531,.F.);
#6128=ORIENTED_EDGE('',*,*,#4536,.T.);
#6129=ORIENTED_EDGE('',*,*,#3744,.F.);
#6130=ORIENTED_EDGE('',*,*,#4446,.F.);
#6131=ORIENTED_EDGE('',*,*,#4537,.T.);
#6132=ORIENTED_EDGE('',*,*,#4538,.T.);
#6133=ORIENTED_EDGE('',*,*,#4539,.T.);
#6134=ORIENTED_EDGE('',*,*,#4540,.T.);
#6135=ORIENTED_EDGE('',*,*,#4537,.F.);
#6136=ORIENTED_EDGE('',*,*,#4541,.T.);
#6137=ORIENTED_EDGE('',*,*,#4542,.T.);
#6138=ORIENTED_EDGE('',*,*,#4543,.T.);
#6139=ORIENTED_EDGE('',*,*,#4539,.F.);
#6140=ORIENTED_EDGE('',*,*,#4544,.T.);
#6141=ORIENTED_EDGE('',*,*,#4545,.T.);
#6142=ORIENTED_EDGE('',*,*,#4546,.T.);
#6143=ORIENTED_EDGE('',*,*,#4542,.F.);
#6144=ORIENTED_EDGE('',*,*,#4547,.T.);
#6145=ORIENTED_EDGE('',*,*,#4535,.F.);
#6146=ORIENTED_EDGE('',*,*,#4056,.T.);
#6147=ORIENTED_EDGE('',*,*,#4547,.F.);
#6148=ORIENTED_EDGE('',*,*,#4548,.T.);
#6149=ORIENTED_EDGE('',*,*,#4532,.F.);
#6150=ORIENTED_EDGE('',*,*,#4548,.F.);
#6151=ORIENTED_EDGE('',*,*,#4544,.F.);
#6152=ORIENTED_EDGE('',*,*,#4549,.F.);
#6153=ORIENTED_EDGE('',*,*,#4528,.F.);
#6154=ORIENTED_EDGE('',*,*,#4549,.T.);
#6155=ORIENTED_EDGE('',*,*,#4541,.F.);
#6156=ORIENTED_EDGE('',*,*,#4445,.T.);
#6157=ORIENTED_EDGE('',*,*,#4442,.T.);
#6158=ORIENTED_EDGE('',*,*,#4550,.T.);
#6159=ORIENTED_EDGE('',*,*,#4454,.F.);
#6160=ORIENTED_EDGE('',*,*,#4510,.T.);
#6161=ORIENTED_EDGE('',*,*,#3912,.F.);
#6162=ORIENTED_EDGE('',*,*,#4525,.F.);
#6163=ORIENTED_EDGE('',*,*,#4499,.F.);
#6164=ORIENTED_EDGE('',*,*,#4526,.T.);
#6165=ORIENTED_EDGE('',*,*,#3910,.F.);
#6166=ORIENTED_EDGE('',*,*,#4509,.F.);
#6167=ORIENTED_EDGE('',*,*,#4465,.F.);
#6168=ORIENTED_EDGE('',*,*,#4502,.T.);
#6169=ORIENTED_EDGE('',*,*,#3916,.F.);
#6170=ORIENTED_EDGE('',*,*,#4512,.F.);
#6171=ORIENTED_EDGE('',*,*,#4460,.F.);
#6172=ORIENTED_EDGE('',*,*,#4513,.T.);
#6173=ORIENTED_EDGE('',*,*,#3914,.F.);
#6174=ORIENTED_EDGE('',*,*,#4501,.F.);
#6175=ORIENTED_EDGE('',*,*,#4551,.T.);
#6176=ORIENTED_EDGE('',*,*,#4552,.T.);
#6177=ORIENTED_EDGE('',*,*,#3923,.T.);
#6178=ORIENTED_EDGE('',*,*,#4552,.F.);
#6179=ORIENTED_EDGE('',*,*,#4553,.T.);
#6180=ORIENTED_EDGE('',*,*,#4554,.T.);
#6181=ORIENTED_EDGE('',*,*,#3991,.T.);
#6182=ORIENTED_EDGE('',*,*,#4554,.F.);
#6183=ORIENTED_EDGE('',*,*,#4555,.T.);
#6184=ORIENTED_EDGE('',*,*,#4556,.T.);
#6185=ORIENTED_EDGE('',*,*,#3924,.T.);
#6186=ORIENTED_EDGE('',*,*,#4556,.F.);
#6187=ORIENTED_EDGE('',*,*,#4557,.T.);
#6188=ORIENTED_EDGE('',*,*,#4558,.T.);
#6189=ORIENTED_EDGE('',*,*,#3988,.T.);
#6190=ORIENTED_EDGE('',*,*,#4558,.F.);
#6191=ORIENTED_EDGE('',*,*,#4559,.T.);
#6192=ORIENTED_EDGE('',*,*,#4560,.T.);
#6193=ORIENTED_EDGE('',*,*,#3925,.T.);
#6194=ORIENTED_EDGE('',*,*,#4560,.F.);
#6195=ORIENTED_EDGE('',*,*,#4561,.T.);
#6196=ORIENTED_EDGE('',*,*,#4562,.T.);
#6197=ORIENTED_EDGE('',*,*,#3990,.T.);
#6198=ORIENTED_EDGE('',*,*,#4562,.F.);
#6199=ORIENTED_EDGE('',*,*,#4563,.T.);
#6200=ORIENTED_EDGE('',*,*,#4564,.T.);
#6201=ORIENTED_EDGE('',*,*,#3926,.T.);
#6202=ORIENTED_EDGE('',*,*,#4564,.F.);
#6203=ORIENTED_EDGE('',*,*,#4565,.T.);
#6204=ORIENTED_EDGE('',*,*,#4566,.T.);
#6205=ORIENTED_EDGE('',*,*,#3989,.T.);
#6206=ORIENTED_EDGE('',*,*,#4566,.F.);
#6207=ORIENTED_EDGE('',*,*,#4553,.F.);
#6208=ORIENTED_EDGE('',*,*,#4551,.F.);
#6209=ORIENTED_EDGE('',*,*,#4557,.F.);
#6210=ORIENTED_EDGE('',*,*,#4555,.F.);
#6211=ORIENTED_EDGE('',*,*,#4565,.F.);
#6212=ORIENTED_EDGE('',*,*,#4563,.F.);
#6213=ORIENTED_EDGE('',*,*,#4561,.F.);
#6214=ORIENTED_EDGE('',*,*,#4559,.F.);
#6215=ORIENTED_EDGE('',*,*,#3947,.F.);
#6216=ORIENTED_EDGE('',*,*,#4567,.F.);
#6217=ORIENTED_EDGE('',*,*,#4062,.F.);
#6218=ORIENTED_EDGE('',*,*,#4568,.T.);
#6219=ORIENTED_EDGE('',*,*,#3946,.F.);
#6220=ORIENTED_EDGE('',*,*,#4569,.F.);
#6221=ORIENTED_EDGE('',*,*,#4059,.F.);
#6222=ORIENTED_EDGE('',*,*,#4567,.T.);
#6223=ORIENTED_EDGE('',*,*,#3949,.F.);
#6224=ORIENTED_EDGE('',*,*,#4570,.F.);
#6225=ORIENTED_EDGE('',*,*,#4060,.F.);
#6226=ORIENTED_EDGE('',*,*,#4569,.T.);
#6227=ORIENTED_EDGE('',*,*,#3948,.F.);
#6228=ORIENTED_EDGE('',*,*,#4568,.F.);
#6229=ORIENTED_EDGE('',*,*,#4061,.F.);
#6230=ORIENTED_EDGE('',*,*,#4570,.T.);
#6231=ORIENTED_EDGE('',*,*,#3739,.F.);
#6232=ORIENTED_EDGE('',*,*,#4571,.F.);
#6233=ORIENTED_EDGE('',*,*,#4550,.F.);
#6234=ORIENTED_EDGE('',*,*,#4150,.T.);
#6235=ORIENTED_EDGE('',*,*,#4572,.T.);
#6236=ORIENTED_EDGE('',*,*,#4573,.F.);
#6237=ORIENTED_EDGE('',*,*,#4574,.F.);
#6238=ORIENTED_EDGE('',*,*,#4575,.F.);
#6239=ORIENTED_EDGE('',*,*,#4576,.T.);
#6240=ORIENTED_EDGE('',*,*,#4577,.T.);
#6241=ORIENTED_EDGE('',*,*,#4413,.T.);
#6242=ORIENTED_EDGE('',*,*,#4410,.T.);
#6243=ORIENTED_EDGE('',*,*,#4407,.T.);
#6244=ORIENTED_EDGE('',*,*,#4404,.T.);
#6245=ORIENTED_EDGE('',*,*,#4401,.T.);
#6246=ORIENTED_EDGE('',*,*,#4398,.T.);
#6247=ORIENTED_EDGE('',*,*,#4395,.T.);
#6248=ORIENTED_EDGE('',*,*,#4392,.T.);
#6249=ORIENTED_EDGE('',*,*,#4578,.T.);
#6250=ORIENTED_EDGE('',*,*,#4579,.T.);
#6251=ORIENTED_EDGE('',*,*,#4580,.T.);
#6252=ORIENTED_EDGE('',*,*,#4581,.T.);
#6253=ORIENTED_EDGE('',*,*,#4582,.T.);
#6254=ORIENTED_EDGE('',*,*,#4583,.T.);
#6255=ORIENTED_EDGE('',*,*,#4584,.T.);
#6256=ORIENTED_EDGE('',*,*,#4388,.T.);
#6257=ORIENTED_EDGE('',*,*,#4385,.T.);
#6258=ORIENTED_EDGE('',*,*,#4585,.T.);
#6259=ORIENTED_EDGE('',*,*,#4586,.T.);
#6260=ORIENTED_EDGE('',*,*,#4381,.T.);
#6261=ORIENTED_EDGE('',*,*,#4378,.T.);
#6262=ORIENTED_EDGE('',*,*,#4375,.T.);
#6263=ORIENTED_EDGE('',*,*,#4372,.T.);
#6264=ORIENTED_EDGE('',*,*,#4369,.T.);
#6265=ORIENTED_EDGE('',*,*,#4366,.T.);
#6266=ORIENTED_EDGE('',*,*,#4363,.T.);
#6267=ORIENTED_EDGE('',*,*,#4360,.T.);
#6268=ORIENTED_EDGE('',*,*,#4357,.T.);
#6269=ORIENTED_EDGE('',*,*,#4354,.T.);
#6270=ORIENTED_EDGE('',*,*,#4351,.T.);
#6271=ORIENTED_EDGE('',*,*,#4348,.T.);
#6272=ORIENTED_EDGE('',*,*,#4345,.T.);
#6273=ORIENTED_EDGE('',*,*,#4587,.T.);
#6274=ORIENTED_EDGE('',*,*,#4588,.T.);
#6275=ORIENTED_EDGE('',*,*,#4589,.T.);
#6276=ORIENTED_EDGE('',*,*,#4590,.T.);
#6277=ORIENTED_EDGE('',*,*,#4591,.T.);
#6278=ORIENTED_EDGE('',*,*,#4592,.T.);
#6279=ORIENTED_EDGE('',*,*,#4593,.T.);
#6280=ORIENTED_EDGE('',*,*,#4594,.T.);
#6281=ORIENTED_EDGE('',*,*,#4595,.T.);
#6282=ORIENTED_EDGE('',*,*,#4596,.T.);
#6283=ORIENTED_EDGE('',*,*,#4597,.T.);
#6284=ORIENTED_EDGE('',*,*,#4598,.T.);
#6285=ORIENTED_EDGE('',*,*,#4599,.T.);
#6286=ORIENTED_EDGE('',*,*,#4221,.T.);
#6287=ORIENTED_EDGE('',*,*,#4218,.T.);
#6288=ORIENTED_EDGE('',*,*,#4215,.T.);
#6289=ORIENTED_EDGE('',*,*,#4212,.T.);
#6290=ORIENTED_EDGE('',*,*,#4209,.T.);
#6291=ORIENTED_EDGE('',*,*,#4206,.T.);
#6292=ORIENTED_EDGE('',*,*,#4600,.T.);
#6293=ORIENTED_EDGE('',*,*,#4601,.T.);
#6294=ORIENTED_EDGE('',*,*,#4602,.T.);
#6295=ORIENTED_EDGE('',*,*,#4603,.T.);
#6296=ORIENTED_EDGE('',*,*,#4604,.T.);
#6297=ORIENTED_EDGE('',*,*,#4189,.T.);
#6298=ORIENTED_EDGE('',*,*,#4186,.T.);
#6299=ORIENTED_EDGE('',*,*,#4183,.T.);
#6300=ORIENTED_EDGE('',*,*,#4180,.T.);
#6301=ORIENTED_EDGE('',*,*,#4177,.T.);
#6302=ORIENTED_EDGE('',*,*,#4174,.T.);
#6303=ORIENTED_EDGE('',*,*,#4171,.T.);
#6304=ORIENTED_EDGE('',*,*,#4605,.T.);
#6305=ORIENTED_EDGE('',*,*,#4606,.T.);
#6306=ORIENTED_EDGE('',*,*,#4607,.T.);
#6307=ORIENTED_EDGE('',*,*,#4608,.T.);
#6308=ORIENTED_EDGE('',*,*,#4609,.T.);
#6309=ORIENTED_EDGE('',*,*,#4610,.T.);
#6310=ORIENTED_EDGE('',*,*,#4429,.T.);
#6311=ORIENTED_EDGE('',*,*,#4426,.T.);
#6312=ORIENTED_EDGE('',*,*,#4423,.T.);
#6313=ORIENTED_EDGE('',*,*,#4420,.T.);
#6314=ORIENTED_EDGE('',*,*,#4417,.T.);
#6315=ORIENTED_EDGE('',*,*,#4611,.T.);
#6316=ORIENTED_EDGE('',*,*,#4612,.T.);
#6317=ORIENTED_EDGE('',*,*,#4613,.T.);
#6318=ORIENTED_EDGE('',*,*,#4614,.T.);
#6319=ORIENTED_EDGE('',*,*,#4267,.T.);
#6320=ORIENTED_EDGE('',*,*,#4264,.T.);
#6321=ORIENTED_EDGE('',*,*,#4261,.T.);
#6322=ORIENTED_EDGE('',*,*,#4258,.T.);
#6323=ORIENTED_EDGE('',*,*,#4255,.T.);
#6324=ORIENTED_EDGE('',*,*,#4252,.T.);
#6325=ORIENTED_EDGE('',*,*,#4249,.T.);
#6326=ORIENTED_EDGE('',*,*,#4246,.T.);
#6327=ORIENTED_EDGE('',*,*,#4243,.T.);
#6328=ORIENTED_EDGE('',*,*,#4240,.T.);
#6329=ORIENTED_EDGE('',*,*,#4237,.T.);
#6330=ORIENTED_EDGE('',*,*,#4234,.T.);
#6331=ORIENTED_EDGE('',*,*,#4231,.T.);
#6332=ORIENTED_EDGE('',*,*,#4228,.T.);
#6333=ORIENTED_EDGE('',*,*,#4225,.T.);
#6334=ORIENTED_EDGE('',*,*,#4615,.T.);
#6335=ORIENTED_EDGE('',*,*,#4616,.T.);
#6336=ORIENTED_EDGE('',*,*,#4617,.T.);
#6337=ORIENTED_EDGE('',*,*,#4618,.T.);
#6338=ORIENTED_EDGE('',*,*,#4619,.T.);
#6339=ORIENTED_EDGE('',*,*,#4620,.T.);
#6340=ORIENTED_EDGE('',*,*,#4621,.T.);
#6341=ORIENTED_EDGE('',*,*,#4622,.T.);
#6342=ORIENTED_EDGE('',*,*,#4623,.T.);
#6343=ORIENTED_EDGE('',*,*,#4624,.T.);
#6344=ORIENTED_EDGE('',*,*,#4625,.T.);
#6345=ORIENTED_EDGE('',*,*,#4626,.T.);
#6346=ORIENTED_EDGE('',*,*,#4627,.T.);
#6347=ORIENTED_EDGE('',*,*,#4628,.T.);
#6348=ORIENTED_EDGE('',*,*,#4321,.T.);
#6349=ORIENTED_EDGE('',*,*,#4318,.T.);
#6350=ORIENTED_EDGE('',*,*,#4315,.T.);
#6351=ORIENTED_EDGE('',*,*,#4312,.T.);
#6352=ORIENTED_EDGE('',*,*,#4309,.T.);
#6353=ORIENTED_EDGE('',*,*,#4306,.T.);
#6354=ORIENTED_EDGE('',*,*,#4303,.T.);
#6355=ORIENTED_EDGE('',*,*,#4300,.T.);
#6356=ORIENTED_EDGE('',*,*,#4297,.T.);
#6357=ORIENTED_EDGE('',*,*,#4294,.T.);
#6358=ORIENTED_EDGE('',*,*,#4291,.T.);
#6359=ORIENTED_EDGE('',*,*,#4629,.T.);
#6360=ORIENTED_EDGE('',*,*,#4630,.T.);
#6361=ORIENTED_EDGE('',*,*,#4631,.T.);
#6362=ORIENTED_EDGE('',*,*,#4632,.T.);
#6363=ORIENTED_EDGE('',*,*,#4633,.T.);
#6364=ORIENTED_EDGE('',*,*,#4634,.T.);
#6365=ORIENTED_EDGE('',*,*,#4635,.T.);
#6366=ORIENTED_EDGE('',*,*,#4636,.T.);
#6367=ORIENTED_EDGE('',*,*,#4278,.T.);
#6368=ORIENTED_EDGE('',*,*,#4637,.T.);
#6369=ORIENTED_EDGE('',*,*,#4638,.T.);
#6370=ORIENTED_EDGE('',*,*,#4639,.T.);
#6371=ORIENTED_EDGE('',*,*,#4640,.T.);
#6372=ORIENTED_EDGE('',*,*,#4287,.T.);
#6373=ORIENTED_EDGE('',*,*,#4284,.T.);
#6374=ORIENTED_EDGE('',*,*,#4281,.T.);
#6375=ORIENTED_EDGE('',*,*,#4641,.T.);
#6376=ORIENTED_EDGE('',*,*,#4190,.F.);
#6377=ORIENTED_EDGE('',*,*,#4604,.F.);
#6378=ORIENTED_EDGE('',*,*,#4642,.T.);
#6379=ORIENTED_EDGE('',*,*,#4643,.T.);
#6380=ORIENTED_EDGE('',*,*,#4642,.F.);
#6381=ORIENTED_EDGE('',*,*,#4603,.F.);
#6382=ORIENTED_EDGE('',*,*,#4644,.T.);
#6383=ORIENTED_EDGE('',*,*,#4645,.T.);
#6384=ORIENTED_EDGE('',*,*,#4644,.F.);
#6385=ORIENTED_EDGE('',*,*,#4608,.F.);
#6386=ORIENTED_EDGE('',*,*,#4646,.T.);
#6387=ORIENTED_EDGE('',*,*,#4647,.T.);
#6388=ORIENTED_EDGE('',*,*,#4646,.F.);
#6389=ORIENTED_EDGE('',*,*,#4607,.F.);
#6390=ORIENTED_EDGE('',*,*,#4648,.T.);
#6391=ORIENTED_EDGE('',*,*,#4649,.T.);
#6392=ORIENTED_EDGE('',*,*,#4648,.F.);
#6393=ORIENTED_EDGE('',*,*,#4606,.F.);
#6394=ORIENTED_EDGE('',*,*,#4650,.T.);
#6395=ORIENTED_EDGE('',*,*,#4651,.T.);
#6396=ORIENTED_EDGE('',*,*,#4650,.F.);
#6397=ORIENTED_EDGE('',*,*,#4605,.F.);
#6398=ORIENTED_EDGE('',*,*,#4170,.T.);
#6399=ORIENTED_EDGE('',*,*,#4652,.T.);
#6400=ORIENTED_EDGE('',*,*,#4168,.F.);
#6401=ORIENTED_EDGE('',*,*,#4448,.F.);
#6402=ORIENTED_EDGE('',*,*,#4653,.T.);
#6403=ORIENTED_EDGE('',*,*,#4654,.T.);
#6404=ORIENTED_EDGE('',*,*,#4653,.F.);
#6405=ORIENTED_EDGE('',*,*,#4447,.F.);
#6406=ORIENTED_EDGE('',*,*,#4655,.T.);
#6407=ORIENTED_EDGE('',*,*,#4656,.T.);
#6408=ORIENTED_EDGE('',*,*,#4655,.F.);
#6409=ORIENTED_EDGE('',*,*,#4450,.F.);
#6410=ORIENTED_EDGE('',*,*,#4657,.T.);
#6411=ORIENTED_EDGE('',*,*,#4658,.T.);
#6412=ORIENTED_EDGE('',*,*,#4657,.F.);
#6413=ORIENTED_EDGE('',*,*,#4449,.F.);
#6414=ORIENTED_EDGE('',*,*,#4154,.T.);
#6415=ORIENTED_EDGE('',*,*,#4641,.F.);
#6416=ORIENTED_EDGE('',*,*,#4643,.F.);
#6417=ORIENTED_EDGE('',*,*,#4645,.F.);
#6418=ORIENTED_EDGE('',*,*,#4647,.F.);
#6419=ORIENTED_EDGE('',*,*,#4649,.F.);
#6420=ORIENTED_EDGE('',*,*,#4651,.F.);
#6421=ORIENTED_EDGE('',*,*,#4169,.F.);
#6422=ORIENTED_EDGE('',*,*,#4173,.F.);
#6423=ORIENTED_EDGE('',*,*,#4176,.F.);
#6424=ORIENTED_EDGE('',*,*,#4179,.F.);
#6425=ORIENTED_EDGE('',*,*,#4182,.F.);
#6426=ORIENTED_EDGE('',*,*,#4185,.F.);
#6427=ORIENTED_EDGE('',*,*,#4188,.F.);
#6428=ORIENTED_EDGE('',*,*,#4652,.F.);
#6429=ORIENTED_EDGE('',*,*,#4654,.F.);
#6430=ORIENTED_EDGE('',*,*,#4656,.F.);
#6431=ORIENTED_EDGE('',*,*,#4658,.F.);
#6432=ORIENTED_EDGE('',*,*,#4153,.F.);
#6433=ORIENTED_EDGE('',*,*,#4157,.F.);
#6434=ORIENTED_EDGE('',*,*,#4160,.F.);
#6435=ORIENTED_EDGE('',*,*,#4163,.F.);
#6436=ORIENTED_EDGE('',*,*,#4166,.F.);
#6437=ORIENTED_EDGE('',*,*,#4659,.T.);
#6438=ORIENTED_EDGE('',*,*,#4222,.F.);
#6439=ORIENTED_EDGE('',*,*,#4599,.F.);
#6440=ORIENTED_EDGE('',*,*,#4660,.T.);
#6441=ORIENTED_EDGE('',*,*,#4661,.T.);
#6442=ORIENTED_EDGE('',*,*,#4660,.F.);
#6443=ORIENTED_EDGE('',*,*,#4598,.F.);
#6444=ORIENTED_EDGE('',*,*,#4662,.T.);
#6445=ORIENTED_EDGE('',*,*,#4663,.T.);
#6446=ORIENTED_EDGE('',*,*,#4662,.F.);
#6447=ORIENTED_EDGE('',*,*,#4602,.F.);
#6448=ORIENTED_EDGE('',*,*,#4664,.T.);
#6449=ORIENTED_EDGE('',*,*,#4665,.T.);
#6450=ORIENTED_EDGE('',*,*,#4664,.F.);
#6451=ORIENTED_EDGE('',*,*,#4601,.F.);
#6452=ORIENTED_EDGE('',*,*,#4666,.T.);
#6453=ORIENTED_EDGE('',*,*,#4667,.T.);
#6454=ORIENTED_EDGE('',*,*,#4666,.F.);
#6455=ORIENTED_EDGE('',*,*,#4600,.F.);
#6456=ORIENTED_EDGE('',*,*,#4205,.T.);
#6457=ORIENTED_EDGE('',*,*,#4668,.T.);
#6458=ORIENTED_EDGE('',*,*,#4203,.F.);
#6459=ORIENTED_EDGE('',*,*,#4438,.F.);
#6460=ORIENTED_EDGE('',*,*,#4669,.T.);
#6461=ORIENTED_EDGE('',*,*,#4670,.T.);
#6462=ORIENTED_EDGE('',*,*,#4669,.F.);
#6463=ORIENTED_EDGE('',*,*,#4437,.F.);
#6464=ORIENTED_EDGE('',*,*,#4671,.T.);
#6465=ORIENTED_EDGE('',*,*,#4672,.T.);
#6466=ORIENTED_EDGE('',*,*,#4671,.F.);
#6467=ORIENTED_EDGE('',*,*,#4440,.F.);
#6468=ORIENTED_EDGE('',*,*,#4673,.T.);
#6469=ORIENTED_EDGE('',*,*,#4674,.T.);
#6470=ORIENTED_EDGE('',*,*,#4673,.F.);
#6471=ORIENTED_EDGE('',*,*,#4439,.F.);
#6472=ORIENTED_EDGE('',*,*,#4192,.T.);
#6473=ORIENTED_EDGE('',*,*,#4659,.F.);
#6474=ORIENTED_EDGE('',*,*,#4661,.F.);
#6475=ORIENTED_EDGE('',*,*,#4663,.F.);
#6476=ORIENTED_EDGE('',*,*,#4665,.F.);
#6477=ORIENTED_EDGE('',*,*,#4667,.F.);
#6478=ORIENTED_EDGE('',*,*,#4204,.F.);
#6479=ORIENTED_EDGE('',*,*,#4208,.F.);
#6480=ORIENTED_EDGE('',*,*,#4211,.F.);
#6481=ORIENTED_EDGE('',*,*,#4214,.F.);
#6482=ORIENTED_EDGE('',*,*,#4217,.F.);
#6483=ORIENTED_EDGE('',*,*,#4220,.F.);
#6484=ORIENTED_EDGE('',*,*,#4668,.F.);
#6485=ORIENTED_EDGE('',*,*,#4670,.F.);
#6486=ORIENTED_EDGE('',*,*,#4672,.F.);
#6487=ORIENTED_EDGE('',*,*,#4674,.F.);
#6488=ORIENTED_EDGE('',*,*,#4191,.F.);
#6489=ORIENTED_EDGE('',*,*,#4195,.F.);
#6490=ORIENTED_EDGE('',*,*,#4198,.F.);
#6491=ORIENTED_EDGE('',*,*,#4201,.F.);
#6492=ORIENTED_EDGE('',*,*,#4675,.T.);
#6493=ORIENTED_EDGE('',*,*,#4268,.F.);
#6494=ORIENTED_EDGE('',*,*,#4614,.F.);
#6495=ORIENTED_EDGE('',*,*,#4676,.T.);
#6496=ORIENTED_EDGE('',*,*,#4677,.T.);
#6497=ORIENTED_EDGE('',*,*,#4676,.F.);
#6498=ORIENTED_EDGE('',*,*,#4613,.F.);
#6499=ORIENTED_EDGE('',*,*,#4678,.T.);
#6500=ORIENTED_EDGE('',*,*,#4679,.T.);
#6501=ORIENTED_EDGE('',*,*,#4678,.F.);
#6502=ORIENTED_EDGE('',*,*,#4626,.F.);
#6503=ORIENTED_EDGE('',*,*,#4680,.T.);
#6504=ORIENTED_EDGE('',*,*,#4681,.T.);
#6505=ORIENTED_EDGE('',*,*,#4680,.F.);
#6506=ORIENTED_EDGE('',*,*,#4625,.F.);
#6507=ORIENTED_EDGE('',*,*,#4682,.T.);
#6508=ORIENTED_EDGE('',*,*,#4683,.T.);
#6509=ORIENTED_EDGE('',*,*,#4682,.F.);
#6510=ORIENTED_EDGE('',*,*,#4624,.F.);
#6511=ORIENTED_EDGE('',*,*,#4684,.T.);
#6512=ORIENTED_EDGE('',*,*,#4685,.T.);
#6513=ORIENTED_EDGE('',*,*,#4684,.F.);
#6514=ORIENTED_EDGE('',*,*,#4623,.F.);
#6515=ORIENTED_EDGE('',*,*,#4686,.T.);
#6516=ORIENTED_EDGE('',*,*,#4687,.T.);
#6517=ORIENTED_EDGE('',*,*,#4686,.F.);
#6518=ORIENTED_EDGE('',*,*,#4622,.F.);
#6519=ORIENTED_EDGE('',*,*,#4688,.T.);
#6520=ORIENTED_EDGE('',*,*,#4689,.T.);
#6521=ORIENTED_EDGE('',*,*,#4688,.F.);
#6522=ORIENTED_EDGE('',*,*,#4621,.F.);
#6523=ORIENTED_EDGE('',*,*,#4690,.T.);
#6524=ORIENTED_EDGE('',*,*,#4691,.T.);
#6525=ORIENTED_EDGE('',*,*,#4690,.F.);
#6526=ORIENTED_EDGE('',*,*,#4620,.F.);
#6527=ORIENTED_EDGE('',*,*,#4692,.T.);
#6528=ORIENTED_EDGE('',*,*,#4693,.T.);
#6529=ORIENTED_EDGE('',*,*,#4692,.F.);
#6530=ORIENTED_EDGE('',*,*,#4619,.F.);
#6531=ORIENTED_EDGE('',*,*,#4694,.T.);
#6532=ORIENTED_EDGE('',*,*,#4695,.T.);
#6533=ORIENTED_EDGE('',*,*,#4694,.F.);
#6534=ORIENTED_EDGE('',*,*,#4618,.F.);
#6535=ORIENTED_EDGE('',*,*,#4696,.T.);
#6536=ORIENTED_EDGE('',*,*,#4697,.T.);
#6537=ORIENTED_EDGE('',*,*,#4696,.F.);
#6538=ORIENTED_EDGE('',*,*,#4617,.F.);
#6539=ORIENTED_EDGE('',*,*,#4698,.T.);
#6540=ORIENTED_EDGE('',*,*,#4699,.T.);
#6541=ORIENTED_EDGE('',*,*,#4698,.F.);
#6542=ORIENTED_EDGE('',*,*,#4616,.F.);
#6543=ORIENTED_EDGE('',*,*,#4700,.T.);
#6544=ORIENTED_EDGE('',*,*,#4701,.T.);
#6545=ORIENTED_EDGE('',*,*,#4700,.F.);
#6546=ORIENTED_EDGE('',*,*,#4615,.F.);
#6547=ORIENTED_EDGE('',*,*,#4224,.T.);
#6548=ORIENTED_EDGE('',*,*,#4675,.F.);
#6549=ORIENTED_EDGE('',*,*,#4677,.F.);
#6550=ORIENTED_EDGE('',*,*,#4679,.F.);
#6551=ORIENTED_EDGE('',*,*,#4681,.F.);
#6552=ORIENTED_EDGE('',*,*,#4683,.F.);
#6553=ORIENTED_EDGE('',*,*,#4685,.F.);
#6554=ORIENTED_EDGE('',*,*,#4687,.F.);
#6555=ORIENTED_EDGE('',*,*,#4689,.F.);
#6556=ORIENTED_EDGE('',*,*,#4691,.F.);
#6557=ORIENTED_EDGE('',*,*,#4693,.F.);
#6558=ORIENTED_EDGE('',*,*,#4695,.F.);
#6559=ORIENTED_EDGE('',*,*,#4697,.F.);
#6560=ORIENTED_EDGE('',*,*,#4699,.F.);
#6561=ORIENTED_EDGE('',*,*,#4701,.F.);
#6562=ORIENTED_EDGE('',*,*,#4223,.F.);
#6563=ORIENTED_EDGE('',*,*,#4227,.F.);
#6564=ORIENTED_EDGE('',*,*,#4230,.F.);
#6565=ORIENTED_EDGE('',*,*,#4233,.F.);
#6566=ORIENTED_EDGE('',*,*,#4236,.F.);
#6567=ORIENTED_EDGE('',*,*,#4239,.F.);
#6568=ORIENTED_EDGE('',*,*,#4242,.F.);
#6569=ORIENTED_EDGE('',*,*,#4245,.F.);
#6570=ORIENTED_EDGE('',*,*,#4248,.F.);
#6571=ORIENTED_EDGE('',*,*,#4251,.F.);
#6572=ORIENTED_EDGE('',*,*,#4254,.F.);
#6573=ORIENTED_EDGE('',*,*,#4257,.F.);
#6574=ORIENTED_EDGE('',*,*,#4260,.F.);
#6575=ORIENTED_EDGE('',*,*,#4263,.F.);
#6576=ORIENTED_EDGE('',*,*,#4266,.F.);
#6577=ORIENTED_EDGE('',*,*,#4702,.T.);
#6578=ORIENTED_EDGE('',*,*,#4288,.F.);
#6579=ORIENTED_EDGE('',*,*,#4640,.F.);
#6580=ORIENTED_EDGE('',*,*,#4703,.T.);
#6581=ORIENTED_EDGE('',*,*,#4704,.T.);
#6582=ORIENTED_EDGE('',*,*,#4703,.F.);
#6583=ORIENTED_EDGE('',*,*,#4639,.F.);
#6584=ORIENTED_EDGE('',*,*,#4705,.T.);
#6585=ORIENTED_EDGE('',*,*,#4706,.T.);
#6586=ORIENTED_EDGE('',*,*,#4705,.F.);
#6587=ORIENTED_EDGE('',*,*,#4638,.F.);
#6588=ORIENTED_EDGE('',*,*,#4707,.T.);
#6589=ORIENTED_EDGE('',*,*,#4708,.T.);
#6590=ORIENTED_EDGE('',*,*,#4707,.F.);
#6591=ORIENTED_EDGE('',*,*,#4637,.F.);
#6592=ORIENTED_EDGE('',*,*,#4277,.T.);
#6593=ORIENTED_EDGE('',*,*,#4709,.T.);
#6594=ORIENTED_EDGE('',*,*,#4275,.F.);
#6595=ORIENTED_EDGE('',*,*,#4436,.F.);
#6596=ORIENTED_EDGE('',*,*,#4270,.T.);
#6597=ORIENTED_EDGE('',*,*,#4702,.F.);
#6598=ORIENTED_EDGE('',*,*,#4704,.F.);
#6599=ORIENTED_EDGE('',*,*,#4706,.F.);
#6600=ORIENTED_EDGE('',*,*,#4708,.F.);
#6601=ORIENTED_EDGE('',*,*,#4276,.F.);
#6602=ORIENTED_EDGE('',*,*,#4280,.F.);
#6603=ORIENTED_EDGE('',*,*,#4283,.F.);
#6604=ORIENTED_EDGE('',*,*,#4286,.F.);
#6605=ORIENTED_EDGE('',*,*,#4709,.F.);
#6606=ORIENTED_EDGE('',*,*,#4269,.F.);
#6607=ORIENTED_EDGE('',*,*,#4273,.F.);
#6608=ORIENTED_EDGE('',*,*,#4710,.T.);
#6609=ORIENTED_EDGE('',*,*,#4382,.F.);
#6610=ORIENTED_EDGE('',*,*,#4586,.F.);
#6611=ORIENTED_EDGE('',*,*,#4711,.T.);
#6612=ORIENTED_EDGE('',*,*,#4712,.T.);
#6613=ORIENTED_EDGE('',*,*,#4711,.F.);
#6614=ORIENTED_EDGE('',*,*,#4585,.F.);
#6615=ORIENTED_EDGE('',*,*,#4713,.T.);
#6616=ORIENTED_EDGE('',*,*,#4714,.T.);
#6617=ORIENTED_EDGE('',*,*,#4713,.F.);
#6618=ORIENTED_EDGE('',*,*,#4597,.F.);
#6619=ORIENTED_EDGE('',*,*,#4715,.T.);
#6620=ORIENTED_EDGE('',*,*,#4716,.T.);
#6621=ORIENTED_EDGE('',*,*,#4715,.F.);
#6622=ORIENTED_EDGE('',*,*,#4596,.F.);
#6623=ORIENTED_EDGE('',*,*,#4717,.T.);
#6624=ORIENTED_EDGE('',*,*,#4718,.T.);
#6625=ORIENTED_EDGE('',*,*,#4717,.F.);
#6626=ORIENTED_EDGE('',*,*,#4595,.F.);
#6627=ORIENTED_EDGE('',*,*,#4719,.T.);
#6628=ORIENTED_EDGE('',*,*,#4720,.T.);
#6629=ORIENTED_EDGE('',*,*,#4719,.F.);
#6630=ORIENTED_EDGE('',*,*,#4594,.F.);
#6631=ORIENTED_EDGE('',*,*,#4721,.T.);
#6632=ORIENTED_EDGE('',*,*,#4722,.T.);
#6633=ORIENTED_EDGE('',*,*,#4721,.F.);
#6634=ORIENTED_EDGE('',*,*,#4593,.F.);
#6635=ORIENTED_EDGE('',*,*,#4723,.T.);
#6636=ORIENTED_EDGE('',*,*,#4724,.T.);
#6637=ORIENTED_EDGE('',*,*,#4723,.F.);
#6638=ORIENTED_EDGE('',*,*,#4592,.F.);
#6639=ORIENTED_EDGE('',*,*,#4725,.T.);
#6640=ORIENTED_EDGE('',*,*,#4726,.T.);
#6641=ORIENTED_EDGE('',*,*,#4725,.F.);
#6642=ORIENTED_EDGE('',*,*,#4591,.F.);
#6643=ORIENTED_EDGE('',*,*,#4727,.T.);
#6644=ORIENTED_EDGE('',*,*,#4728,.T.);
#6645=ORIENTED_EDGE('',*,*,#4727,.F.);
#6646=ORIENTED_EDGE('',*,*,#4590,.F.);
#6647=ORIENTED_EDGE('',*,*,#4729,.T.);
#6648=ORIENTED_EDGE('',*,*,#4730,.T.);
#6649=ORIENTED_EDGE('',*,*,#4729,.F.);
#6650=ORIENTED_EDGE('',*,*,#4589,.F.);
#6651=ORIENTED_EDGE('',*,*,#4731,.T.);
#6652=ORIENTED_EDGE('',*,*,#4732,.T.);
#6653=ORIENTED_EDGE('',*,*,#4731,.F.);
#6654=ORIENTED_EDGE('',*,*,#4588,.F.);
#6655=ORIENTED_EDGE('',*,*,#4733,.T.);
#6656=ORIENTED_EDGE('',*,*,#4734,.T.);
#6657=ORIENTED_EDGE('',*,*,#4733,.F.);
#6658=ORIENTED_EDGE('',*,*,#4587,.F.);
#6659=ORIENTED_EDGE('',*,*,#4344,.T.);
#6660=ORIENTED_EDGE('',*,*,#4735,.T.);
#6661=ORIENTED_EDGE('',*,*,#4342,.F.);
#6662=ORIENTED_EDGE('',*,*,#4432,.F.);
#6663=ORIENTED_EDGE('',*,*,#4736,.T.);
#6664=ORIENTED_EDGE('',*,*,#4737,.T.);
#6665=ORIENTED_EDGE('',*,*,#4736,.F.);
#6666=ORIENTED_EDGE('',*,*,#4431,.F.);
#6667=ORIENTED_EDGE('',*,*,#4738,.T.);
#6668=ORIENTED_EDGE('',*,*,#4739,.T.);
#6669=ORIENTED_EDGE('',*,*,#4738,.F.);
#6670=ORIENTED_EDGE('',*,*,#4434,.F.);
#6671=ORIENTED_EDGE('',*,*,#4740,.T.);
#6672=ORIENTED_EDGE('',*,*,#4741,.T.);
#6673=ORIENTED_EDGE('',*,*,#4740,.F.);
#6674=ORIENTED_EDGE('',*,*,#4433,.F.);
#6675=ORIENTED_EDGE('',*,*,#4331,.T.);
#6676=ORIENTED_EDGE('',*,*,#4742,.T.);
#6677=ORIENTED_EDGE('',*,*,#4329,.F.);
#6678=ORIENTED_EDGE('',*,*,#4435,.F.);
#6679=ORIENTED_EDGE('',*,*,#4324,.T.);
#6680=ORIENTED_EDGE('',*,*,#4710,.F.);
#6681=ORIENTED_EDGE('',*,*,#4712,.F.);
#6682=ORIENTED_EDGE('',*,*,#4714,.F.);
#6683=ORIENTED_EDGE('',*,*,#4716,.F.);
#6684=ORIENTED_EDGE('',*,*,#4718,.F.);
#6685=ORIENTED_EDGE('',*,*,#4720,.F.);
#6686=ORIENTED_EDGE('',*,*,#4722,.F.);
#6687=ORIENTED_EDGE('',*,*,#4724,.F.);
#6688=ORIENTED_EDGE('',*,*,#4726,.F.);
#6689=ORIENTED_EDGE('',*,*,#4728,.F.);
#6690=ORIENTED_EDGE('',*,*,#4730,.F.);
#6691=ORIENTED_EDGE('',*,*,#4732,.F.);
#6692=ORIENTED_EDGE('',*,*,#4734,.F.);
#6693=ORIENTED_EDGE('',*,*,#4343,.F.);
#6694=ORIENTED_EDGE('',*,*,#4347,.F.);
#6695=ORIENTED_EDGE('',*,*,#4350,.F.);
#6696=ORIENTED_EDGE('',*,*,#4353,.F.);
#6697=ORIENTED_EDGE('',*,*,#4356,.F.);
#6698=ORIENTED_EDGE('',*,*,#4359,.F.);
#6699=ORIENTED_EDGE('',*,*,#4362,.F.);
#6700=ORIENTED_EDGE('',*,*,#4365,.F.);
#6701=ORIENTED_EDGE('',*,*,#4368,.F.);
#6702=ORIENTED_EDGE('',*,*,#4371,.F.);
#6703=ORIENTED_EDGE('',*,*,#4374,.F.);
#6704=ORIENTED_EDGE('',*,*,#4377,.F.);
#6705=ORIENTED_EDGE('',*,*,#4380,.F.);
#6706=ORIENTED_EDGE('',*,*,#4735,.F.);
#6707=ORIENTED_EDGE('',*,*,#4737,.F.);
#6708=ORIENTED_EDGE('',*,*,#4739,.F.);
#6709=ORIENTED_EDGE('',*,*,#4741,.F.);
#6710=ORIENTED_EDGE('',*,*,#4330,.F.);
#6711=ORIENTED_EDGE('',*,*,#4334,.F.);
#6712=ORIENTED_EDGE('',*,*,#4337,.F.);
#6713=ORIENTED_EDGE('',*,*,#4340,.F.);
#6714=ORIENTED_EDGE('',*,*,#4742,.F.);
#6715=ORIENTED_EDGE('',*,*,#4323,.F.);
#6716=ORIENTED_EDGE('',*,*,#4327,.F.);
#6717=ORIENTED_EDGE('',*,*,#4743,.T.);
#6718=ORIENTED_EDGE('',*,*,#4322,.F.);
#6719=ORIENTED_EDGE('',*,*,#4628,.F.);
#6720=ORIENTED_EDGE('',*,*,#4744,.T.);
#6721=ORIENTED_EDGE('',*,*,#4745,.T.);
#6722=ORIENTED_EDGE('',*,*,#4744,.F.);
#6723=ORIENTED_EDGE('',*,*,#4627,.F.);
#6724=ORIENTED_EDGE('',*,*,#4746,.T.);
#6725=ORIENTED_EDGE('',*,*,#4747,.T.);
#6726=ORIENTED_EDGE('',*,*,#4746,.F.);
#6727=ORIENTED_EDGE('',*,*,#4636,.F.);
#6728=ORIENTED_EDGE('',*,*,#4748,.T.);
#6729=ORIENTED_EDGE('',*,*,#4749,.T.);
#6730=ORIENTED_EDGE('',*,*,#4748,.F.);
#6731=ORIENTED_EDGE('',*,*,#4635,.F.);
#6732=ORIENTED_EDGE('',*,*,#4750,.T.);
#6733=ORIENTED_EDGE('',*,*,#4751,.T.);
#6734=ORIENTED_EDGE('',*,*,#4750,.F.);
#6735=ORIENTED_EDGE('',*,*,#4634,.F.);
#6736=ORIENTED_EDGE('',*,*,#4752,.T.);
#6737=ORIENTED_EDGE('',*,*,#4753,.T.);
#6738=ORIENTED_EDGE('',*,*,#4752,.F.);
#6739=ORIENTED_EDGE('',*,*,#4633,.F.);
#6740=ORIENTED_EDGE('',*,*,#4754,.T.);
#6741=ORIENTED_EDGE('',*,*,#4755,.T.);
#6742=ORIENTED_EDGE('',*,*,#4754,.F.);
#6743=ORIENTED_EDGE('',*,*,#4632,.F.);
#6744=ORIENTED_EDGE('',*,*,#4756,.T.);
#6745=ORIENTED_EDGE('',*,*,#4757,.T.);
#6746=ORIENTED_EDGE('',*,*,#4756,.F.);
#6747=ORIENTED_EDGE('',*,*,#4631,.F.);
#6748=ORIENTED_EDGE('',*,*,#4758,.T.);
#6749=ORIENTED_EDGE('',*,*,#4759,.T.);
#6750=ORIENTED_EDGE('',*,*,#4758,.F.);
#6751=ORIENTED_EDGE('',*,*,#4630,.F.);
#6752=ORIENTED_EDGE('',*,*,#4760,.T.);
#6753=ORIENTED_EDGE('',*,*,#4761,.T.);
#6754=ORIENTED_EDGE('',*,*,#4760,.F.);
#6755=ORIENTED_EDGE('',*,*,#4629,.F.);
#6756=ORIENTED_EDGE('',*,*,#4290,.T.);
#6757=ORIENTED_EDGE('',*,*,#4743,.F.);
#6758=ORIENTED_EDGE('',*,*,#4745,.F.);
#6759=ORIENTED_EDGE('',*,*,#4747,.F.);
#6760=ORIENTED_EDGE('',*,*,#4749,.F.);
#6761=ORIENTED_EDGE('',*,*,#4751,.F.);
#6762=ORIENTED_EDGE('',*,*,#4753,.F.);
#6763=ORIENTED_EDGE('',*,*,#4755,.F.);
#6764=ORIENTED_EDGE('',*,*,#4757,.F.);
#6765=ORIENTED_EDGE('',*,*,#4759,.F.);
#6766=ORIENTED_EDGE('',*,*,#4761,.F.);
#6767=ORIENTED_EDGE('',*,*,#4289,.F.);
#6768=ORIENTED_EDGE('',*,*,#4293,.F.);
#6769=ORIENTED_EDGE('',*,*,#4296,.F.);
#6770=ORIENTED_EDGE('',*,*,#4299,.F.);
#6771=ORIENTED_EDGE('',*,*,#4302,.F.);
#6772=ORIENTED_EDGE('',*,*,#4305,.F.);
#6773=ORIENTED_EDGE('',*,*,#4308,.F.);
#6774=ORIENTED_EDGE('',*,*,#4311,.F.);
#6775=ORIENTED_EDGE('',*,*,#4314,.F.);
#6776=ORIENTED_EDGE('',*,*,#4317,.F.);
#6777=ORIENTED_EDGE('',*,*,#4320,.F.);
#6778=ORIENTED_EDGE('',*,*,#4762,.T.);
#6779=ORIENTED_EDGE('',*,*,#4389,.F.);
#6780=ORIENTED_EDGE('',*,*,#4584,.F.);
#6781=ORIENTED_EDGE('',*,*,#4763,.T.);
#6782=ORIENTED_EDGE('',*,*,#4764,.T.);
#6783=ORIENTED_EDGE('',*,*,#4763,.F.);
#6784=ORIENTED_EDGE('',*,*,#4583,.F.);
#6785=ORIENTED_EDGE('',*,*,#4384,.T.);
#6786=ORIENTED_EDGE('',*,*,#4762,.F.);
#6787=ORIENTED_EDGE('',*,*,#4764,.F.);
#6788=ORIENTED_EDGE('',*,*,#4383,.F.);
#6789=ORIENTED_EDGE('',*,*,#4387,.F.);
#6790=ORIENTED_EDGE('',*,*,#4765,.T.);
#6791=ORIENTED_EDGE('',*,*,#4414,.F.);
#6792=ORIENTED_EDGE('',*,*,#4577,.F.);
#6793=ORIENTED_EDGE('',*,*,#4766,.T.);
#6794=ORIENTED_EDGE('',*,*,#4767,.T.);
#6795=ORIENTED_EDGE('',*,*,#4766,.F.);
#6796=ORIENTED_EDGE('',*,*,#4576,.F.);
#6797=ORIENTED_EDGE('',*,*,#4768,.T.);
#6798=ORIENTED_EDGE('',*,*,#4769,.T.);
#6799=ORIENTED_EDGE('',*,*,#4768,.F.);
#6800=ORIENTED_EDGE('',*,*,#4582,.F.);
#6801=ORIENTED_EDGE('',*,*,#4770,.T.);
#6802=ORIENTED_EDGE('',*,*,#4771,.T.);
#6803=ORIENTED_EDGE('',*,*,#4770,.F.);
#6804=ORIENTED_EDGE('',*,*,#4581,.F.);
#6805=ORIENTED_EDGE('',*,*,#4772,.T.);
#6806=ORIENTED_EDGE('',*,*,#4773,.T.);
#6807=ORIENTED_EDGE('',*,*,#4772,.F.);
#6808=ORIENTED_EDGE('',*,*,#4580,.F.);
#6809=ORIENTED_EDGE('',*,*,#4774,.T.);
#6810=ORIENTED_EDGE('',*,*,#4775,.T.);
#6811=ORIENTED_EDGE('',*,*,#4774,.F.);
#6812=ORIENTED_EDGE('',*,*,#4579,.F.);
#6813=ORIENTED_EDGE('',*,*,#4776,.T.);
#6814=ORIENTED_EDGE('',*,*,#4777,.T.);
#6815=ORIENTED_EDGE('',*,*,#4776,.F.);
#6816=ORIENTED_EDGE('',*,*,#4578,.F.);
#6817=ORIENTED_EDGE('',*,*,#4391,.T.);
#6818=ORIENTED_EDGE('',*,*,#4765,.F.);
#6819=ORIENTED_EDGE('',*,*,#4767,.F.);
#6820=ORIENTED_EDGE('',*,*,#4769,.F.);
#6821=ORIENTED_EDGE('',*,*,#4771,.F.);
#6822=ORIENTED_EDGE('',*,*,#4773,.F.);
#6823=ORIENTED_EDGE('',*,*,#4775,.F.);
#6824=ORIENTED_EDGE('',*,*,#4777,.F.);
#6825=ORIENTED_EDGE('',*,*,#4390,.F.);
#6826=ORIENTED_EDGE('',*,*,#4394,.F.);
#6827=ORIENTED_EDGE('',*,*,#4397,.F.);
#6828=ORIENTED_EDGE('',*,*,#4400,.F.);
#6829=ORIENTED_EDGE('',*,*,#4403,.F.);
#6830=ORIENTED_EDGE('',*,*,#4406,.F.);
#6831=ORIENTED_EDGE('',*,*,#4409,.F.);
#6832=ORIENTED_EDGE('',*,*,#4412,.F.);
#6833=ORIENTED_EDGE('',*,*,#4778,.T.);
#6834=ORIENTED_EDGE('',*,*,#4430,.F.);
#6835=ORIENTED_EDGE('',*,*,#4610,.F.);
#6836=ORIENTED_EDGE('',*,*,#4779,.T.);
#6837=ORIENTED_EDGE('',*,*,#4780,.T.);
#6838=ORIENTED_EDGE('',*,*,#4779,.F.);
#6839=ORIENTED_EDGE('',*,*,#4609,.F.);
#6840=ORIENTED_EDGE('',*,*,#4781,.T.);
#6841=ORIENTED_EDGE('',*,*,#4782,.T.);
#6842=ORIENTED_EDGE('',*,*,#4781,.F.);
#6843=ORIENTED_EDGE('',*,*,#4612,.F.);
#6844=ORIENTED_EDGE('',*,*,#4783,.T.);
#6845=ORIENTED_EDGE('',*,*,#4784,.T.);
#6846=ORIENTED_EDGE('',*,*,#4783,.F.);
#6847=ORIENTED_EDGE('',*,*,#4611,.F.);
#6848=ORIENTED_EDGE('',*,*,#4416,.T.);
#6849=ORIENTED_EDGE('',*,*,#4778,.F.);
#6850=ORIENTED_EDGE('',*,*,#4780,.F.);
#6851=ORIENTED_EDGE('',*,*,#4782,.F.);
#6852=ORIENTED_EDGE('',*,*,#4784,.F.);
#6853=ORIENTED_EDGE('',*,*,#4415,.F.);
#6854=ORIENTED_EDGE('',*,*,#4419,.F.);
#6855=ORIENTED_EDGE('',*,*,#4422,.F.);
#6856=ORIENTED_EDGE('',*,*,#4425,.F.);
#6857=ORIENTED_EDGE('',*,*,#4428,.F.);
#6858=ORIENTED_EDGE('',*,*,#3742,.F.);
#6859=ORIENTED_EDGE('',*,*,#4785,.T.);
#6860=ORIENTED_EDGE('',*,*,#4443,.F.);
#6861=ORIENTED_EDGE('',*,*,#4444,.T.);
#6862=ORIENTED_EDGE('',*,*,#3741,.F.);
#6863=ORIENTED_EDGE('',*,*,#4152,.F.);
#6864=ORIENTED_EDGE('',*,*,#4441,.F.);
#6865=ORIENTED_EDGE('',*,*,#4785,.F.);
#6866=ORIENTED_EDGE('',*,*,#4027,.T.);
#6867=ORIENTED_EDGE('',*,*,#4034,.T.);
#6868=ORIENTED_EDGE('',*,*,#4058,.F.);
#6869=ORIENTED_EDGE('',*,*,#4047,.T.);
#6870=ORIENTED_EDGE('',*,*,#4069,.T.);
#6871=ORIENTED_EDGE('',*,*,#4018,.F.);
#6872=ORIENTED_EDGE('',*,*,#4068,.T.);
#6873=ORIENTED_EDGE('',*,*,#3943,.F.);
#6874=ORIENTED_EDGE('',*,*,#4042,.T.);
#6875=ORIENTED_EDGE('',*,*,#4113,.T.);
#6876=ORIENTED_EDGE('',*,*,#4049,.T.);
#6877=ORIENTED_EDGE('',*,*,#4786,.F.);
#6878=ORIENTED_EDGE('',*,*,#4787,.F.);
#6879=ORIENTED_EDGE('',*,*,#4143,.T.);
#6880=ORIENTED_EDGE('',*,*,#4788,.F.);
#6881=ORIENTED_EDGE('',*,*,#4789,.T.);
#6882=ORIENTED_EDGE('',*,*,#4787,.T.);
#6883=ORIENTED_EDGE('',*,*,#4789,.F.);
#6884=ORIENTED_EDGE('',*,*,#4790,.F.);
#6885=ORIENTED_EDGE('',*,*,#4141,.T.);
#6886=ORIENTED_EDGE('',*,*,#4791,.F.);
#6887=ORIENTED_EDGE('',*,*,#4792,.T.);
#6888=ORIENTED_EDGE('',*,*,#4790,.T.);
#6889=ORIENTED_EDGE('',*,*,#4792,.F.);
#6890=ORIENTED_EDGE('',*,*,#4793,.F.);
#6891=ORIENTED_EDGE('',*,*,#4794,.F.);
#6892=ORIENTED_EDGE('',*,*,#4795,.T.);
#6893=ORIENTED_EDGE('',*,*,#4793,.T.);
#6894=ORIENTED_EDGE('',*,*,#4795,.F.);
#6895=ORIENTED_EDGE('',*,*,#4796,.F.);
#6896=ORIENTED_EDGE('',*,*,#4797,.F.);
#6897=ORIENTED_EDGE('',*,*,#4798,.T.);
#6898=ORIENTED_EDGE('',*,*,#4796,.T.);
#6899=ORIENTED_EDGE('',*,*,#4798,.F.);
#6900=ORIENTED_EDGE('',*,*,#3733,.F.);
#6901=ORIENTED_EDGE('',*,*,#4538,.F.);
#6902=ORIENTED_EDGE('',*,*,#4540,.F.);
#6903=ORIENTED_EDGE('',*,*,#4543,.F.);
#6904=ORIENTED_EDGE('',*,*,#4546,.F.);
#6905=ORIENTED_EDGE('',*,*,#4799,.T.);
#6906=ORIENTED_EDGE('',*,*,#4788,.T.);
#6907=ORIENTED_EDGE('',*,*,#4791,.T.);
#6908=ORIENTED_EDGE('',*,*,#4794,.T.);
#6909=ORIENTED_EDGE('',*,*,#4797,.T.);
#6910=ORIENTED_EDGE('',*,*,#3734,.F.);
#6911=ORIENTED_EDGE('',*,*,#4799,.F.);
#6912=ORIENTED_EDGE('',*,*,#4545,.F.);
#6913=ORIENTED_EDGE('',*,*,#4055,.T.);
#6914=ORIENTED_EDGE('',*,*,#3736,.F.);
#6915=ORIENTED_EDGE('',*,*,#4057,.F.);
#6916=ORIENTED_EDGE('',*,*,#4534,.F.);
#6917=ORIENTED_EDGE('',*,*,#4800,.T.);
#6918=ORIENTED_EDGE('',*,*,#3737,.F.);
#6919=ORIENTED_EDGE('',*,*,#4800,.F.);
#6920=ORIENTED_EDGE('',*,*,#4536,.F.);
#6921=ORIENTED_EDGE('',*,*,#4533,.F.);
#6922=ORIENTED_EDGE('',*,*,#4530,.F.);
#6923=ORIENTED_EDGE('',*,*,#4801,.T.);
#6924=ORIENTED_EDGE('',*,*,#4508,.F.);
#6925=ORIENTED_EDGE('',*,*,#4452,.F.);
#6926=ORIENTED_EDGE('',*,*,#4524,.F.);
#6927=ORIENTED_EDGE('',*,*,#4523,.F.);
#6928=ORIENTED_EDGE('',*,*,#4522,.F.);
#6929=ORIENTED_EDGE('',*,*,#4521,.F.);
#6930=ORIENTED_EDGE('',*,*,#4520,.F.);
#6931=ORIENTED_EDGE('',*,*,#4519,.F.);
#6932=ORIENTED_EDGE('',*,*,#4480,.F.);
#6933=ORIENTED_EDGE('',*,*,#4136,.F.);
#6934=ORIENTED_EDGE('',*,*,#4139,.F.);
#6935=ORIENTED_EDGE('',*,*,#4505,.F.);
#6936=ORIENTED_EDGE('',*,*,#4506,.F.);
#6937=ORIENTED_EDGE('',*,*,#4507,.F.);
#6938=ORIENTED_EDGE('',*,*,#4130,.F.);
#6939=ORIENTED_EDGE('',*,*,#4456,.F.);
#6940=ORIENTED_EDGE('',*,*,#4518,.F.);
#6941=ORIENTED_EDGE('',*,*,#4517,.F.);
#6942=ORIENTED_EDGE('',*,*,#4516,.F.);
#6943=ORIENTED_EDGE('',*,*,#4515,.F.);
#6944=ORIENTED_EDGE('',*,*,#4514,.F.);
#6945=ORIENTED_EDGE('',*,*,#4511,.F.);
#6946=ORIENTED_EDGE('',*,*,#4458,.F.);
#6947=ORIENTED_EDGE('',*,*,#4500,.F.);
#6948=ORIENTED_EDGE('',*,*,#4503,.F.);
#6949=ORIENTED_EDGE('',*,*,#4504,.F.);
#6950=ORIENTED_EDGE('',*,*,#4124,.F.);
#6951=ORIENTED_EDGE('',*,*,#4127,.F.);
#6952=ORIENTED_EDGE('',*,*,#3738,.F.);
#6953=ORIENTED_EDGE('',*,*,#4801,.F.);
#6954=ORIENTED_EDGE('',*,*,#4529,.T.);
#6955=ORIENTED_EDGE('',*,*,#4571,.T.);
#6956=ORIENTED_EDGE('',*,*,#4802,.T.);
#6957=ORIENTED_EDGE('',*,*,#4803,.T.);
#6958=ORIENTED_EDGE('',*,*,#4804,.T.);
#6959=ORIENTED_EDGE('',*,*,#4805,.T.);
#6960=ORIENTED_EDGE('',*,*,#4806,.F.);
#6961=ORIENTED_EDGE('',*,*,#4807,.T.);
#6962=ORIENTED_EDGE('',*,*,#4808,.T.);
#6963=ORIENTED_EDGE('',*,*,#4803,.F.);
#6964=ORIENTED_EDGE('',*,*,#4809,.F.);
#6965=ORIENTED_EDGE('',*,*,#4805,.F.);
#6966=ORIENTED_EDGE('',*,*,#4810,.T.);
#6967=ORIENTED_EDGE('',*,*,#4006,.F.);
#6968=ORIENTED_EDGE('',*,*,#4811,.T.);
#6969=ORIENTED_EDGE('',*,*,#4004,.F.);
#6970=ORIENTED_EDGE('',*,*,#4812,.F.);
#6971=ORIENTED_EDGE('',*,*,#4813,.F.);
#6972=ORIENTED_EDGE('',*,*,#4814,.T.);
#6973=ORIENTED_EDGE('',*,*,#4813,.T.);
#6974=ORIENTED_EDGE('',*,*,#4815,.F.);
#6975=ORIENTED_EDGE('',*,*,#4816,.F.);
#6976=ORIENTED_EDGE('',*,*,#4817,.T.);
#6977=ORIENTED_EDGE('',*,*,#4816,.T.);
#6978=ORIENTED_EDGE('',*,*,#4818,.F.);
#6979=ORIENTED_EDGE('',*,*,#4819,.F.);
#6980=ORIENTED_EDGE('',*,*,#4820,.T.);
#6981=ORIENTED_EDGE('',*,*,#4819,.T.);
#6982=ORIENTED_EDGE('',*,*,#4821,.F.);
#6983=ORIENTED_EDGE('',*,*,#4807,.F.);
#6984=ORIENTED_EDGE('',*,*,#4821,.T.);
#6985=ORIENTED_EDGE('',*,*,#4818,.T.);
#6986=ORIENTED_EDGE('',*,*,#4815,.T.);
#6987=ORIENTED_EDGE('',*,*,#4812,.T.);
#6988=ORIENTED_EDGE('',*,*,#4007,.F.);
#6989=ORIENTED_EDGE('',*,*,#4810,.F.);
#6990=ORIENTED_EDGE('',*,*,#4804,.F.);
#6991=ORIENTED_EDGE('',*,*,#4808,.F.);
#6992=ORIENTED_EDGE('',*,*,#4822,.T.);
#6993=ORIENTED_EDGE('',*,*,#4823,.T.);
#6994=ORIENTED_EDGE('',*,*,#4820,.F.);
#6995=ORIENTED_EDGE('',*,*,#4806,.T.);
#6996=ORIENTED_EDGE('',*,*,#4802,.F.);
#6997=ORIENTED_EDGE('',*,*,#4809,.T.);
#6998=ORIENTED_EDGE('',*,*,#4005,.F.);
#6999=ORIENTED_EDGE('',*,*,#4811,.F.);
#7000=ORIENTED_EDGE('',*,*,#4814,.F.);
#7001=ORIENTED_EDGE('',*,*,#4817,.F.);
#7002=ORIENTED_EDGE('',*,*,#4824,.T.);
#7003=ORIENTED_EDGE('',*,*,#4825,.T.);
#7004=ORIENTED_EDGE('',*,*,#4147,.T.);
#7005=ORIENTED_EDGE('',*,*,#4149,.T.);
#7006=ORIENTED_EDGE('',*,*,#3981,.T.);
#7007=ORIENTED_EDGE('',*,*,#3984,.T.);
#7008=ORIENTED_EDGE('',*,*,#3992,.F.);
#7009=ORIENTED_EDGE('',*,*,#3986,.F.);
#7010=ORIENTED_EDGE('',*,*,#3906,.F.);
#7011=ORIENTED_EDGE('',*,*,#4148,.T.);
#7012=ORIENTED_EDGE('',*,*,#3751,.T.);
#7013=ORIENTED_EDGE('',*,*,#4002,.T.);
#7014=ORIENTED_EDGE('',*,*,#4826,.T.);
#7015=ORIENTED_EDGE('',*,*,#4008,.T.);
#7016=ORIENTED_EDGE('',*,*,#3998,.T.);
#7017=ORIENTED_EDGE('',*,*,#4827,.F.);
#7018=ORIENTED_EDGE('',*,*,#4009,.F.);
#7019=ORIENTED_EDGE('',*,*,#4826,.F.);
#7020=ORIENTED_EDGE('',*,*,#4001,.F.);
#7021=ORIENTED_EDGE('',*,*,#3969,.T.);
#7022=ORIENTED_EDGE('',*,*,#3972,.T.);
#7023=ORIENTED_EDGE('',*,*,#4003,.F.);
#7024=ORIENTED_EDGE('',*,*,#3976,.T.);
#7025=ORIENTED_EDGE('',*,*,#4828,.T.);
#7026=ORIENTED_EDGE('',*,*,#4572,.F.);
#7027=ORIENTED_EDGE('',*,*,#4829,.T.);
#7028=ORIENTED_EDGE('',*,*,#4830,.F.);
#7029=ORIENTED_EDGE('',*,*,#4829,.F.);
#7030=ORIENTED_EDGE('',*,*,#4575,.T.);
#7031=ORIENTED_EDGE('',*,*,#4831,.F.);
#7032=ORIENTED_EDGE('',*,*,#4832,.T.);
#7033=ORIENTED_EDGE('',*,*,#4833,.T.);
#7034=ORIENTED_EDGE('',*,*,#4834,.F.);
#7035=ORIENTED_EDGE('',*,*,#4831,.T.);
#7036=ORIENTED_EDGE('',*,*,#4574,.T.);
#7037=ORIENTED_EDGE('',*,*,#4833,.F.);
#7038=ORIENTED_EDGE('',*,*,#4573,.T.);
#7039=ORIENTED_EDGE('',*,*,#4828,.F.);
#7040=ORIENTED_EDGE('',*,*,#4835,.T.);
#7041=ORIENTED_EDGE('',*,*,#3996,.T.);
#7042=ORIENTED_EDGE('',*,*,#4010,.T.);
#7043=ORIENTED_EDGE('',*,*,#4827,.T.);
#7044=ORIENTED_EDGE('',*,*,#4000,.T.);
#7045=ORIENTED_EDGE('',*,*,#4835,.F.);
#7046=ORIENTED_EDGE('',*,*,#4830,.T.);
#7047=ORIENTED_EDGE('',*,*,#4832,.F.);
#7048=ORIENTED_EDGE('',*,*,#4834,.T.);
#7049=ORIENTED_EDGE('',*,*,#3958,.T.);
#7050=ORIENTED_EDGE('',*,*,#3964,.T.);
#7051=ORIENTED_EDGE('',*,*,#3965,.T.);
#7052=ORIENTED_EDGE('',*,*,#3954,.T.);
#7053=ORIENTED_EDGE('',*,*,#3952,.F.);
#7054=ORIENTED_EDGE('',*,*,#4836,.T.);
#7055=ORIENTED_EDGE('',*,*,#4836,.F.);
#7056=ORIENTED_EDGE('',*,*,#4837,.T.);
#7057=ORIENTED_EDGE('',*,*,#3962,.F.);
#7058=ORIENTED_EDGE('',*,*,#4837,.F.);
#7059=ORIENTED_EDGE('',*,*,#3973,.F.);
#7060=ORIENTED_EDGE('',*,*,#4838,.T.);
#7061=ORIENTED_EDGE('',*,*,#3978,.F.);
#7062=ORIENTED_EDGE('',*,*,#4838,.F.);
#7063=ORIENTED_EDGE('',*,*,#4823,.F.);
#7064=ORIENTED_EDGE('',*,*,#4839,.T.);
#7065=ORIENTED_EDGE('',*,*,#4825,.F.);
#7066=ORIENTED_EDGE('',*,*,#4839,.F.);
#7067=ORIENTED_EDGE('',*,*,#4822,.F.);
#7068=ORIENTED_EDGE('',*,*,#4840,.T.);
#7069=ORIENTED_EDGE('',*,*,#4824,.F.);
#7070=ORIENTED_EDGE('',*,*,#4840,.F.);
#7071=ORIENTED_EDGE('',*,*,#4841,.T.);
#7072=ORIENTED_EDGE('',*,*,#4842,.T.);
#7073=ORIENTED_EDGE('',*,*,#4843,.T.);
#7074=ORIENTED_EDGE('',*,*,#4844,.T.);
#7075=ORIENTED_EDGE('',*,*,#4043,.T.);
#7076=ORIENTED_EDGE('',*,*,#4786,.T.);
#7077=ORIENTED_EDGE('',*,*,#4054,.T.);
#7078=ORIENTED_EDGE('',*,*,#4046,.T.);
#7079=ORIENTED_EDGE('',*,*,#3941,.F.);
#7080=ORIENTED_EDGE('',*,*,#4845,.T.);
#7081=ORIENTED_EDGE('',*,*,#4841,.F.);
#7082=ORIENTED_EDGE('',*,*,#4846,.F.);
#7083=ORIENTED_EDGE('',*,*,#3940,.F.);
#7084=ORIENTED_EDGE('',*,*,#4847,.T.);
#7085=ORIENTED_EDGE('',*,*,#4842,.F.);
#7086=ORIENTED_EDGE('',*,*,#4845,.F.);
#7087=ORIENTED_EDGE('',*,*,#3939,.F.);
#7088=ORIENTED_EDGE('',*,*,#4848,.T.);
#7089=ORIENTED_EDGE('',*,*,#4843,.F.);
#7090=ORIENTED_EDGE('',*,*,#4847,.F.);
#7091=ORIENTED_EDGE('',*,*,#3938,.F.);
#7092=ORIENTED_EDGE('',*,*,#4846,.T.);
#7093=ORIENTED_EDGE('',*,*,#4844,.F.);
#7094=ORIENTED_EDGE('',*,*,#4848,.F.);
#7095=ORIENTED_EDGE('',*,*,#3932,.T.);
#7096=ORIENTED_EDGE('',*,*,#3929,.T.);
#7097=PLANE('',#7730);
#7098=PLANE('',#7735);
#7099=PLANE('',#7740);
#7100=PLANE('',#7741);
#7101=PLANE('',#7742);
#7102=PLANE('',#7743);
#7103=PLANE('',#7744);
#7104=PLANE('',#7745);
#7105=PLANE('',#7746);
#7106=PLANE('',#7747);
#7107=PLANE('',#7748);
#7108=PLANE('',#7749);
#7109=PLANE('',#7752);
#7110=PLANE('',#7755);
#7111=PLANE('',#7758);
#7112=PLANE('',#7761);
#7113=PLANE('',#7764);
#7114=PLANE('',#7767);
#7115=PLANE('',#7770);
#7116=PLANE('',#7773);
#7117=PLANE('',#7776);
#7118=PLANE('',#7779);
#7119=PLANE('',#7782);
#7120=PLANE('',#7785);
#7121=PLANE('',#7788);
#7122=PLANE('',#7789);
#7123=PLANE('',#7792);
#7124=PLANE('',#7794);
#7125=PLANE('',#7796);
#7126=PLANE('',#7798);
#7127=PLANE('',#7806);
#7128=PLANE('',#7810);
#7129=PLANE('',#7811);
#7130=PLANE('',#7812);
#7131=PLANE('',#7814);
#7132=PLANE('',#7815);
#7133=PLANE('',#7816);
#7134=PLANE('',#7817);
#7135=PLANE('',#7819);
#7136=PLANE('',#7820);
#7137=PLANE('',#7822);
#7138=PLANE('',#7823);
#7139=PLANE('',#7825);
#7140=PLANE('',#7830);
#7141=PLANE('',#7833);
#7142=PLANE('',#7834);
#7143=PLANE('',#7835);
#7144=PLANE('',#7836);
#7145=PLANE('',#7837);
#7146=PLANE('',#7838);
#7147=PLANE('',#7839);
#7148=PLANE('',#7840);
#7149=PLANE('',#7841);
#7150=PLANE('',#7842);
#7151=PLANE('',#7843);
#7152=PLANE('',#7844);
#7153=PLANE('',#7845);
#7154=PLANE('',#7846);
#7155=PLANE('',#7847);
#7156=PLANE('',#7848);
#7157=PLANE('',#7849);
#7158=PLANE('',#7850);
#7159=PLANE('',#7851);
#7160=PLANE('',#7852);
#7161=PLANE('',#7853);
#7162=PLANE('',#7854);
#7163=PLANE('',#7857);
#7164=PLANE('',#7858);
#7165=PLANE('',#7861);
#7166=PLANE('',#7862);
#7167=PLANE('',#7863);
#7168=PLANE('',#7866);
#7169=PLANE('',#7867);
#7170=PLANE('',#7870);
#7171=PLANE('',#7871);
#7172=PLANE('',#7873);
#7173=PLANE('',#7875);
#7174=PLANE('',#7876);
#7175=PLANE('',#7877);
#7176=PLANE('',#7878);
#7177=PLANE('',#7879);
#7178=PLANE('',#7880);
#7179=PLANE('',#7881);
#7180=PLANE('',#7882);
#7181=PLANE('',#7883);
#7182=PLANE('',#7884);
#7183=PLANE('',#7886);
#7184=PLANE('',#7891);
#7185=PLANE('',#7900);
#7186=PLANE('',#7901);
#7187=PLANE('',#7902);
#7188=PLANE('',#7903);
#7189=PLANE('',#7904);
#7190=PLANE('',#7905);
#7191=PLANE('',#7906);
#7192=PLANE('',#7907);
#7193=PLANE('',#7908);
#7194=PLANE('',#7909);
#7195=PLANE('',#7910);
#7196=PLANE('',#7911);
#7197=PLANE('',#7912);
#7198=PLANE('',#7913);
#7199=PLANE('',#7914);
#7200=PLANE('',#7915);
#7201=PLANE('',#7916);
#7202=PLANE('',#7917);
#7203=PLANE('',#7918);
#7204=PLANE('',#7919);
#7205=PLANE('',#7920);
#7206=PLANE('',#7921);
#7207=PLANE('',#7922);
#7208=PLANE('',#7923);
#7209=PLANE('',#7924);
#7210=PLANE('',#7925);
#7211=PLANE('',#7926);
#7212=PLANE('',#7927);
#7213=PLANE('',#7928);
#7214=PLANE('',#7929);
#7215=PLANE('',#7930);
#7216=PLANE('',#7931);
#7217=PLANE('',#7932);
#7218=PLANE('',#7933);
#7219=PLANE('',#7934);
#7220=PLANE('',#7935);
#7221=PLANE('',#7936);
#7222=PLANE('',#7937);
#7223=PLANE('',#7938);
#7224=PLANE('',#7939);
#7225=PLANE('',#7940);
#7226=PLANE('',#7941);
#7227=PLANE('',#7946);
#7228=PLANE('',#8006);
#7229=PLANE('',#8008);
#7230=PLANE('',#8009);
#7231=PLANE('',#8010);
#7232=PLANE('',#8011);
#7233=PLANE('',#8028);
#7234=PLANE('',#8029);
#7235=PLANE('',#8030);
#7236=PLANE('',#8031);
#7237=PLANE('',#8032);
#7238=PLANE('',#8033);
#7239=PLANE('',#8034);
#7240=PLANE('',#8035);
#7241=PLANE('',#8036);
#7242=PLANE('',#8037);
#7243=PLANE('',#8038);
#7244=PLANE('',#8039);
#7245=PLANE('',#8040);
#7246=PLANE('',#8041);
#7247=PLANE('',#8042);
#7248=PLANE('',#8043);
#7249=PLANE('',#8044);
#7250=PLANE('',#8045);
#7251=PLANE('',#8046);
#7252=PLANE('',#8047);
#7253=PLANE('',#8048);
#7254=PLANE('',#8049);
#7255=PLANE('',#8050);
#7256=PLANE('',#8051);
#7257=PLANE('',#8052);
#7258=PLANE('',#8053);
#7259=PLANE('',#8054);
#7260=PLANE('',#8055);
#7261=PLANE('',#8056);
#7262=PLANE('',#8057);
#7263=PLANE('',#8058);
#7264=PLANE('',#8059);
#7265=PLANE('',#8060);
#7266=PLANE('',#8061);
#7267=PLANE('',#8062);
#7268=PLANE('',#8063);
#7269=PLANE('',#8064);
#7270=PLANE('',#8065);
#7271=PLANE('',#8066);
#7272=PLANE('',#8067);
#7273=PLANE('',#8068);
#7274=PLANE('',#8069);
#7275=PLANE('',#8070);
#7276=PLANE('',#8071);
#7277=PLANE('',#8072);
#7278=PLANE('',#8073);
#7279=PLANE('',#8074);
#7280=PLANE('',#8075);
#7281=PLANE('',#8076);
#7282=PLANE('',#8077);
#7283=PLANE('',#8078);
#7284=PLANE('',#8082);
#7285=PLANE('',#8086);
#7286=PLANE('',#8090);
#7287=PLANE('',#8094);
#7288=PLANE('',#8097);
#7289=PLANE('',#8099);
#7290=PLANE('',#8100);
#7291=PLANE('',#8101);
#7292=PLANE('',#8102);
#7293=PLANE('',#8103);
#7294=PLANE('',#8104);
#7295=PLANE('',#8105);
#7296=PLANE('',#8106);
#7297=PLANE('',#8109);
#7298=PLANE('',#8112);
#7299=PLANE('',#8113);
#7300=PLANE('',#8114);
#7301=PLANE('',#8115);
#7302=PLANE('',#8116);
#7303=PLANE('',#8117);
#7304=PLANE('',#8118);
#7305=PLANE('',#8119);
#7306=PLANE('',#8120);
#7307=PLANE('',#8126);
#7308=PLANE('',#8127);
#7309=PLANE('',#8128);
#7310=PLANE('',#8129);
#7311=PLANE('',#8130);
#7312=PLANE('',#8131);
#7313=PLANE('',#8132);
#7314=ADVANCED_FACE('',(#540,#480,#481),#7097,.T.);
#7315=ADVANCED_FACE('',(#541,#482),#7098,.F.);
#7316=ADVANCED_FACE('',(#542),#7099,.F.);
#7317=ADVANCED_FACE('',(#543),#7100,.F.);
#7318=ADVANCED_FACE('',(#544),#7101,.F.);
#7319=ADVANCED_FACE('',(#545),#7102,.F.);
#7320=ADVANCED_FACE('',(#546),#7103,.F.);
#7321=ADVANCED_FACE('',(#547),#7104,.F.);
#7322=ADVANCED_FACE('',(#548),#7105,.F.);
#7323=ADVANCED_FACE('',(#549),#7106,.F.);
#7324=ADVANCED_FACE('',(#550),#7107,.F.);
#7325=ADVANCED_FACE('',(#551),#7108,.F.);
#7326=ADVANCED_FACE('',(#552),#7109,.F.);
#7327=ADVANCED_FACE('',(#553),#7110,.F.);
#7328=ADVANCED_FACE('',(#554),#7111,.F.);
#7329=ADVANCED_FACE('',(#555),#7112,.F.);
#7330=ADVANCED_FACE('',(#556),#7113,.F.);
#7331=ADVANCED_FACE('',(#557),#7114,.F.);
#7332=ADVANCED_FACE('',(#558),#7115,.F.);
#7333=ADVANCED_FACE('',(#559),#7116,.F.);
#7334=ADVANCED_FACE('',(#560),#7117,.F.);
#7335=ADVANCED_FACE('',(#561),#7118,.F.);
#7336=ADVANCED_FACE('',(#562),#7119,.F.);
#7337=ADVANCED_FACE('',(#563),#7120,.F.);
#7338=ADVANCED_FACE('',(#564,#483,#484),#7121,.T.);
#7339=ADVANCED_FACE('',(#565),#7122,.F.);
#7340=ADVANCED_FACE('',(#566),#7123,.T.);
#7341=ADVANCED_FACE('',(#567),#7124,.T.);
#7342=ADVANCED_FACE('',(#568),#7125,.T.);
#7343=ADVANCED_FACE('',(#569),#7126,.T.);
#7344=ADVANCED_FACE('',(#570),#411,.F.);
#7345=ADVANCED_FACE('',(#571),#412,.F.);
#7346=ADVANCED_FACE('',(#572,#485,#486,#487,#488,#489),#7127,.T.);
#7347=ADVANCED_FACE('',(#573),#413,.F.);
#7348=ADVANCED_FACE('',(#574),#7128,.T.);
#7349=ADVANCED_FACE('',(#575),#7129,.F.);
#7350=ADVANCED_FACE('',(#576,#490),#7130,.T.);
#7351=ADVANCED_FACE('',(#577),#7131,.F.);
#7352=ADVANCED_FACE('',(#578),#7132,.T.);
#7353=ADVANCED_FACE('',(#579),#7133,.F.);
#7354=ADVANCED_FACE('',(#580,#491),#7134,.F.);
#7355=ADVANCED_FACE('',(#581),#7135,.F.);
#7356=ADVANCED_FACE('',(#582,#492),#7136,.T.);
#7357=ADVANCED_FACE('',(#583),#7137,.T.);
#7358=ADVANCED_FACE('',(#584),#7138,.T.);
#7359=ADVANCED_FACE('',(#585,#493,#494,#495,#496),#7139,.T.);
#7360=ADVANCED_FACE('',(#586),#7140,.T.);
#7361=ADVANCED_FACE('',(#587),#7141,.T.);
#7362=ADVANCED_FACE('',(#588,#497,#498),#7142,.F.);
#7363=ADVANCED_FACE('',(#589),#7143,.T.);
#7364=ADVANCED_FACE('',(#590),#7144,.F.);
#7365=ADVANCED_FACE('',(#591,#499),#7145,.T.);
#7366=ADVANCED_FACE('',(#592),#7146,.F.);
#7367=ADVANCED_FACE('',(#593),#7147,.F.);
#7368=ADVANCED_FACE('',(#594,#500),#7148,.T.);
#7369=ADVANCED_FACE('',(#595),#7149,.F.);
#7370=ADVANCED_FACE('',(#596),#7150,.F.);
#7371=ADVANCED_FACE('',(#597),#7151,.F.);
#7372=ADVANCED_FACE('',(#598),#7152,.T.);
#7373=ADVANCED_FACE('',(#599),#7153,.T.);
#7374=ADVANCED_FACE('',(#600),#7154,.T.);
#7375=ADVANCED_FACE('',(#601,#501,#502,#503),#7155,.T.);
#7376=ADVANCED_FACE('',(#602),#7156,.T.);
#7377=ADVANCED_FACE('',(#603),#7157,.F.);
#7378=ADVANCED_FACE('',(#604),#7158,.F.);
#7379=ADVANCED_FACE('',(#605),#7159,.F.);
#7380=ADVANCED_FACE('',(#606),#7160,.T.);
#7381=ADVANCED_FACE('',(#607),#7161,.F.);
#7382=ADVANCED_FACE('',(#608),#7162,.F.);
#7383=ADVANCED_FACE('',(#609),#7163,.T.);
#7384=ADVANCED_FACE('',(#610),#7164,.F.);
#7385=ADVANCED_FACE('',(#611),#7165,.T.);
#7386=ADVANCED_FACE('',(#612),#7166,.T.);
#7387=ADVANCED_FACE('',(#613),#7167,.F.);
#7388=ADVANCED_FACE('',(#614),#7168,.T.);
#7389=ADVANCED_FACE('',(#615),#7169,.F.);
#7390=ADVANCED_FACE('',(#616),#7170,.T.);
#7391=ADVANCED_FACE('',(#617),#7171,.F.);
#7392=ADVANCED_FACE('',(#618),#414,.F.);
#7393=ADVANCED_FACE('',(#619),#7172,.F.);
#7394=ADVANCED_FACE('',(#620),#415,.F.);
#7395=ADVANCED_FACE('',(#621),#7173,.T.);
#7396=ADVANCED_FACE('',(#622),#7174,.T.);
#7397=ADVANCED_FACE('',(#623),#7175,.T.);
#7398=ADVANCED_FACE('',(#624),#7176,.T.);
#7399=ADVANCED_FACE('',(#625),#7177,.T.);
#7400=ADVANCED_FACE('',(#626),#7178,.T.);
#7401=ADVANCED_FACE('',(#627),#7179,.T.);
#7402=ADVANCED_FACE('',(#628),#7180,.T.);
#7403=ADVANCED_FACE('',(#629),#7181,.T.);
#7404=ADVANCED_FACE('',(#630),#7182,.F.);
#7405=ADVANCED_FACE('',(#631),#7183,.F.);
#7406=ADVANCED_FACE('',(#632),#416,.T.);
#7407=ADVANCED_FACE('',(#633),#417,.T.);
#7408=ADVANCED_FACE('',(#634),#418,.T.);
#7409=ADVANCED_FACE('',(#635),#7184,.F.);
#7410=ADVANCED_FACE('',(#636),#419,.T.);
#7411=ADVANCED_FACE('',(#637),#420,.T.);
#7412=ADVANCED_FACE('',(#638),#421,.F.);
#7413=ADVANCED_FACE('',(#639),#422,.F.);
#7414=ADVANCED_FACE('',(#640),#7185,.F.);
#7415=ADVANCED_FACE('',(#641),#7186,.T.);
#7416=ADVANCED_FACE('',(#642),#7187,.T.);
#7417=ADVANCED_FACE('',(#643),#7188,.T.);
#7418=ADVANCED_FACE('',(#644),#7189,.T.);
#7419=ADVANCED_FACE('',(#645),#7190,.T.);
#7420=ADVANCED_FACE('',(#646),#7191,.F.);
#7421=ADVANCED_FACE('',(#647),#23,.F.);
#7422=ADVANCED_FACE('',(#648),#24,.F.);
#7423=ADVANCED_FACE('',(#649),#25,.F.);
#7424=ADVANCED_FACE('',(#650),#26,.F.);
#7425=ADVANCED_FACE('',(#651),#27,.F.);
#7426=ADVANCED_FACE('',(#652),#28,.F.);
#7427=ADVANCED_FACE('',(#653),#29,.F.);
#7428=ADVANCED_FACE('',(#654),#30,.F.);
#7429=ADVANCED_FACE('',(#655),#31,.F.);
#7430=ADVANCED_FACE('',(#656),#32,.F.);
#7431=ADVANCED_FACE('',(#657),#33,.F.);
#7432=ADVANCED_FACE('',(#658),#34,.F.);
#7433=ADVANCED_FACE('',(#659),#35,.F.);
#7434=ADVANCED_FACE('',(#660),#36,.F.);
#7435=ADVANCED_FACE('',(#661),#7192,.F.);
#7436=ADVANCED_FACE('',(#662),#7193,.F.);
#7437=ADVANCED_FACE('',(#663),#37,.F.);
#7438=ADVANCED_FACE('',(#664),#38,.F.);
#7439=ADVANCED_FACE('',(#665),#39,.F.);
#7440=ADVANCED_FACE('',(#666),#40,.F.);
#7441=ADVANCED_FACE('',(#667),#41,.F.);
#7442=ADVANCED_FACE('',(#668),#7194,.F.);
#7443=ADVANCED_FACE('',(#669),#7195,.F.);
#7444=ADVANCED_FACE('',(#670),#42,.F.);
#7445=ADVANCED_FACE('',(#671),#43,.F.);
#7446=ADVANCED_FACE('',(#672),#44,.F.);
#7447=ADVANCED_FACE('',(#673),#45,.F.);
#7448=ADVANCED_FACE('',(#674),#46,.F.);
#7449=ADVANCED_FACE('',(#675),#47,.F.);
#7450=ADVANCED_FACE('',(#676),#48,.F.);
#7451=ADVANCED_FACE('',(#677),#49,.F.);
#7452=ADVANCED_FACE('',(#678),#50,.F.);
#7453=ADVANCED_FACE('',(#679),#51,.F.);
#7454=ADVANCED_FACE('',(#680),#52,.F.);
#7455=ADVANCED_FACE('',(#681),#53,.F.);
#7456=ADVANCED_FACE('',(#682),#54,.F.);
#7457=ADVANCED_FACE('',(#683),#7196,.F.);
#7458=ADVANCED_FACE('',(#684),#7197,.F.);
#7459=ADVANCED_FACE('',(#685),#7198,.F.);
#7460=ADVANCED_FACE('',(#686),#7199,.F.);
#7461=ADVANCED_FACE('',(#687),#7200,.F.);
#7462=ADVANCED_FACE('',(#688),#7201,.F.);
#7463=ADVANCED_FACE('',(#689),#7202,.F.);
#7464=ADVANCED_FACE('',(#690),#55,.F.);
#7465=ADVANCED_FACE('',(#691),#56,.F.);
#7466=ADVANCED_FACE('',(#692),#57,.F.);
#7467=ADVANCED_FACE('',(#693),#58,.F.);
#7468=ADVANCED_FACE('',(#694),#59,.F.);
#7469=ADVANCED_FACE('',(#695),#60,.F.);
#7470=ADVANCED_FACE('',(#696),#61,.F.);
#7471=ADVANCED_FACE('',(#697),#62,.F.);
#7472=ADVANCED_FACE('',(#698),#63,.F.);
#7473=ADVANCED_FACE('',(#699),#64,.F.);
#7474=ADVANCED_FACE('',(#700),#7203,.F.);
#7475=ADVANCED_FACE('',(#701),#7204,.F.);
#7476=ADVANCED_FACE('',(#702),#7205,.F.);
#7477=ADVANCED_FACE('',(#703),#65,.F.);
#7478=ADVANCED_FACE('',(#704),#66,.F.);
#7479=ADVANCED_FACE('',(#705),#67,.F.);
#7480=ADVANCED_FACE('',(#706),#7206,.F.);
#7481=ADVANCED_FACE('',(#707),#68,.F.);
#7482=ADVANCED_FACE('',(#708),#69,.F.);
#7483=ADVANCED_FACE('',(#709),#70,.F.);
#7484=ADVANCED_FACE('',(#710),#71,.F.);
#7485=ADVANCED_FACE('',(#711),#72,.F.);
#7486=ADVANCED_FACE('',(#712),#7207,.F.);
#7487=ADVANCED_FACE('',(#713),#7208,.F.);
#7488=ADVANCED_FACE('',(#714),#7209,.F.);
#7489=ADVANCED_FACE('',(#715),#7210,.F.);
#7490=ADVANCED_FACE('',(#716),#7211,.F.);
#7491=ADVANCED_FACE('',(#717),#73,.F.);
#7492=ADVANCED_FACE('',(#718),#74,.F.);
#7493=ADVANCED_FACE('',(#719),#7212,.F.);
#7494=ADVANCED_FACE('',(#720),#7213,.F.);
#7495=ADVANCED_FACE('',(#721),#7214,.F.);
#7496=ADVANCED_FACE('',(#722),#75,.F.);
#7497=ADVANCED_FACE('',(#723),#76,.F.);
#7498=ADVANCED_FACE('',(#724),#77,.F.);
#7499=ADVANCED_FACE('',(#725),#78,.F.);
#7500=ADVANCED_FACE('',(#726),#79,.F.);
#7501=ADVANCED_FACE('',(#727),#80,.F.);
#7502=ADVANCED_FACE('',(#728),#7215,.F.);
#7503=ADVANCED_FACE('',(#729),#7216,.F.);
#7504=ADVANCED_FACE('',(#730),#81,.F.);
#7505=ADVANCED_FACE('',(#731),#82,.F.);
#7506=ADVANCED_FACE('',(#732),#7217,.F.);
#7507=ADVANCED_FACE('',(#733),#7218,.F.);
#7508=ADVANCED_FACE('',(#734),#7219,.F.);
#7509=ADVANCED_FACE('',(#735),#7220,.T.);
#7510=ADVANCED_FACE('',(#736),#7221,.T.);
#7511=ADVANCED_FACE('',(#737),#7222,.T.);
#7512=ADVANCED_FACE('',(#738),#7223,.T.);
#7513=ADVANCED_FACE('',(#739),#7224,.F.);
#7514=ADVANCED_FACE('',(#740),#7225,.T.);
#7515=ADVANCED_FACE('',(#741),#7226,.T.);
#7516=ADVANCED_FACE('',(#742),#423,.T.);
#7517=ADVANCED_FACE('',(#743),#424,.T.);
#7518=ADVANCED_FACE('',(#744),#425,.T.);
#7519=ADVANCED_FACE('',(#745),#426,.T.);
#7520=ADVANCED_FACE('',(#746),#7227,.F.);
#7521=ADVANCED_FACE('',(#747),#427,.T.);
#7522=ADVANCED_FACE('',(#748),#428,.T.);
#7523=ADVANCED_FACE('',(#749),#429,.T.);
#7524=ADVANCED_FACE('',(#750),#430,.T.);
#7525=ADVANCED_FACE('',(#751),#431,.T.);
#7526=ADVANCED_FACE('',(#752),#432,.T.);
#7527=ADVANCED_FACE('',(#753),#433,.T.);
#7528=ADVANCED_FACE('',(#754),#434,.T.);
#7529=ADVANCED_FACE('',(#755),#435,.T.);
#7530=ADVANCED_FACE('',(#756),#436,.T.);
#7531=ADVANCED_FACE('',(#757),#437,.T.);
#7532=ADVANCED_FACE('',(#758),#438,.T.);
#7533=ADVANCED_FACE('',(#759),#439,.T.);
#7534=ADVANCED_FACE('',(#760),#440,.T.);
#7535=ADVANCED_FACE('',(#761),#441,.T.);
#7536=ADVANCED_FACE('',(#762),#442,.T.);
#7537=ADVANCED_FACE('',(#763),#443,.T.);
#7538=ADVANCED_FACE('',(#764),#444,.T.);
#7539=ADVANCED_FACE('',(#765),#445,.T.);
#7540=ADVANCED_FACE('',(#766),#446,.T.);
#7541=ADVANCED_FACE('',(#767),#447,.T.);
#7542=ADVANCED_FACE('',(#768),#448,.T.);
#7543=ADVANCED_FACE('',(#769),#449,.T.);
#7544=ADVANCED_FACE('',(#770),#450,.T.);
#7545=ADVANCED_FACE('',(#771),#451,.T.);
#7546=ADVANCED_FACE('',(#772),#452,.T.);
#7547=ADVANCED_FACE('',(#773),#453,.T.);
#7548=ADVANCED_FACE('',(#774),#454,.T.);
#7549=ADVANCED_FACE('',(#775),#455,.T.);
#7550=ADVANCED_FACE('',(#776),#83,.F.);
#7551=ADVANCED_FACE('',(#777),#456,.T.);
#7552=ADVANCED_FACE('',(#778),#84,.F.);
#7553=ADVANCED_FACE('',(#779),#457,.T.);
#7554=ADVANCED_FACE('',(#780),#85,.F.);
#7555=ADVANCED_FACE('',(#781),#458,.T.);
#7556=ADVANCED_FACE('',(#782),#86,.F.);
#7557=ADVANCED_FACE('',(#783),#459,.T.);
#7558=ADVANCED_FACE('',(#784),#7228,.T.);
#7559=ADVANCED_FACE('',(#785),#460,.T.);
#7560=ADVANCED_FACE('',(#786),#7229,.F.);
#7561=ADVANCED_FACE('',(#787),#7230,.F.);
#7562=ADVANCED_FACE('',(#788),#7231,.F.);
#7563=ADVANCED_FACE('',(#789),#7232,.F.);
#7564=ADVANCED_FACE('',(#790),#461,.F.);
#7565=ADVANCED_FACE('',(#791),#462,.T.);
#7566=ADVANCED_FACE('',(#792),#463,.F.);
#7567=ADVANCED_FACE('',(#793),#464,.T.);
#7568=ADVANCED_FACE('',(#794),#465,.F.);
#7569=ADVANCED_FACE('',(#795),#466,.T.);
#7570=ADVANCED_FACE('',(#796),#467,.F.);
#7571=ADVANCED_FACE('',(#797),#468,.T.);
#7572=ADVANCED_FACE('',(#798,#504),#7233,.T.);
#7573=ADVANCED_FACE('',(#799,#505),#7234,.T.);
#7574=ADVANCED_FACE('',(#800,#506),#7235,.T.);
#7575=ADVANCED_FACE('',(#801,#507),#7236,.T.);
#7576=ADVANCED_FACE('',(#802),#7237,.F.);
#7577=ADVANCED_FACE('',(#803),#7238,.F.);
#7578=ADVANCED_FACE('',(#804),#7239,.F.);
#7579=ADVANCED_FACE('',(#805),#7240,.F.);
#7580=ADVANCED_FACE('',(#806,#508,#509,#510,#511,#512,#513,#514,#515,#516,
#517),#7241,.T.);
#7581=ADVANCED_FACE('',(#807),#87,.F.);
#7582=ADVANCED_FACE('',(#808),#88,.F.);
#7583=ADVANCED_FACE('',(#809),#89,.F.);
#7584=ADVANCED_FACE('',(#810),#90,.F.);
#7585=ADVANCED_FACE('',(#811),#91,.F.);
#7586=ADVANCED_FACE('',(#812),#92,.F.);
#7587=ADVANCED_FACE('',(#813),#93,.F.);
#7588=ADVANCED_FACE('',(#814),#94,.F.);
#7589=ADVANCED_FACE('',(#815),#95,.F.);
#7590=ADVANCED_FACE('',(#816),#96,.F.);
#7591=ADVANCED_FACE('',(#817,#518),#7242,.T.);
#7592=ADVANCED_FACE('',(#818),#7243,.F.);
#7593=ADVANCED_FACE('',(#819),#7244,.F.);
#7594=ADVANCED_FACE('',(#820),#97,.F.);
#7595=ADVANCED_FACE('',(#821),#98,.F.);
#7596=ADVANCED_FACE('',(#822),#99,.F.);
#7597=ADVANCED_FACE('',(#823),#7245,.F.);
#7598=ADVANCED_FACE('',(#824),#100,.F.);
#7599=ADVANCED_FACE('',(#825),#101,.F.);
#7600=ADVANCED_FACE('',(#826),#102,.F.);
#7601=ADVANCED_FACE('',(#827,#519),#7246,.T.);
#7602=ADVANCED_FACE('',(#828),#103,.F.);
#7603=ADVANCED_FACE('',(#829),#104,.F.);
#7604=ADVANCED_FACE('',(#830),#105,.F.);
#7605=ADVANCED_FACE('',(#831),#106,.F.);
#7606=ADVANCED_FACE('',(#832),#107,.F.);
#7607=ADVANCED_FACE('',(#833),#108,.F.);
#7608=ADVANCED_FACE('',(#834),#109,.F.);
#7609=ADVANCED_FACE('',(#835),#110,.F.);
#7610=ADVANCED_FACE('',(#836),#111,.F.);
#7611=ADVANCED_FACE('',(#837),#112,.F.);
#7612=ADVANCED_FACE('',(#838),#113,.F.);
#7613=ADVANCED_FACE('',(#839),#114,.F.);
#7614=ADVANCED_FACE('',(#840),#115,.F.);
#7615=ADVANCED_FACE('',(#841),#116,.F.);
#7616=ADVANCED_FACE('',(#842),#7247,.T.);
#7617=ADVANCED_FACE('',(#843),#7248,.F.);
#7618=ADVANCED_FACE('',(#844),#7249,.F.);
#7619=ADVANCED_FACE('',(#845),#7250,.F.);
#7620=ADVANCED_FACE('',(#846),#7251,.F.);
#7621=ADVANCED_FACE('',(#847),#7252,.F.);
#7622=ADVANCED_FACE('',(#848,#520),#7253,.T.);
#7623=ADVANCED_FACE('',(#849),#7254,.F.);
#7624=ADVANCED_FACE('',(#850),#7255,.F.);
#7625=ADVANCED_FACE('',(#851),#7256,.F.);
#7626=ADVANCED_FACE('',(#852),#7257,.F.);
#7627=ADVANCED_FACE('',(#853),#7258,.F.);
#7628=ADVANCED_FACE('',(#854),#7259,.F.);
#7629=ADVANCED_FACE('',(#855),#7260,.F.);
#7630=ADVANCED_FACE('',(#856),#7261,.F.);
#7631=ADVANCED_FACE('',(#857),#7262,.F.);
#7632=ADVANCED_FACE('',(#858),#117,.F.);
#7633=ADVANCED_FACE('',(#859),#118,.F.);
#7634=ADVANCED_FACE('',(#860),#119,.F.);
#7635=ADVANCED_FACE('',(#861),#120,.F.);
#7636=ADVANCED_FACE('',(#862),#7263,.F.);
#7637=ADVANCED_FACE('',(#863),#7264,.F.);
#7638=ADVANCED_FACE('',(#864),#121,.F.);
#7639=ADVANCED_FACE('',(#865),#122,.F.);
#7640=ADVANCED_FACE('',(#866),#7265,.F.);
#7641=ADVANCED_FACE('',(#867,#521,#522),#7266,.T.);
#7642=ADVANCED_FACE('',(#868),#123,.F.);
#7643=ADVANCED_FACE('',(#869),#124,.F.);
#7644=ADVANCED_FACE('',(#870),#125,.F.);
#7645=ADVANCED_FACE('',(#871),#126,.F.);
#7646=ADVANCED_FACE('',(#872),#127,.F.);
#7647=ADVANCED_FACE('',(#873),#128,.F.);
#7648=ADVANCED_FACE('',(#874),#129,.F.);
#7649=ADVANCED_FACE('',(#875),#130,.F.);
#7650=ADVANCED_FACE('',(#876),#131,.F.);
#7651=ADVANCED_FACE('',(#877),#7267,.F.);
#7652=ADVANCED_FACE('',(#878),#7268,.T.);
#7653=ADVANCED_FACE('',(#879),#7269,.F.);
#7654=ADVANCED_FACE('',(#880),#7270,.F.);
#7655=ADVANCED_FACE('',(#881),#7271,.T.);
#7656=ADVANCED_FACE('',(#882),#7272,.F.);
#7657=ADVANCED_FACE('',(#883),#132,.F.);
#7658=ADVANCED_FACE('',(#884),#133,.F.);
#7659=ADVANCED_FACE('',(#885),#134,.F.);
#7660=ADVANCED_FACE('',(#886),#135,.F.);
#7661=ADVANCED_FACE('',(#887),#136,.F.);
#7662=ADVANCED_FACE('',(#888),#7273,.F.);
#7663=ADVANCED_FACE('',(#889),#7274,.T.);
#7664=ADVANCED_FACE('',(#890),#7275,.F.);
#7665=ADVANCED_FACE('',(#891),#137,.F.);
#7666=ADVANCED_FACE('',(#892),#138,.F.);
#7667=ADVANCED_FACE('',(#893),#7276,.F.);
#7668=ADVANCED_FACE('',(#894),#7277,.T.);
#7669=ADVANCED_FACE('',(#895),#7278,.F.);
#7670=ADVANCED_FACE('',(#896),#7279,.T.);
#7671=ADVANCED_FACE('',(#897),#7280,.F.);
#7672=ADVANCED_FACE('',(#898),#7281,.T.);
#7673=ADVANCED_FACE('',(#899),#7282,.T.);
#7674=ADVANCED_FACE('',(#900,#523),#7283,.T.);
#7675=ADVANCED_FACE('',(#901),#469,.F.);
#7676=ADVANCED_FACE('',(#902,#524),#7284,.T.);
#7677=ADVANCED_FACE('',(#903),#470,.F.);
#7678=ADVANCED_FACE('',(#904),#7285,.T.);
#7679=ADVANCED_FACE('',(#905),#471,.F.);
#7680=ADVANCED_FACE('',(#906),#7286,.T.);
#7681=ADVANCED_FACE('',(#907),#472,.F.);
#7682=ADVANCED_FACE('',(#908,#525,#526,#527,#528),#7287,.F.);
#7683=ADVANCED_FACE('',(#909),#473,.T.);
#7684=ADVANCED_FACE('',(#910),#474,.T.);
#7685=ADVANCED_FACE('',(#911,#529,#530),#7288,.T.);
#7686=ADVANCED_FACE('',(#912),#475,.T.);
#7687=ADVANCED_FACE('',(#913),#7289,.T.);
#7688=ADVANCED_FACE('',(#914),#7290,.T.);
#7689=ADVANCED_FACE('',(#915),#7291,.T.);
#7690=ADVANCED_FACE('',(#916),#7292,.T.);
#7691=ADVANCED_FACE('',(#917),#7293,.T.);
#7692=ADVANCED_FACE('',(#918),#7294,.T.);
#7693=ADVANCED_FACE('',(#919),#7295,.T.);
#7694=ADVANCED_FACE('',(#920,#531,#532),#7296,.F.);
#7695=ADVANCED_FACE('',(#921,#533,#534),#7297,.T.);
#7696=ADVANCED_FACE('',(#922,#535),#7298,.T.);
#7697=ADVANCED_FACE('',(#923),#7299,.F.);
#7698=ADVANCED_FACE('',(#924),#7300,.T.);
#7699=ADVANCED_FACE('',(#925),#7301,.F.);
#7700=ADVANCED_FACE('',(#926),#7302,.T.);
#7701=ADVANCED_FACE('',(#927),#7303,.T.);
#7702=ADVANCED_FACE('',(#928),#7304,.T.);
#7703=ADVANCED_FACE('',(#929,#536,#537),#7305,.T.);
#7704=ADVANCED_FACE('',(#930,#538),#7306,.F.);
#7705=ADVANCED_FACE('',(#931),#476,.F.);
#7706=ADVANCED_FACE('',(#932),#477,.F.);
#7707=ADVANCED_FACE('',(#933),#478,.F.);
#7708=ADVANCED_FACE('',(#934),#479,.F.);
#7709=ADVANCED_FACE('',(#935,#539),#7307,.T.);
#7710=ADVANCED_FACE('',(#936),#7308,.T.);
#7711=ADVANCED_FACE('',(#937),#7309,.T.);
#7712=ADVANCED_FACE('',(#938),#7310,.T.);
#7713=ADVANCED_FACE('',(#939),#7311,.T.);
#7714=ADVANCED_FACE('',(#940),#7312,.T.);
#7715=ADVANCED_FACE('',(#941),#7313,.T.);
#7716=CLOSED_SHELL('',(#7314,#7315,#7316,#7317,#7318,#7319,#7320,#7321,
#7322,#7323,#7324,#7325,#7326,#7327,#7328,#7329,#7330,#7331,#7332,#7333,
#7334,#7335,#7336,#7337,#7338,#7339,#7340,#7341,#7342,#7343,#7344,#7345,
#7346,#7347,#7348,#7349,#7350,#7351,#7352,#7353,#7354,#7355,#7356,#7357,
#7358,#7359,#7360,#7361,#7362,#7363,#7364,#7365,#7366,#7367,#7368,#7369,
#7370,#7371,#7372,#7373,#7374,#7375,#7376,#7377,#7378,#7379,#7380,#7381,
#7382,#7383,#7384,#7385,#7386,#7387,#7388,#7389,#7390,#7391,#7392,#7393,
#7394,#7395,#7396,#7397,#7398,#7399,#7400,#7401,#7402,#7403,#7404,#7405,
#7406,#7407,#7408,#7409,#7410,#7411,#7412,#7413,#7414,#7415,#7416,#7417,
#7418,#7419,#7420,#7421,#7422,#7423,#7424,#7425,#7426,#7427,#7428,#7429,
#7430,#7431,#7432,#7433,#7434,#7435,#7436,#7437,#7438,#7439,#7440,#7441,
#7442,#7443,#7444,#7445,#7446,#7447,#7448,#7449,#7450,#7451,#7452,#7453,
#7454,#7455,#7456,#7457,#7458,#7459,#7460,#7461,#7462,#7463,#7464,#7465,
#7466,#7467,#7468,#7469,#7470,#7471,#7472,#7473,#7474,#7475,#7476,#7477,
#7478,#7479,#7480,#7481,#7482,#7483,#7484,#7485,#7486,#7487,#7488,#7489,
#7490,#7491,#7492,#7493,#7494,#7495,#7496,#7497,#7498,#7499,#7500,#7501,
#7502,#7503,#7504,#7505,#7506,#7507,#7508,#7509,#7510,#7511,#7512,#7513,
#7514,#7515,#7516,#7517,#7518,#7519,#7520,#7521,#7522,#7523,#7524,#7525,
#7526,#7527,#7528,#7529,#7530,#7531,#7532,#7533,#7534,#7535,#7536,#7537,
#7538,#7539,#7540,#7541,#7542,#7543,#7544,#7545,#7546,#7547,#7548,#7549,
#7550,#7551,#7552,#7553,#7554,#7555,#7556,#7557,#7558,#7559,#7560,#7561,
#7562,#7563,#7564,#7565,#7566,#7567,#7568,#7569,#7570,#7571,#7572,#7573,
#7574,#7575,#7576,#7577,#7578,#7579,#7580,#7581,#7582,#7583,#7584,#7585,
#7586,#7587,#7588,#7589,#7590,#7591,#7592,#7593,#7594,#7595,#7596,#7597,
#7598,#7599,#7600,#7601,#7602,#7603,#7604,#7605,#7606,#7607,#7608,#7609,
#7610,#7611,#7612,#7613,#7614,#7615,#7616,#7617,#7618,#7619,#7620,#7621,
#7622,#7623,#7624,#7625,#7626,#7627,#7628,#7629,#7630,#7631,#7632,#7633,
#7634,#7635,#7636,#7637,#7638,#7639,#7640,#7641,#7642,#7643,#7644,#7645,
#7646,#7647,#7648,#7649,#7650,#7651,#7652,#7653,#7654,#7655,#7656,#7657,
#7658,#7659,#7660,#7661,#7662,#7663,#7664,#7665,#7666,#7667,#7668,#7669,
#7670,#7671,#7672,#7673,#7674,#7675,#7676,#7677,#7678,#7679,#7680,#7681,
#7682,#7683,#7684,#7685,#7686,#7687,#7688,#7689,#7690,#7691,#7692,#7693,
#7694,#7695,#7696,#7697,#7698,#7699,#7700,#7701,#7702,#7703,#7704,#7705,
#7706,#7707,#7708,#7709,#7710,#7711,#7712,#7713,#7714,#7715));
#7717=DERIVED_UNIT_ELEMENT(#7719,1.);
#7718=DERIVED_UNIT_ELEMENT(#14561,-3.);
#7719=(
MASS_UNIT()
NAMED_UNIT(*)
SI_UNIT(.KILO.,.GRAM.)
);
#7720=DERIVED_UNIT((#7717,#7718));
#7721=MEASURE_REPRESENTATION_ITEM('density measure',
POSITIVE_RATIO_MEASURE(7850.),#7720);
#7722=PROPERTY_DEFINITION_REPRESENTATION(#7727,#7724);
#7723=PROPERTY_DEFINITION_REPRESENTATION(#7728,#7725);
#7724=REPRESENTATION('material name',(#7726),#14558);
#7725=REPRESENTATION('density',(#7721),#14558);
#7726=DESCRIPTIVE_REPRESENTATION_ITEM('Stahl','Stahl');
#7727=PROPERTY_DEFINITION('material property','material name',#14568);
#7728=PROPERTY_DEFINITION('material property','density of part',#14568);
#7729=AXIS2_PLACEMENT_3D('',#9676,#8133,#8134);
#7730=AXIS2_PLACEMENT_3D('',#9677,#8135,#8136);
#7731=AXIS2_PLACEMENT_3D('',#9684,#8139,#8140);
#7732=AXIS2_PLACEMENT_3D('',#9688,#8142,#8143);
#7733=AXIS2_PLACEMENT_3D('',#9691,#8145,#8146);
#7734=AXIS2_PLACEMENT_3D('',#9693,#8147,#8148);
#7735=AXIS2_PLACEMENT_3D('',#9694,#8149,#8150);
#7736=AXIS2_PLACEMENT_3D('',#9699,#8152,#8153);
#7737=AXIS2_PLACEMENT_3D('',#9703,#8155,#8156);
#7738=AXIS2_PLACEMENT_3D('',#9707,#8158,#8159);
#7739=AXIS2_PLACEMENT_3D('',#9718,#8165,#8166);
#7740=AXIS2_PLACEMENT_3D('',#9772,#8194,#8195);
#7741=AXIS2_PLACEMENT_3D('',#9781,#8200,#8201);
#7742=AXIS2_PLACEMENT_3D('',#9790,#8206,#8207);
#7743=AXIS2_PLACEMENT_3D('',#9799,#8212,#8213);
#7744=AXIS2_PLACEMENT_3D('',#9808,#8218,#8219);
#7745=AXIS2_PLACEMENT_3D('',#9817,#8224,#8225);
#7746=AXIS2_PLACEMENT_3D('',#9826,#8230,#8231);
#7747=AXIS2_PLACEMENT_3D('',#9835,#8236,#8237);
#7748=AXIS2_PLACEMENT_3D('',#9844,#8242,#8243);
#7749=AXIS2_PLACEMENT_3D('',#9853,#8248,#8249);
#7750=AXIS2_PLACEMENT_3D('',#9859,#8252,#8253);
#7751=AXIS2_PLACEMENT_3D('',#9863,#8255,#8256);
#7752=AXIS2_PLACEMENT_3D('',#9865,#8258,#8259);
#7753=AXIS2_PLACEMENT_3D('',#9871,#8262,#8263);
#7754=AXIS2_PLACEMENT_3D('',#9875,#8265,#8266);
#7755=AXIS2_PLACEMENT_3D('',#9877,#8268,#8269);
#7756=AXIS2_PLACEMENT_3D('',#9883,#8272,#8273);
#7757=AXIS2_PLACEMENT_3D('',#9887,#8275,#8276);
#7758=AXIS2_PLACEMENT_3D('',#9889,#8278,#8279);
#7759=AXIS2_PLACEMENT_3D('',#9895,#8282,#8283);
#7760=AXIS2_PLACEMENT_3D('',#9899,#8285,#8286);
#7761=AXIS2_PLACEMENT_3D('',#9901,#8288,#8289);
#7762=AXIS2_PLACEMENT_3D('',#9907,#8292,#8293);
#7763=AXIS2_PLACEMENT_3D('',#9911,#8295,#8296);
#7764=AXIS2_PLACEMENT_3D('',#9913,#8298,#8299);
#7765=AXIS2_PLACEMENT_3D('',#9919,#8302,#8303);
#7766=AXIS2_PLACEMENT_3D('',#9923,#8305,#8306);
#7767=AXIS2_PLACEMENT_3D('',#9925,#8308,#8309);
#7768=AXIS2_PLACEMENT_3D('',#9931,#8312,#8313);
#7769=AXIS2_PLACEMENT_3D('',#9935,#8315,#8316);
#7770=AXIS2_PLACEMENT_3D('',#9937,#8318,#8319);
#7771=AXIS2_PLACEMENT_3D('',#9943,#8322,#8323);
#7772=AXIS2_PLACEMENT_3D('',#9947,#8325,#8326);
#7773=AXIS2_PLACEMENT_3D('',#9949,#8328,#8329);
#7774=AXIS2_PLACEMENT_3D('',#9955,#8332,#8333);
#7775=AXIS2_PLACEMENT_3D('',#9959,#8335,#8336);
#7776=AXIS2_PLACEMENT_3D('',#9961,#8338,#8339);
#7777=AXIS2_PLACEMENT_3D('',#9967,#8342,#8343);
#7778=AXIS2_PLACEMENT_3D('',#9971,#8345,#8346);
#7779=AXIS2_PLACEMENT_3D('',#9973,#8348,#8349);
#7780=AXIS2_PLACEMENT_3D('',#9979,#8352,#8353);
#7781=AXIS2_PLACEMENT_3D('',#9983,#8355,#8356);
#7782=AXIS2_PLACEMENT_3D('',#9985,#8358,#8359);
#7783=AXIS2_PLACEMENT_3D('',#9991,#8362,#8363);
#7784=AXIS2_PLACEMENT_3D('',#9995,#8365,#8366);
#7785=AXIS2_PLACEMENT_3D('',#9997,#8368,#8369);
#7786=AXIS2_PLACEMENT_3D('',#10003,#8372,#8373);
#7787=AXIS2_PLACEMENT_3D('',#10007,#8375,#8376);
#7788=AXIS2_PLACEMENT_3D('',#10009,#8378,#8379);
#7789=AXIS2_PLACEMENT_3D('',#10063,#8412,#8413);
#7790=AXIS2_PLACEMENT_3D('',#10069,#8416,#8417);
#7791=AXIS2_PLACEMENT_3D('',#10072,#8419,#8420);
#7792=AXIS2_PLACEMENT_3D('',#10073,#8421,#8422);
#7793=AXIS2_PLACEMENT_3D('',#10075,#8423,#8424);
#7794=AXIS2_PLACEMENT_3D('',#10076,#8425,#8426);
#7795=AXIS2_PLACEMENT_3D('',#10078,#8427,#8428);
#7796=AXIS2_PLACEMENT_3D('',#10079,#8429,#8430);
#7797=AXIS2_PLACEMENT_3D('',#10081,#8431,#8432);
#7798=AXIS2_PLACEMENT_3D('',#10082,#8433,#8434);
#7799=AXIS2_PLACEMENT_3D('',#10084,#8435,#8436);
#7800=AXIS2_PLACEMENT_3D('',#10085,#8437,#8438);
#7801=AXIS2_PLACEMENT_3D('',#10087,#8439,#8440);
#7802=AXIS2_PLACEMENT_3D('',#10090,#8442,#8443);
#7803=AXIS2_PLACEMENT_3D('',#10091,#8444,#8445);
#7804=AXIS2_PLACEMENT_3D('',#10093,#8446,#8447);
#7805=AXIS2_PLACEMENT_3D('',#10096,#8449,#8450);
#7806=AXIS2_PLACEMENT_3D('',#10097,#8451,#8452);
#7807=AXIS2_PLACEMENT_3D('',#10130,#8470,#8471);
#7808=AXIS2_PLACEMENT_3D('',#10132,#8472,#8473);
#7809=AXIS2_PLACEMENT_3D('',#10135,#8475,#8476);
#7810=AXIS2_PLACEMENT_3D('',#10136,#8477,#8478);
#7811=AXIS2_PLACEMENT_3D('',#10145,#8483,#8484);
#7812=AXIS2_PLACEMENT_3D('',#10151,#8488,#8489);
#7813=AXIS2_PLACEMENT_3D('',#10156,#8492,#8493);
#7814=AXIS2_PLACEMENT_3D('',#10157,#8494,#8495);
#7815=AXIS2_PLACEMENT_3D('',#10161,#8498,#8499);
#7816=AXIS2_PLACEMENT_3D('',#10163,#8501,#8502);
#7817=AXIS2_PLACEMENT_3D('',#10172,#8507,#8508);
#7818=AXIS2_PLACEMENT_3D('',#10179,#8512,#8513);
#7819=AXIS2_PLACEMENT_3D('',#10180,#8514,#8515);
#7820=AXIS2_PLACEMENT_3D('',#10184,#8518,#8519);
#7821=AXIS2_PLACEMENT_3D('',#10189,#8522,#8523);
#7822=AXIS2_PLACEMENT_3D('',#10190,#8524,#8525);
#7823=AXIS2_PLACEMENT_3D('',#10198,#8530,#8531);
#7824=AXIS2_PLACEMENT_3D('',#10201,#8532,#8533);
#7825=AXIS2_PLACEMENT_3D('',#10204,#8536,#8537);
#7826=AXIS2_PLACEMENT_3D('',#10209,#8540,#8541);
#7827=AXIS2_PLACEMENT_3D('',#10211,#8542,#8543);
#7828=AXIS2_PLACEMENT_3D('',#10213,#8544,#8545);
#7829=AXIS2_PLACEMENT_3D('',#10215,#8546,#8547);
#7830=AXIS2_PLACEMENT_3D('',#10216,#8548,#8549);
#7831=AXIS2_PLACEMENT_3D('',#10219,#8551,#8552);
#7832=AXIS2_PLACEMENT_3D('',#10222,#8554,#8555);
#7833=AXIS2_PLACEMENT_3D('',#10223,#8556,#8557);
#7834=AXIS2_PLACEMENT_3D('',#10232,#8562,#8563);
#7835=AXIS2_PLACEMENT_3D('',#10247,#8572,#8573);
#7836=AXIS2_PLACEMENT_3D('',#10248,#8574,#8575);
#7837=AXIS2_PLACEMENT_3D('',#10254,#8579,#8580);
#7838=AXIS2_PLACEMENT_3D('',#10271,#8589,#8590);
#7839=AXIS2_PLACEMENT_3D('',#10277,#8594,#8595);
#7840=AXIS2_PLACEMENT_3D('',#10281,#8598,#8599);
#7841=AXIS2_PLACEMENT_3D('',#10298,#8608,#8609);
#7842=AXIS2_PLACEMENT_3D('',#10304,#8613,#8614);
#7843=AXIS2_PLACEMENT_3D('',#10308,#8617,#8618);
#7844=AXIS2_PLACEMENT_3D('',#10322,#8626,#8627);
#7845=AXIS2_PLACEMENT_3D('',#10328,#8631,#8632);
#7846=AXIS2_PLACEMENT_3D('',#10332,#8635,#8636);
#7847=AXIS2_PLACEMENT_3D('',#10343,#8643,#8644);
#7848=AXIS2_PLACEMENT_3D('',#10361,#8655,#8656);
#7849=AXIS2_PLACEMENT_3D('',#10363,#8658,#8659);
#7850=AXIS2_PLACEMENT_3D('',#10364,#8660,#8661);
#7851=AXIS2_PLACEMENT_3D('',#10367,#8664,#8665);
#7852=AXIS2_PLACEMENT_3D('',#10369,#8667,#8668);
#7853=AXIS2_PLACEMENT_3D('',#10371,#8670,#8671);
#7854=AXIS2_PLACEMENT_3D('',#10394,#8688,#8689);
#7855=AXIS2_PLACEMENT_3D('',#10396,#8690,#8691);
#7856=AXIS2_PLACEMENT_3D('',#10400,#8693,#8694);
#7857=AXIS2_PLACEMENT_3D('',#10402,#8696,#8697);
#7858=AXIS2_PLACEMENT_3D('',#10406,#8700,#8701);
#7859=AXIS2_PLACEMENT_3D('',#10408,#8702,#8703);
#7860=AXIS2_PLACEMENT_3D('',#10411,#8705,#8706);
#7861=AXIS2_PLACEMENT_3D('',#10412,#8707,#8708);
#7862=AXIS2_PLACEMENT_3D('',#10416,#8711,#8712);
#7863=AXIS2_PLACEMENT_3D('',#10422,#8716,#8717);
#7864=AXIS2_PLACEMENT_3D('',#10424,#8718,#8719);
#7865=AXIS2_PLACEMENT_3D('',#10427,#8721,#8722);
#7866=AXIS2_PLACEMENT_3D('',#10428,#8723,#8724);
#7867=AXIS2_PLACEMENT_3D('',#10432,#8727,#8728);
#7868=AXIS2_PLACEMENT_3D('',#10434,#8729,#8730);
#7869=AXIS2_PLACEMENT_3D('',#10437,#8732,#8733);
#7870=AXIS2_PLACEMENT_3D('',#10438,#8734,#8735);
#7871=AXIS2_PLACEMENT_3D('',#10440,#8737,#8738);
#7872=AXIS2_PLACEMENT_3D('',#10442,#8740,#8741);
#7873=AXIS2_PLACEMENT_3D('',#10444,#8743,#8744);
#7874=AXIS2_PLACEMENT_3D('',#10446,#8746,#8747);
#7875=AXIS2_PLACEMENT_3D('',#10448,#8749,#8750);
#7876=AXIS2_PLACEMENT_3D('',#10451,#8753,#8754);
#7877=AXIS2_PLACEMENT_3D('',#10453,#8756,#8757);
#7878=AXIS2_PLACEMENT_3D('',#10454,#8758,#8759);
#7879=AXIS2_PLACEMENT_3D('',#10455,#8760,#8761);
#7880=AXIS2_PLACEMENT_3D('',#10457,#8763,#8764);
#7881=AXIS2_PLACEMENT_3D('',#10459,#8766,#8767);
#7882=AXIS2_PLACEMENT_3D('',#10461,#8769,#8770);
#7883=AXIS2_PLACEMENT_3D('',#10463,#8772,#8773);
#7884=AXIS2_PLACEMENT_3D('',#10465,#8775,#8776);
#7885=AXIS2_PLACEMENT_3D('',#10466,#8777,#8778);
#7886=AXIS2_PLACEMENT_3D('',#10467,#8779,#8780);
#7887=AXIS2_PLACEMENT_3D('',#10468,#8781,#8782);
#7888=AXIS2_PLACEMENT_3D('',#10469,#8783,#8784);
#7889=AXIS2_PLACEMENT_3D('',#10489,#8786,#8787);
#7890=AXIS2_PLACEMENT_3D('',#10510,#8789,#8790);
#7891=AXIS2_PLACEMENT_3D('',#10529,#8792,#8793);
#7892=AXIS2_PLACEMENT_3D('',#10531,#8794,#8795);
#7893=AXIS2_PLACEMENT_3D('',#10534,#8797,#8798);
#7894=AXIS2_PLACEMENT_3D('',#10535,#8799,#8800);
#7895=AXIS2_PLACEMENT_3D('',#10557,#8802,#8803);
#7896=AXIS2_PLACEMENT_3D('',#10576,#8805,#8806);
#7897=AXIS2_PLACEMENT_3D('',#10578,#8807,#8808);
#7898=AXIS2_PLACEMENT_3D('',#10580,#8810,#8811);
#7899=AXIS2_PLACEMENT_3D('',#10582,#8812,#8813);
#7900=AXIS2_PLACEMENT_3D('',#10584,#8815,#8816);
#7901=AXIS2_PLACEMENT_3D('',#10586,#8818,#8819);
#7902=AXIS2_PLACEMENT_3D('',#10590,#8822,#8823);
#7903=AXIS2_PLACEMENT_3D('',#10591,#8824,#8825);
#7904=AXIS2_PLACEMENT_3D('',#10593,#8827,#8828);
#7905=AXIS2_PLACEMENT_3D('',#10595,#8830,#8831);
#7906=AXIS2_PLACEMENT_3D('',#10596,#8832,#8833);
#7907=AXIS2_PLACEMENT_3D('',#10961,#8854,#8855);
#7908=AXIS2_PLACEMENT_3D('',#10967,#8859,#8860);
#7909=AXIS2_PLACEMENT_3D('',#11100,#8870,#8871);
#7910=AXIS2_PLACEMENT_3D('',#11106,#8875,#8876);
#7911=AXIS2_PLACEMENT_3D('',#11439,#8894,#8895);
#7912=AXIS2_PLACEMENT_3D('',#11445,#8899,#8900);
#7913=AXIS2_PLACEMENT_3D('',#11454,#8905,#8906);
#7914=AXIS2_PLACEMENT_3D('',#11460,#8910,#8911);
#7915=AXIS2_PLACEMENT_3D('',#11469,#8916,#8917);
#7916=AXIS2_PLACEMENT_3D('',#11475,#8921,#8922);
#7917=AXIS2_PLACEMENT_3D('',#11481,#8926,#8927);
#7918=AXIS2_PLACEMENT_3D('',#11740,#8942,#8943);
#7919=AXIS2_PLACEMENT_3D('',#11746,#8947,#8948);
#7920=AXIS2_PLACEMENT_3D('',#11755,#8953,#8954);
#7921=AXIS2_PLACEMENT_3D('',#11839,#8962,#8963);
#7922=AXIS2_PLACEMENT_3D('',#11973,#8973,#8974);
#7923=AXIS2_PLACEMENT_3D('',#11979,#8978,#8979);
#7924=AXIS2_PLACEMENT_3D('',#11985,#8983,#8984);
#7925=AXIS2_PLACEMENT_3D('',#11991,#8988,#8989);
#7926=AXIS2_PLACEMENT_3D('',#11997,#8993,#8994);
#7927=AXIS2_PLACEMENT_3D('',#12053,#9000,#9001);
#7928=AXIS2_PLACEMENT_3D('',#12059,#9005,#9006);
#7929=AXIS2_PLACEMENT_3D('',#12068,#9011,#9012);
#7930=AXIS2_PLACEMENT_3D('',#12226,#9023,#9024);
#7931=AXIS2_PLACEMENT_3D('',#12232,#9028,#9029);
#7932=AXIS2_PLACEMENT_3D('',#12291,#9036,#9037);
#7933=AXIS2_PLACEMENT_3D('',#12297,#9041,#9042);
#7934=AXIS2_PLACEMENT_3D('',#12303,#9046,#9047);
#7935=AXIS2_PLACEMENT_3D('',#12309,#9051,#9052);
#7936=AXIS2_PLACEMENT_3D('',#12325,#9055,#9056);
#7937=AXIS2_PLACEMENT_3D('',#12327,#9058,#9059);
#7938=AXIS2_PLACEMENT_3D('',#12329,#9061,#9062);
#7939=AXIS2_PLACEMENT_3D('',#12349,#9064,#9065);
#7940=AXIS2_PLACEMENT_3D('',#12355,#9069,#9070);
#7941=AXIS2_PLACEMENT_3D('',#12360,#9074,#9075);
#7942=AXIS2_PLACEMENT_3D('',#12384,#9076,#9077);
#7943=AXIS2_PLACEMENT_3D('',#12407,#9080,#9081);
#7944=AXIS2_PLACEMENT_3D('',#12418,#9083,#9084);
#7945=AXIS2_PLACEMENT_3D('',#12443,#9087,#9088);
#7946=AXIS2_PLACEMENT_3D('',#12484,#9091,#9092);
#7947=AXIS2_PLACEMENT_3D('',#12485,#9093,#9094);
#7948=AXIS2_PLACEMENT_3D('',#12486,#9095,#9096);
#7949=AXIS2_PLACEMENT_3D('',#12487,#9097,#9098);
#7950=AXIS2_PLACEMENT_3D('',#12522,#9099,#9100);
#7951=AXIS2_PLACEMENT_3D('',#12548,#9101,#9102);
#7952=AXIS2_PLACEMENT_3D('',#12570,#9103,#9104);
#7953=AXIS2_PLACEMENT_3D('',#12588,#9105,#9106);
#7954=AXIS2_PLACEMENT_3D('',#12601,#9108,#9109);
#7955=AXIS2_PLACEMENT_3D('',#12619,#9110,#9111);
#7956=AXIS2_PLACEMENT_3D('',#12649,#9112,#9113);
#7957=AXIS2_PLACEMENT_3D('',#12688,#9114,#9115);
#7958=AXIS2_PLACEMENT_3D('',#12725,#9116,#9117);
#7959=AXIS2_PLACEMENT_3D('',#12763,#9119,#9120);
#7960=AXIS2_PLACEMENT_3D('',#12765,#9122,#9123);
#7961=AXIS2_PLACEMENT_3D('',#12766,#9124,#9125);
#7962=AXIS2_PLACEMENT_3D('',#12767,#9126,#9127);
#7963=AXIS2_PLACEMENT_3D('',#12769,#9129,#9130);
#7964=AXIS2_PLACEMENT_3D('',#12771,#9132,#9133);
#7965=AXIS2_PLACEMENT_3D('',#12773,#9135,#9136);
#7966=AXIS2_PLACEMENT_3D('',#12775,#9138,#9139);
#7967=AXIS2_PLACEMENT_3D('',#12777,#9141,#9142);
#7968=AXIS2_PLACEMENT_3D('',#12779,#9144,#9145);
#7969=AXIS2_PLACEMENT_3D('',#12780,#9146,#9147);
#7970=AXIS2_PLACEMENT_3D('',#12781,#9148,#9149);
#7971=AXIS2_PLACEMENT_3D('',#12783,#9151,#9152);
#7972=AXIS2_PLACEMENT_3D('',#12784,#9153,#9154);
#7973=AXIS2_PLACEMENT_3D('',#12785,#9155,#9156);
#7974=AXIS2_PLACEMENT_3D('',#12787,#9158,#9159);
#7975=AXIS2_PLACEMENT_3D('',#12789,#9161,#9162);
#7976=AXIS2_PLACEMENT_3D('',#12791,#9164,#9165);
#7977=AXIS2_PLACEMENT_3D('',#12793,#9167,#9168);
#7978=AXIS2_PLACEMENT_3D('',#12795,#9170,#9171);
#7979=AXIS2_PLACEMENT_3D('',#12797,#9173,#9174);
#7980=AXIS2_PLACEMENT_3D('',#12799,#9176,#9177);
#7981=AXIS2_PLACEMENT_3D('',#12801,#9179,#9180);
#7982=AXIS2_PLACEMENT_3D('',#12803,#9182,#9183);
#7983=AXIS2_PLACEMENT_3D('',#12805,#9185,#9186);
#7984=AXIS2_PLACEMENT_3D('',#12807,#9188,#9189);
#7985=AXIS2_PLACEMENT_3D('',#12808,#9190,#9191);
#7986=AXIS2_PLACEMENT_3D('',#12841,#9192,#9193);
#7987=AXIS2_PLACEMENT_3D('',#12843,#9194,#9195);
#7988=AXIS2_PLACEMENT_3D('',#12845,#9196,#9197);
#7989=AXIS2_PLACEMENT_3D('',#12846,#9198,#9199);
#7990=AXIS2_PLACEMENT_3D('',#12847,#9200,#9201);
#7991=AXIS2_PLACEMENT_3D('',#12850,#9202,#9203);
#7992=AXIS2_PLACEMENT_3D('',#12884,#9206,#9207);
#7993=AXIS2_PLACEMENT_3D('',#12885,#9208,#9209);
#7994=AXIS2_PLACEMENT_3D('',#12886,#9210,#9211);
#7995=AXIS2_PLACEMENT_3D('',#12887,#9212,#9213);
#7996=AXIS2_PLACEMENT_3D('',#12889,#9214,#9215);
#7997=AXIS2_PLACEMENT_3D('',#12929,#9217,#9218);
#7998=AXIS2_PLACEMENT_3D('',#12930,#9219,#9220);
#7999=AXIS2_PLACEMENT_3D('',#12931,#9221,#9222);
#8000=AXIS2_PLACEMENT_3D('',#12932,#9223,#9224);
#8001=AXIS2_PLACEMENT_3D('',#12935,#9225,#9226);
#8002=AXIS2_PLACEMENT_3D('',#12981,#9229,#9230);
#8003=AXIS2_PLACEMENT_3D('',#12982,#9231,#9232);
#8004=AXIS2_PLACEMENT_3D('',#12983,#9233,#9234);
#8005=AXIS2_PLACEMENT_3D('',#12984,#9235,#9236);
#8006=AXIS2_PLACEMENT_3D('',#12986,#9238,#9239);
#8007=AXIS2_PLACEMENT_3D('',#12988,#9241,#9242);
#8008=AXIS2_PLACEMENT_3D('',#12990,#9244,#9245);
#8009=AXIS2_PLACEMENT_3D('',#12991,#9246,#9247);
#8010=AXIS2_PLACEMENT_3D('',#12992,#9248,#9249);
#8011=AXIS2_PLACEMENT_3D('',#12993,#9250,#9251);
#8012=AXIS2_PLACEMENT_3D('',#12994,#9252,#9253);
#8013=AXIS2_PLACEMENT_3D('',#12996,#9254,#9255);
#8014=AXIS2_PLACEMENT_3D('',#12998,#9257,#9258);
#8015=AXIS2_PLACEMENT_3D('',#13000,#9259,#9260);
#8016=AXIS2_PLACEMENT_3D('',#13002,#9262,#9263);
#8017=AXIS2_PLACEMENT_3D('',#13004,#9264,#9265);
#8018=AXIS2_PLACEMENT_3D('',#13006,#9267,#9268);
#8019=AXIS2_PLACEMENT_3D('',#13008,#9269,#9270);
#8020=AXIS2_PLACEMENT_3D('',#13010,#9272,#9273);
#8021=AXIS2_PLACEMENT_3D('',#13012,#9274,#9275);
#8022=AXIS2_PLACEMENT_3D('',#13014,#9277,#9278);
#8023=AXIS2_PLACEMENT_3D('',#13016,#9279,#9280);
#8024=AXIS2_PLACEMENT_3D('',#13018,#9282,#9283);
#8025=AXIS2_PLACEMENT_3D('',#13020,#9284,#9285);
#8026=AXIS2_PLACEMENT_3D('',#13022,#9287,#9288);
#8027=AXIS2_PLACEMENT_3D('',#13024,#9289,#9290);
#8028=AXIS2_PLACEMENT_3D('',#13026,#9292,#9293);
#8029=AXIS2_PLACEMENT_3D('',#13027,#9294,#9295);
#8030=AXIS2_PLACEMENT_3D('',#13028,#9296,#9297);
#8031=AXIS2_PLACEMENT_3D('',#13029,#9298,#9299);
#8032=AXIS2_PLACEMENT_3D('',#13030,#9300,#9301);
#8033=AXIS2_PLACEMENT_3D('',#13033,#9304,#9305);
#8034=AXIS2_PLACEMENT_3D('',#13035,#9307,#9308);
#8035=AXIS2_PLACEMENT_3D('',#13037,#9310,#9311);
#8036=AXIS2_PLACEMENT_3D('',#13038,#9312,#9313);
#8037=AXIS2_PLACEMENT_3D('',#13527,#9349,#9350);
#8038=AXIS2_PLACEMENT_3D('',#13528,#9351,#9352);
#8039=AXIS2_PLACEMENT_3D('',#13532,#9355,#9356);
#8040=AXIS2_PLACEMENT_3D('',#13590,#9361,#9362);
#8041=AXIS2_PLACEMENT_3D('',#13649,#9367,#9368);
#8042=AXIS2_PLACEMENT_3D('',#13913,#9382,#9383);
#8043=AXIS2_PLACEMENT_3D('',#13914,#9384,#9385);
#8044=AXIS2_PLACEMENT_3D('',#13918,#9388,#9389);
#8045=AXIS2_PLACEMENT_3D('',#13922,#9392,#9393);
#8046=AXIS2_PLACEMENT_3D('',#13926,#9396,#9397);
#8047=AXIS2_PLACEMENT_3D('',#13928,#9399,#9400);
#8048=AXIS2_PLACEMENT_3D('',#13930,#9402,#9403);
#8049=AXIS2_PLACEMENT_3D('',#13931,#9404,#9405);
#8050=AXIS2_PLACEMENT_3D('',#13935,#9408,#9409);
#8051=AXIS2_PLACEMENT_3D('',#13939,#9412,#9413);
#8052=AXIS2_PLACEMENT_3D('',#13943,#9416,#9417);
#8053=AXIS2_PLACEMENT_3D('',#13947,#9420,#9421);
#8054=AXIS2_PLACEMENT_3D('',#13951,#9424,#9425);
#8055=AXIS2_PLACEMENT_3D('',#13955,#9428,#9429);
#8056=AXIS2_PLACEMENT_3D('',#13959,#9432,#9433);
#8057=AXIS2_PLACEMENT_3D('',#13963,#9436,#9437);
#8058=AXIS2_PLACEMENT_3D('',#14040,#9443,#9444);
#8059=AXIS2_PLACEMENT_3D('',#14044,#9447,#9448);
#8060=AXIS2_PLACEMENT_3D('',#14084,#9452,#9453);
#8061=AXIS2_PLACEMENT_3D('',#14086,#9455,#9456);
#8062=AXIS2_PLACEMENT_3D('',#14257,#9466,#9467);
#8063=AXIS2_PLACEMENT_3D('',#14259,#9469,#9470);
#8064=AXIS2_PLACEMENT_3D('',#14260,#9471,#9472);
#8065=AXIS2_PLACEMENT_3D('',#14264,#9475,#9476);
#8066=AXIS2_PLACEMENT_3D('',#14266,#9478,#9479);
#8067=AXIS2_PLACEMENT_3D('',#14267,#9480,#9481);
#8068=AXIS2_PLACEMENT_3D('',#14364,#9489,#9490);
#8069=AXIS2_PLACEMENT_3D('',#14366,#9492,#9493);
#8070=AXIS2_PLACEMENT_3D('',#14367,#9494,#9495);
#8071=AXIS2_PLACEMENT_3D('',#14409,#9500,#9501);
#8072=AXIS2_PLACEMENT_3D('',#14411,#9503,#9504);
#8073=AXIS2_PLACEMENT_3D('',#14412,#9505,#9506);
#8074=AXIS2_PLACEMENT_3D('',#14414,#9508,#9509);
#8075=AXIS2_PLACEMENT_3D('',#14415,#9510,#9511);
#8076=AXIS2_PLACEMENT_3D('',#14416,#9512,#9513);
#8077=AXIS2_PLACEMENT_3D('',#14417,#9514,#9515);
#8078=AXIS2_PLACEMENT_3D('',#14419,#9517,#9518);
#8079=AXIS2_PLACEMENT_3D('',#14421,#9519,#9520);
#8080=AXIS2_PLACEMENT_3D('',#14422,#9521,#9522);
#8081=AXIS2_PLACEMENT_3D('',#14424,#9523,#9524);
#8082=AXIS2_PLACEMENT_3D('',#14426,#9526,#9527);
#8083=AXIS2_PLACEMENT_3D('',#14428,#9528,#9529);
#8084=AXIS2_PLACEMENT_3D('',#14429,#9530,#9531);
#8085=AXIS2_PLACEMENT_3D('',#14431,#9532,#9533);
#8086=AXIS2_PLACEMENT_3D('',#14433,#9535,#9536);
#8087=AXIS2_PLACEMENT_3D('',#14435,#9537,#9538);
#8088=AXIS2_PLACEMENT_3D('',#14436,#9539,#9540);
#8089=AXIS2_PLACEMENT_3D('',#14438,#9541,#9542);
#8090=AXIS2_PLACEMENT_3D('',#14440,#9544,#9545);
#8091=AXIS2_PLACEMENT_3D('',#14442,#9546,#9547);
#8092=AXIS2_PLACEMENT_3D('',#14443,#9548,#9549);
#8093=AXIS2_PLACEMENT_3D('',#14445,#9550,#9551);
#8094=AXIS2_PLACEMENT_3D('',#14447,#9553,#9554);
#8095=AXIS2_PLACEMENT_3D('',#14449,#9556,#9557);
#8096=AXIS2_PLACEMENT_3D('',#14450,#9558,#9559);
#8097=AXIS2_PLACEMENT_3D('',#14452,#9561,#9562);
#8098=AXIS2_PLACEMENT_3D('',#14454,#9564,#9565);
#8099=AXIS2_PLACEMENT_3D('',#14455,#9566,#9567);
#8100=AXIS2_PLACEMENT_3D('',#14464,#9572,#9573);
#8101=AXIS2_PLACEMENT_3D('',#14470,#9577,#9578);
#8102=AXIS2_PLACEMENT_3D('',#14473,#9581,#9582);
#8103=AXIS2_PLACEMENT_3D('',#14479,#9586,#9587);
#8104=AXIS2_PLACEMENT_3D('',#14485,#9591,#9592);
#8105=AXIS2_PLACEMENT_3D('',#14491,#9596,#9597);
#8106=AXIS2_PLACEMENT_3D('',#14494,#9600,#9601);
#8107=AXIS2_PLACEMENT_3D('',#14496,#9602,#9603);
#8108=AXIS2_PLACEMENT_3D('',#14498,#9604,#9605);
#8109=AXIS2_PLACEMENT_3D('',#14499,#9606,#9607);
#8110=AXIS2_PLACEMENT_3D('',#14501,#9608,#9609);
#8111=AXIS2_PLACEMENT_3D('',#14503,#9610,#9611);
#8112=AXIS2_PLACEMENT_3D('',#14504,#9612,#9613);
#8113=AXIS2_PLACEMENT_3D('',#14506,#9615,#9616);
#8114=AXIS2_PLACEMENT_3D('',#14508,#9618,#9619);
#8115=AXIS2_PLACEMENT_3D('',#14509,#9620,#9621);
#8116=AXIS2_PLACEMENT_3D('',#14515,#9625,#9626);
#8117=AXIS2_PLACEMENT_3D('',#14519,#9629,#9630);
#8118=AXIS2_PLACEMENT_3D('',#14523,#9633,#9634);
#8119=AXIS2_PLACEMENT_3D('',#14525,#9636,#9637);
#8120=AXIS2_PLACEMENT_3D('',#14526,#9638,#9639);
#8121=AXIS2_PLACEMENT_3D('',#14528,#9640,#9641);
#8122=AXIS2_PLACEMENT_3D('',#14529,#9642,#9643);
#8123=AXIS2_PLACEMENT_3D('',#14531,#9645,#9646);
#8124=AXIS2_PLACEMENT_3D('',#14533,#9648,#9649);
#8125=AXIS2_PLACEMENT_3D('',#14535,#9651,#9652);
#8126=AXIS2_PLACEMENT_3D('',#14537,#9654,#9655);
#8127=AXIS2_PLACEMENT_3D('',#14546,#9660,#9661);
#8128=AXIS2_PLACEMENT_3D('',#14549,#9664,#9665);
#8129=AXIS2_PLACEMENT_3D('',#14551,#9667,#9668);
#8130=AXIS2_PLACEMENT_3D('',#14553,#9670,#9671);
#8131=AXIS2_PLACEMENT_3D('',#14554,#9672,#9673);
#8132=AXIS2_PLACEMENT_3D('',#14555,#9674,#9675);
#8133=DIRECTION('axis',(0.,0.,1.));
#8134=DIRECTION('refdir',(1.,0.,0.));
#8135=DIRECTION('center_axis',(0.,0.,1.));
#8136=DIRECTION('ref_axis',(-1.,0.,0.));
#8137=DIRECTION('',(1.,0.,0.));
#8138=DIRECTION('',(-2.41356837489333E-8,1.,0.));
#8139=DIRECTION('center_axis',(0.,0.,-1.));
#8140=DIRECTION('ref_axis',(-1.,1.77635683940025E-15,0.));
#8141=DIRECTION('',(-1.,1.08314441426845E-16,0.));
#8142=DIRECTION('center_axis',(0.,0.,-1.));
#8143=DIRECTION('ref_axis',(-1.77635683940025E-15,-1.,0.));
#8144=DIRECTION('',(-2.41356831234555E-8,-1.,0.));
#8145=DIRECTION('center_axis',(0.,0.,1.));
#8146=DIRECTION('ref_axis',(1.,0.,0.));
#8147=DIRECTION('center_axis',(0.,0.,1.));
#8148=DIRECTION('ref_axis',(1.,0.,0.));
#8149=DIRECTION('center_axis',(0.,-1.,0.));
#8150=DIRECTION('ref_axis',(-1.,0.,0.));
#8151=DIRECTION('',(-1.,0.,0.));
#8152=DIRECTION('center_axis',(0.,1.,0.));
#8153=DIRECTION('ref_axis',(-0.707106781186549,0.,-0.707106781186546));
#8154=DIRECTION('',(0.,0.,1.));
#8155=DIRECTION('center_axis',(0.,1.,0.));
#8156=DIRECTION('ref_axis',(-0.707106781186548,0.,0.707106781186548));
#8157=DIRECTION('',(1.,0.,0.));
#8158=DIRECTION('center_axis',(0.,1.,0.));
#8159=DIRECTION('ref_axis',(0.707106781186548,0.,0.707106781186548));
#8160=DIRECTION('',(0.,0.,-1.));
#8161=DIRECTION('',(-1.,0.,0.));
#8162=DIRECTION('',(0.,0.,-1.));
#8163=DIRECTION('',(1.,0.,0.));
#8164=DIRECTION('',(0.,0.,-1.));
#8165=DIRECTION('center_axis',(0.,1.,0.));
#8166=DIRECTION('ref_axis',(0.707106781186549,0.,-0.707106781186546));
#8167=DIRECTION('',(0.,0.,-1.));
#8168=DIRECTION('',(0.,0.,1.));
#8169=DIRECTION('',(-1.,0.,-1.60246888144099E-16));
#8170=DIRECTION('',(-0.5,0.,-0.866025403784439));
#8171=DIRECTION('',(0.5,0.,-0.866025403784439));
#8172=DIRECTION('',(1.,0.,6.40987552576396E-16));
#8173=DIRECTION('',(0.,0.,-1.));
#8174=DIRECTION('',(-1.,0.,0.));
#8175=DIRECTION('',(-0.5,0.,-0.866025403784439));
#8176=DIRECTION('',(0.5,0.,-0.866025403784439));
#8177=DIRECTION('',(1.,0.,0.));
#8178=DIRECTION('',(0.5,0.,0.866025403784439));
#8179=DIRECTION('',(-1.,0.,0.));
#8180=DIRECTION('',(0.,0.,1.));
#8181=DIRECTION('',(-1.,0.,0.));
#8182=DIRECTION('',(0.,0.,-1.));
#8183=DIRECTION('',(-1.,0.,0.));
#8184=DIRECTION('',(0.5,0.,-0.866025403784439));
#8185=DIRECTION('',(1.,0.,0.));
#8186=DIRECTION('',(0.5,0.,0.866025403784439));
#8187=DIRECTION('',(-0.5,0.,0.866025403784439));
#8188=DIRECTION('',(-1.,0.,0.));
#8189=DIRECTION('',(0.,0.,1.));
#8190=DIRECTION('',(1.,0.,6.40987552576396E-16));
#8191=DIRECTION('',(0.5,0.,0.866025403784439));
#8192=DIRECTION('',(-0.5,0.,0.866025403784439));
#8193=DIRECTION('',(-1.,0.,-1.60246888144099E-16));
#8194=DIRECTION('center_axis',(0.,-1.,0.));
#8195=DIRECTION('ref_axis',(0.,0.,-1.));
#8196=DIRECTION('',(0.,0.,1.));
#8197=DIRECTION('',(1.,0.,0.));
#8198=DIRECTION('',(0.,0.,-1.));
#8199=DIRECTION('',(-1.,0.,0.));
#8200=DIRECTION('center_axis',(0.,-1.,0.));
#8201=DIRECTION('ref_axis',(0.,0.,-1.));
#8202=DIRECTION('',(0.,0.,1.));
#8203=DIRECTION('',(1.,0.,0.));
#8204=DIRECTION('',(0.,0.,-1.));
#8205=DIRECTION('',(-1.,0.,0.));
#8206=DIRECTION('center_axis',(0.,-1.,0.));
#8207=DIRECTION('ref_axis',(0.,0.,-1.));
#8208=DIRECTION('',(0.,0.,1.));
#8209=DIRECTION('',(1.,0.,0.));
#8210=DIRECTION('',(0.,0.,-1.));
#8211=DIRECTION('',(-1.,0.,0.));
#8212=DIRECTION('center_axis',(0.,-1.,0.));
#8213=DIRECTION('ref_axis',(0.,0.,-1.));
#8214=DIRECTION('',(0.,0.,1.));
#8215=DIRECTION('',(1.,0.,0.));
#8216=DIRECTION('',(0.,0.,-1.));
#8217=DIRECTION('',(-1.,0.,0.));
#8218=DIRECTION('center_axis',(0.,-1.,0.));
#8219=DIRECTION('ref_axis',(0.,0.,-1.));
#8220=DIRECTION('',(0.,0.,1.));
#8221=DIRECTION('',(1.,0.,0.));
#8222=DIRECTION('',(0.,0.,-1.));
#8223=DIRECTION('',(-1.,0.,0.));
#8224=DIRECTION('center_axis',(0.,-1.,0.));
#8225=DIRECTION('ref_axis',(0.,0.,-1.));
#8226=DIRECTION('',(0.,0.,1.));
#8227=DIRECTION('',(1.,0.,0.));
#8228=DIRECTION('',(0.,0.,-1.));
#8229=DIRECTION('',(-1.,0.,0.));
#8230=DIRECTION('center_axis',(0.,-1.,0.));
#8231=DIRECTION('ref_axis',(0.,0.,-1.));
#8232=DIRECTION('',(0.,0.,1.));
#8233=DIRECTION('',(1.,0.,0.));
#8234=DIRECTION('',(0.,0.,-1.));
#8235=DIRECTION('',(-1.,0.,0.));
#8236=DIRECTION('center_axis',(0.,-1.,0.));
#8237=DIRECTION('ref_axis',(0.,0.,-1.));
#8238=DIRECTION('',(0.,0.,1.));
#8239=DIRECTION('',(1.,0.,0.));
#8240=DIRECTION('',(0.,0.,-1.));
#8241=DIRECTION('',(-1.,0.,0.));
#8242=DIRECTION('center_axis',(0.,-1.,0.));
#8243=DIRECTION('ref_axis',(0.,0.,-1.));
#8244=DIRECTION('',(0.,0.,1.));
#8245=DIRECTION('',(1.,0.,0.));
#8246=DIRECTION('',(0.,0.,-1.));
#8247=DIRECTION('',(-1.,0.,0.));
#8248=DIRECTION('center_axis',(-1.,0.,0.));
#8249=DIRECTION('ref_axis',(0.,1.,0.));
#8250=DIRECTION('',(0.,1.,0.));
#8251=DIRECTION('',(0.,0.,-1.));
#8252=DIRECTION('center_axis',(-1.,0.,0.));
#8253=DIRECTION('ref_axis',(0.,-0.99999999999996,2.83122063571284E-7));
#8254=DIRECTION('',(0.,1.,0.));
#8255=DIRECTION('center_axis',(-1.,0.,0.));
#8256=DIRECTION('ref_axis',(0.,0.99999999999996,2.83122063571284E-7));
#8257=DIRECTION('',(0.,-1.,0.));
#8258=DIRECTION('center_axis',(1.,0.,0.));
#8259=DIRECTION('ref_axis',(0.,-1.,0.));
#8260=DIRECTION('',(0.,-1.,0.));
#8261=DIRECTION('',(0.,1.,0.));
#8262=DIRECTION('center_axis',(1.,0.,0.));
#8263=DIRECTION('ref_axis',(0.,0.99999999999996,2.83122063571284E-7));
#8264=DIRECTION('',(0.,-1.,0.));
#8265=DIRECTION('center_axis',(1.,0.,0.));
#8266=DIRECTION('ref_axis',(0.,-0.99999999999996,2.83122063571284E-7));
#8267=DIRECTION('',(0.,0.,-1.));
#8268=DIRECTION('center_axis',(-1.,0.,0.));
#8269=DIRECTION('ref_axis',(0.,1.,0.));
#8270=DIRECTION('',(0.,1.,0.));
#8271=DIRECTION('',(0.,0.,-1.));
#8272=DIRECTION('center_axis',(-1.,0.,0.));
#8273=DIRECTION('ref_axis',(0.,-0.99999999999996,2.83122063571284E-7));
#8274=DIRECTION('',(0.,1.,0.));
#8275=DIRECTION('center_axis',(-1.,0.,0.));
#8276=DIRECTION('ref_axis',(0.,0.99999999999996,2.83122063571284E-7));
#8277=DIRECTION('',(0.,-1.,0.));
#8278=DIRECTION('center_axis',(1.,0.,0.));
#8279=DIRECTION('ref_axis',(0.,-1.,0.));
#8280=DIRECTION('',(0.,-1.,0.));
#8281=DIRECTION('',(0.,1.,0.));
#8282=DIRECTION('center_axis',(1.,0.,0.));
#8283=DIRECTION('ref_axis',(0.,0.99999999999996,2.83122063571284E-7));
#8284=DIRECTION('',(0.,-1.,0.));
#8285=DIRECTION('center_axis',(1.,0.,0.));
#8286=DIRECTION('ref_axis',(0.,-0.99999999999996,2.83122063571284E-7));
#8287=DIRECTION('',(0.,0.,-1.));
#8288=DIRECTION('center_axis',(-1.,0.,0.));
#8289=DIRECTION('ref_axis',(0.,1.,0.));
#8290=DIRECTION('',(0.,1.,0.));
#8291=DIRECTION('',(0.,0.,-1.));
#8292=DIRECTION('center_axis',(-1.,0.,0.));
#8293=DIRECTION('ref_axis',(0.,-0.99999999999996,2.83122063571284E-7));
#8294=DIRECTION('',(0.,1.,0.));
#8295=DIRECTION('center_axis',(-1.,0.,0.));
#8296=DIRECTION('ref_axis',(0.,0.99999999999996,2.83122063571284E-7));
#8297=DIRECTION('',(0.,-1.,0.));
#8298=DIRECTION('center_axis',(-1.,0.,0.));
#8299=DIRECTION('ref_axis',(0.,1.,0.));
#8300=DIRECTION('',(0.,1.,0.));
#8301=DIRECTION('',(0.,0.,-1.));
#8302=DIRECTION('center_axis',(-1.,0.,0.));
#8303=DIRECTION('ref_axis',(0.,-0.99999999999996,2.83122063571284E-7));
#8304=DIRECTION('',(0.,1.,0.));
#8305=DIRECTION('center_axis',(-1.,0.,0.));
#8306=DIRECTION('ref_axis',(0.,0.99999999999996,2.83122063571284E-7));
#8307=DIRECTION('',(0.,-1.,0.));
#8308=DIRECTION('center_axis',(-1.,0.,0.));
#8309=DIRECTION('ref_axis',(0.,1.,0.));
#8310=DIRECTION('',(0.,1.,0.));
#8311=DIRECTION('',(0.,0.,-1.));
#8312=DIRECTION('center_axis',(-1.,0.,0.));
#8313=DIRECTION('ref_axis',(0.,-0.99999999999996,2.83122063571284E-7));
#8314=DIRECTION('',(0.,1.,0.));
#8315=DIRECTION('center_axis',(-1.,0.,0.));
#8316=DIRECTION('ref_axis',(0.,0.99999999999996,2.83122063571284E-7));
#8317=DIRECTION('',(0.,-1.,0.));
#8318=DIRECTION('center_axis',(1.,0.,0.));
#8319=DIRECTION('ref_axis',(0.,-1.,0.));
#8320=DIRECTION('',(0.,-1.,0.));
#8321=DIRECTION('',(0.,1.,0.));
#8322=DIRECTION('center_axis',(1.,0.,0.));
#8323=DIRECTION('ref_axis',(0.,0.99999999999996,2.83122063571284E-7));
#8324=DIRECTION('',(0.,-1.,0.));
#8325=DIRECTION('center_axis',(1.,0.,0.));
#8326=DIRECTION('ref_axis',(0.,-0.99999999999996,2.83122063571284E-7));
#8327=DIRECTION('',(0.,0.,-1.));
#8328=DIRECTION('center_axis',(-1.,0.,0.));
#8329=DIRECTION('ref_axis',(0.,1.,0.));
#8330=DIRECTION('',(0.,1.,0.));
#8331=DIRECTION('',(0.,0.,-1.));
#8332=DIRECTION('center_axis',(-1.,0.,0.));
#8333=DIRECTION('ref_axis',(0.,-0.99999999999996,2.83122063571284E-7));
#8334=DIRECTION('',(0.,1.,0.));
#8335=DIRECTION('center_axis',(-1.,0.,0.));
#8336=DIRECTION('ref_axis',(0.,0.99999999999996,2.83122063571284E-7));
#8337=DIRECTION('',(0.,-1.,0.));
#8338=DIRECTION('center_axis',(1.,0.,0.));
#8339=DIRECTION('ref_axis',(0.,-1.,0.));
#8340=DIRECTION('',(0.,-1.,0.));
#8341=DIRECTION('',(0.,1.,0.));
#8342=DIRECTION('center_axis',(1.,0.,0.));
#8343=DIRECTION('ref_axis',(0.,0.99999999999996,2.83122063571284E-7));
#8344=DIRECTION('',(0.,-1.,0.));
#8345=DIRECTION('center_axis',(1.,0.,0.));
#8346=DIRECTION('ref_axis',(0.,-0.99999999999996,2.83122063571284E-7));
#8347=DIRECTION('',(0.,0.,-1.));
#8348=DIRECTION('center_axis',(-1.,0.,0.));
#8349=DIRECTION('ref_axis',(0.,1.,0.));
#8350=DIRECTION('',(0.,1.,0.));
#8351=DIRECTION('',(0.,0.,-1.));
#8352=DIRECTION('center_axis',(-1.,0.,0.));
#8353=DIRECTION('ref_axis',(0.,-0.99999999999996,2.83122063571284E-7));
#8354=DIRECTION('',(0.,1.,0.));
#8355=DIRECTION('center_axis',(-1.,0.,0.));
#8356=DIRECTION('ref_axis',(0.,0.99999999999996,2.83122063571284E-7));
#8357=DIRECTION('',(0.,-1.,0.));
#8358=DIRECTION('center_axis',(1.,0.,0.));
#8359=DIRECTION('ref_axis',(0.,-1.,0.));
#8360=DIRECTION('',(0.,-1.,0.));
#8361=DIRECTION('',(0.,1.,0.));
#8362=DIRECTION('center_axis',(1.,0.,0.));
#8363=DIRECTION('ref_axis',(0.,0.99999999999996,2.83122063571284E-7));
#8364=DIRECTION('',(0.,-1.,0.));
#8365=DIRECTION('center_axis',(1.,0.,0.));
#8366=DIRECTION('ref_axis',(0.,-0.99999999999996,2.83122063571284E-7));
#8367=DIRECTION('',(0.,0.,-1.));
#8368=DIRECTION('center_axis',(-1.,0.,0.));
#8369=DIRECTION('ref_axis',(0.,1.,0.));
#8370=DIRECTION('',(0.,1.,0.));
#8371=DIRECTION('',(0.,0.,-1.));
#8372=DIRECTION('center_axis',(-1.,0.,0.));
#8373=DIRECTION('ref_axis',(0.,-0.99999999999996,2.83122063571284E-7));
#8374=DIRECTION('',(0.,1.,0.));
#8375=DIRECTION('center_axis',(-1.,0.,0.));
#8376=DIRECTION('ref_axis',(0.,0.99999999999996,2.83122063571284E-7));
#8377=DIRECTION('',(0.,-1.,0.));
#8378=DIRECTION('center_axis',(0.,0.,-1.));
#8379=DIRECTION('ref_axis',(0.,1.,0.));
#8380=DIRECTION('',(2.09881602619906E-8,-1.,0.));
#8381=DIRECTION('',(0.,-1.,0.));
#8382=DIRECTION('',(-1.,0.,0.));
#8383=DIRECTION('',(0.,1.,0.));
#8384=DIRECTION('',(0.,-1.,0.));
#8385=DIRECTION('',(-1.,0.,0.));
#8386=DIRECTION('',(0.,1.,0.));
#8387=DIRECTION('',(-1.,0.,0.));
#8388=DIRECTION('',(-1.,0.,0.));
#8389=DIRECTION('',(-1.,0.,0.));
#8390=DIRECTION('',(-1.,0.,0.));
#8391=DIRECTION('',(-1.,0.,0.));
#8392=DIRECTION('',(-1.,0.,0.));
#8393=DIRECTION('',(0.,1.,0.));
#8394=DIRECTION('',(-1.,0.,0.));
#8395=DIRECTION('',(0.,1.,0.));
#8396=DIRECTION('',(-1.,0.,0.));
#8397=DIRECTION('',(0.,1.,0.));
#8398=DIRECTION('',(-2.09875729218308E-8,1.,0.));
#8399=DIRECTION('',(-1.,0.,0.));
#8400=DIRECTION('',(0.,-1.,0.));
#8401=DIRECTION('',(-1.,0.,0.));
#8402=DIRECTION('',(0.,-1.,0.));
#8403=DIRECTION('',(-1.,0.,0.));
#8404=DIRECTION('',(0.,-1.,0.));
#8405=DIRECTION('',(-1.,0.,0.));
#8406=DIRECTION('',(0.,1.,0.));
#8407=DIRECTION('',(1.,0.,0.));
#8408=DIRECTION('',(4.97578946610714E-16,-1.,0.));
#8409=DIRECTION('',(-1.,6.16790569236198E-17,0.));
#8410=DIRECTION('',(0.,1.,0.));
#8411=DIRECTION('',(1.,0.,0.));
#8412=DIRECTION('center_axis',(-1.,0.,0.));
#8413=DIRECTION('ref_axis',(0.,1.,0.));
#8414=DIRECTION('',(0.,1.,0.));
#8415=DIRECTION('',(0.,0.,-1.));
#8416=DIRECTION('center_axis',(-1.,0.,0.));
#8417=DIRECTION('ref_axis',(0.,-0.99999999999996,2.83122063571284E-7));
#8418=DIRECTION('',(0.,1.,0.));
#8419=DIRECTION('center_axis',(-1.,0.,0.));
#8420=DIRECTION('ref_axis',(0.,0.99999999999996,2.83122063571284E-7));
#8421=DIRECTION('center_axis',(0.,1.,0.));
#8422=DIRECTION('ref_axis',(0.,0.,1.));
#8423=DIRECTION('center_axis',(0.,-1.,0.));
#8424=DIRECTION('ref_axis',(-1.,0.,0.));
#8425=DIRECTION('center_axis',(0.,1.,0.));
#8426=DIRECTION('ref_axis',(0.,0.,1.));
#8427=DIRECTION('center_axis',(0.,-1.,0.));
#8428=DIRECTION('ref_axis',(-1.,0.,0.));
#8429=DIRECTION('center_axis',(0.,1.,0.));
#8430=DIRECTION('ref_axis',(0.,0.,1.));
#8431=DIRECTION('center_axis',(0.,-1.,0.));
#8432=DIRECTION('ref_axis',(-1.,0.,0.));
#8433=DIRECTION('center_axis',(0.,1.,0.));
#8434=DIRECTION('ref_axis',(0.,0.,1.));
#8435=DIRECTION('center_axis',(0.,-1.,0.));
#8436=DIRECTION('ref_axis',(-1.,0.,0.));
#8437=DIRECTION('center_axis',(-1.,0.,0.));
#8438=DIRECTION('ref_axis',(0.,1.,0.));
#8439=DIRECTION('center_axis',(-1.,0.,0.));
#8440=DIRECTION('ref_axis',(0.,1.,0.));
#8441=DIRECTION('',(-1.,0.,0.));
#8442=DIRECTION('center_axis',(1.,0.,0.));
#8443=DIRECTION('ref_axis',(0.,1.,0.));
#8444=DIRECTION('center_axis',(-1.,0.,0.));
#8445=DIRECTION('ref_axis',(0.,1.,0.));
#8446=DIRECTION('center_axis',(1.,0.,0.));
#8447=DIRECTION('ref_axis',(0.,1.,0.));
#8448=DIRECTION('',(-1.,0.,0.));
#8449=DIRECTION('center_axis',(1.,0.,0.));
#8450=DIRECTION('ref_axis',(0.,1.,0.));
#8451=DIRECTION('center_axis',(1.,0.,0.));
#8452=DIRECTION('ref_axis',(0.,1.,0.));
#8453=DIRECTION('',(0.,0.,-1.));
#8454=DIRECTION('',(0.,0.,-1.));
#8455=DIRECTION('',(0.,-1.,0.));
#8456=DIRECTION('',(0.,-1.,0.));
#8457=DIRECTION('',(0.,0.,-1.));
#8458=DIRECTION('',(0.,0.,1.));
#8459=DIRECTION('',(0.,1.,0.));
#8460=DIRECTION('',(0.,0.,-1.));
#8461=DIRECTION('',(0.,-1.,0.));
#8462=DIRECTION('',(0.,1.,0.));
#8463=DIRECTION('',(0.,0.,-1.));
#8464=DIRECTION('',(0.,-1.,0.));
#8465=DIRECTION('',(0.,0.,1.));
#8466=DIRECTION('',(0.,-1.,0.));
#8467=DIRECTION('',(0.,-1.81705896010664E-16,1.));
#8468=DIRECTION('',(0.,1.,4.09298810921717E-16));
#8469=DIRECTION('',(0.,1.81705896010664E-16,-1.));
#8470=DIRECTION('center_axis',(1.,-3.96901975039779E-14,0.));
#8471=DIRECTION('ref_axis',(3.96901975039779E-14,1.,9.43689570926782E-16));
#8472=DIRECTION('center_axis',(-1.,0.,0.));
#8473=DIRECTION('ref_axis',(3.90798504668055E-14,1.,9.43689570926782E-16));
#8474=DIRECTION('',(-1.,3.96901975039779E-14,0.));
#8475=DIRECTION('center_axis',(-1.,3.73245223219016E-31,-4.93038065763129E-32));
#8476=DIRECTION('ref_axis',(3.96901975039779E-14,1.,9.43689570926782E-16));
#8477=DIRECTION('center_axis',(3.26536183713285E-14,1.,0.));
#8478=DIRECTION('ref_axis',(0.,0.,1.));
#8479=DIRECTION('',(1.,-3.90798504668055E-14,0.));
#8480=DIRECTION('',(0.,0.,1.));
#8481=DIRECTION('',(1.,-3.96901975039779E-14,0.));
#8482=DIRECTION('',(0.,0.,-1.));
#8483=DIRECTION('center_axis',(0.,0.,-1.));
#8484=DIRECTION('ref_axis',(-1.,0.,0.));
#8485=DIRECTION('',(1.,0.,0.));
#8486=DIRECTION('',(0.,-1.,0.));
#8487=DIRECTION('',(3.97598620693883E-14,1.,0.));
#8488=DIRECTION('center_axis',(-1.,3.97598620693883E-14,-3.95516952521217E-16));
#8489=DIRECTION('ref_axis',(3.97598620693883E-14,1.,9.43689570926782E-16));
#8490=DIRECTION('',(-3.95516952521217E-16,0.,1.));
#8491=DIRECTION('',(3.89551938464965E-14,1.,0.));
#8492=DIRECTION('center_axis',(1.,0.,0.));
#8493=DIRECTION('ref_axis',(0.,-1.,0.));
#8494=DIRECTION('center_axis',(0.,1.,0.));
#8495=DIRECTION('ref_axis',(1.,0.,0.));
#8496=DIRECTION('',(1.,-3.90798504668055E-14,0.));
#8497=DIRECTION('',(0.,1.54567433616158E-29,-1.));
#8498=DIRECTION('center_axis',(0.,0.,-1.));
#8499=DIRECTION('ref_axis',(-1.,0.,0.));
#8500=DIRECTION('',(0.,1.,0.));
#8501=DIRECTION('center_axis',(0.,-1.,0.));
#8502=DIRECTION('ref_axis',(-1.,0.,0.));
#8503=DIRECTION('',(0.,0.,-1.));
#8504=DIRECTION('',(-1.,0.,0.));
#8505=DIRECTION('',(-3.95516952521217E-16,0.,1.));
#8506=DIRECTION('',(1.,0.,3.74552254525281E-29));
#8507=DIRECTION('center_axis',(-1.,3.97598620693883E-14,-3.95516952521217E-16));
#8508=DIRECTION('ref_axis',(3.97598620693883E-14,1.,9.43689570926782E-16));
#8509=DIRECTION('',(-3.97598620693883E-14,-1.,0.));
#8510=DIRECTION('',(-3.95516952521218E-16,0.,1.));
#8511=DIRECTION('',(-3.89551938464965E-14,-1.,0.));
#8512=DIRECTION('center_axis',(-1.,0.,0.));
#8513=DIRECTION('ref_axis',(0.,-1.,0.));
#8514=DIRECTION('center_axis',(0.,0.,-1.));
#8515=DIRECTION('ref_axis',(-1.,0.,0.));
#8516=DIRECTION('',(3.97598620693883E-14,1.,0.));
#8517=DIRECTION('',(-1.,0.,0.));
#8518=DIRECTION('center_axis',(-1.,3.97598620693883E-14,-3.95516952521217E-16));
#8519=DIRECTION('ref_axis',(3.97598620693883E-14,1.,9.43689570926782E-16));
#8520=DIRECTION('',(3.89551938464965E-14,1.,0.));
#8521=DIRECTION('',(0.,0.,-1.));
#8522=DIRECTION('center_axis',(1.,0.,0.));
#8523=DIRECTION('ref_axis',(0.,-1.,0.));
#8524=DIRECTION('center_axis',(0.,-1.,0.));
#8525=DIRECTION('ref_axis',(0.,0.,1.));
#8526=DIRECTION('',(0.,0.,-1.));
#8527=DIRECTION('',(-1.,0.,0.));
#8528=DIRECTION('',(0.,0.,1.));
#8529=DIRECTION('',(-1.,0.,0.));
#8530=DIRECTION('center_axis',(0.,0.,-1.));
#8531=DIRECTION('ref_axis',(0.,-1.,0.));
#8532=DIRECTION('center_axis',(0.,0.,-1.));
#8533=DIRECTION('ref_axis',(-1.77635683940025E-15,-1.,0.));
#8534=DIRECTION('',(0.,-1.,0.));
#8535=DIRECTION('',(0.,-1.,0.));
#8536=DIRECTION('center_axis',(0.,1.,0.));
#8537=DIRECTION('ref_axis',(0.,0.,1.));
#8538=DIRECTION('',(0.,0.,-1.));
#8539=DIRECTION('',(1.,0.,0.));
#8540=DIRECTION('center_axis',(0.,1.,0.));
#8541=DIRECTION('ref_axis',(-1.,0.,0.));
#8542=DIRECTION('center_axis',(0.,1.,0.));
#8543=DIRECTION('ref_axis',(-1.,0.,0.));
#8544=DIRECTION('center_axis',(0.,1.,0.));
#8545=DIRECTION('ref_axis',(-1.,0.,0.));
#8546=DIRECTION('center_axis',(0.,1.,0.));
#8547=DIRECTION('ref_axis',(-1.,0.,0.));
#8548=DIRECTION('center_axis',(0.,0.,1.));
#8549=DIRECTION('ref_axis',(1.,0.,0.));
#8550=DIRECTION('',(0.,1.,0.));
#8551=DIRECTION('center_axis',(0.,0.,-1.));
#8552=DIRECTION('ref_axis',(-1.77635683940025E-15,-1.,0.));
#8553=DIRECTION('',(-1.,1.08314441426845E-16,0.));
#8554=DIRECTION('center_axis',(0.,0.,-1.));
#8555=DIRECTION('ref_axis',(-1.,1.77635683940025E-15,0.));
#8556=DIRECTION('center_axis',(0.,0.,-1.));
#8557=DIRECTION('ref_axis',(-1.,0.,0.));
#8558=DIRECTION('',(0.,1.,0.));
#8559=DIRECTION('',(1.,0.,0.));
#8560=DIRECTION('',(0.,-1.,0.));
#8561=DIRECTION('',(-1.,0.,0.));
#8562=DIRECTION('center_axis',(0.,-1.,0.));
#8563=DIRECTION('ref_axis',(0.,0.,-1.));
#8564=DIRECTION('',(0.,0.,1.));
#8565=DIRECTION('',(-1.,0.,0.));
#8566=DIRECTION('',(0.,0.,-1.));
#8567=DIRECTION('',(1.,0.,0.));
#8568=DIRECTION('',(-1.,0.,0.));
#8569=DIRECTION('',(3.95516952521218E-16,0.,-1.));
#8570=DIRECTION('',(1.,0.,0.));
#8571=DIRECTION('',(-3.95516952521218E-16,0.,1.));
#8572=DIRECTION('center_axis',(-1.,0.,0.));
#8573=DIRECTION('ref_axis',(0.,-1.,0.));
#8574=DIRECTION('center_axis',(0.,1.,0.));
#8575=DIRECTION('ref_axis',(0.,0.,1.));
#8576=DIRECTION('',(0.,0.,1.));
#8577=DIRECTION('',(1.,0.,0.));
#8578=DIRECTION('',(0.,0.,-1.));
#8579=DIRECTION('center_axis',(-1.,0.,0.));
#8580=DIRECTION('ref_axis',(0.,0.,1.));
#8581=DIRECTION('',(0.,-1.,0.));
#8582=DIRECTION('',(0.,3.92999300752268E-16,1.));
#8583=DIRECTION('',(0.,1.,0.));
#8584=DIRECTION('',(0.,-9.82498251880669E-17,-1.));
#8585=DIRECTION('',(0.,-1.,0.));
#8586=DIRECTION('',(0.,0.,-1.));
#8587=DIRECTION('',(0.,1.,0.));
#8588=DIRECTION('',(0.,0.,1.));
#8589=DIRECTION('center_axis',(0.,0.,-1.));
#8590=DIRECTION('ref_axis',(-1.,0.,0.));
#8591=DIRECTION('',(1.,0.,0.));
#8592=DIRECTION('',(0.,1.,0.));
#8593=DIRECTION('',(-1.,0.,0.));
#8594=DIRECTION('center_axis',(0.,1.,-3.92999300752268E-16));
#8595=DIRECTION('ref_axis',(0.,3.92999300752268E-16,1.));
#8596=DIRECTION('',(-1.,0.,0.));
#8597=DIRECTION('',(0.,3.92999300752268E-16,1.));
#8598=DIRECTION('center_axis',(-1.,0.,0.));
#8599=DIRECTION('ref_axis',(0.,0.,1.));
#8600=DIRECTION('',(0.,-1.,0.));
#8601=DIRECTION('',(0.,0.,1.));
#8602=DIRECTION('',(0.,1.,0.));
#8603=DIRECTION('',(0.,0.,-1.));
#8604=DIRECTION('',(0.,0.,1.));
#8605=DIRECTION('',(0.,-1.,0.));
#8606=DIRECTION('',(0.,0.,-1.));
#8607=DIRECTION('',(0.,1.,0.));
#8608=DIRECTION('center_axis',(0.,0.,-1.));
#8609=DIRECTION('ref_axis',(-1.,0.,0.));
#8610=DIRECTION('',(1.,0.,0.));
#8611=DIRECTION('',(0.,1.,0.));
#8612=DIRECTION('',(-1.,0.,0.));
#8613=DIRECTION('center_axis',(0.,1.,0.));
#8614=DIRECTION('ref_axis',(0.,0.,1.));
#8615=DIRECTION('',(-1.,0.,0.));
#8616=DIRECTION('',(0.,0.,1.));
#8617=DIRECTION('center_axis',(0.,0.,-1.));
#8618=DIRECTION('ref_axis',(-1.,0.,0.));
#8619=DIRECTION('',(1.,0.,0.));
#8620=DIRECTION('',(0.,1.,0.));
#8621=DIRECTION('',(1.,0.,0.));
#8622=DIRECTION('',(-1.,0.,0.));
#8623=DIRECTION('',(0.,1.,0.));
#8624=DIRECTION('',(-1.,0.,0.));
#8625=DIRECTION('',(0.,-1.,0.));
#8626=DIRECTION('center_axis',(0.,-1.,0.));
#8627=DIRECTION('ref_axis',(0.,0.,-1.));
#8628=DIRECTION('',(-1.,0.,0.));
#8629=DIRECTION('',(0.,0.,-1.));
#8630=DIRECTION('',(0.,0.,-1.));
#8631=DIRECTION('center_axis',(0.,0.,-1.));
#8632=DIRECTION('ref_axis',(-1.,0.,0.));
#8633=DIRECTION('',(1.,0.,0.));
#8634=DIRECTION('',(0.,1.,0.));
#8635=DIRECTION('center_axis',(0.,0.,-1.));
#8636=DIRECTION('ref_axis',(-1.,0.,0.));
#8637=DIRECTION('',(1.,0.,0.));
#8638=DIRECTION('',(0.,-1.,0.));
#8639=DIRECTION('',(1.,0.,0.));
#8640=DIRECTION('',(-1.,0.,0.));
#8641=DIRECTION('',(0.,-1.,0.));
#8642=DIRECTION('',(0.,1.,0.));
#8643=DIRECTION('center_axis',(-1.,0.,0.));
#8644=DIRECTION('ref_axis',(0.,-1.,0.));
#8645=DIRECTION('',(0.,1.,0.));
#8646=DIRECTION('',(0.,-0.298274993135947,-0.95447997803503));
#8647=DIRECTION('',(0.,1.,0.));
#8648=DIRECTION('',(0.,0.,-1.));
#8649=DIRECTION('',(0.,1.,0.));
#8650=DIRECTION('',(0.,-1.81705896010664E-16,1.));
#8651=DIRECTION('',(0.,-1.,-4.09298810921717E-16));
#8652=DIRECTION('',(0.,1.81705896010664E-16,-1.));
#8653=DIRECTION('',(0.,1.,0.));
#8654=DIRECTION('',(0.,-9.82498251880669E-17,-1.));
#8655=DIRECTION('center_axis',(0.,0.,-1.));
#8656=DIRECTION('ref_axis',(-1.,0.,0.));
#8657=DIRECTION('',(1.,0.,0.));
#8658=DIRECTION('center_axis',(0.,-1.,9.82498251880669E-17));
#8659=DIRECTION('ref_axis',(0.,-9.82498251880669E-17,-1.));
#8660=DIRECTION('center_axis',(0.,-1.,0.));
#8661=DIRECTION('ref_axis',(0.,0.,-1.));
#8662=DIRECTION('',(-1.,0.,0.));
#8663=DIRECTION('',(1.,0.,0.));
#8664=DIRECTION('center_axis',(0.,0.,-1.));
#8665=DIRECTION('ref_axis',(-1.,0.,0.));
#8666=DIRECTION('',(1.,0.,0.));
#8667=DIRECTION('center_axis',(0.,0.,-1.));
#8668=DIRECTION('ref_axis',(-1.,0.,0.));
#8669=DIRECTION('',(-1.,0.,0.));
#8670=DIRECTION('center_axis',(0.,0.,1.));
#8671=DIRECTION('ref_axis',(1.,0.,0.));
#8672=DIRECTION('',(0.,-1.,0.));
#8673=DIRECTION('',(1.,0.,0.));
#8674=DIRECTION('',(0.,-1.,0.));
#8675=DIRECTION('',(1.,0.,0.));
#8676=DIRECTION('',(2.09881602619906E-8,-1.,0.));
#8677=DIRECTION('',(-2.09875729218308E-8,1.,0.));
#8678=DIRECTION('',(1.,0.,0.));
#8679=DIRECTION('',(0.,-1.,0.));
#8680=DIRECTION('',(1.,0.,0.));
#8681=DIRECTION('',(0.,-1.,0.));
#8682=DIRECTION('',(1.,0.,0.));
#8683=DIRECTION('',(1.,0.,0.));
#8684=DIRECTION('',(1.,0.,0.));
#8685=DIRECTION('',(1.,0.,0.));
#8686=DIRECTION('',(1.,0.,0.));
#8687=DIRECTION('',(1.,0.,0.));
#8688=DIRECTION('center_axis',(1.,0.,0.));
#8689=DIRECTION('ref_axis',(0.,-1.,0.));
#8690=DIRECTION('center_axis',(1.,0.,0.));
#8691=DIRECTION('ref_axis',(0.,0.99999999999996,2.83122063571284E-7));
#8692=DIRECTION('',(0.,-1.,0.));
#8693=DIRECTION('center_axis',(1.,0.,0.));
#8694=DIRECTION('ref_axis',(0.,-0.99999999999996,2.83122063571284E-7));
#8695=DIRECTION('',(0.,0.,-1.));
#8696=DIRECTION('center_axis',(0.,-1.,0.));
#8697=DIRECTION('ref_axis',(-1.,0.,0.));
#8698=DIRECTION('',(0.,0.,-1.));
#8699=DIRECTION('',(1.,0.,0.));
#8700=DIRECTION('center_axis',(1.,0.,0.));
#8701=DIRECTION('ref_axis',(0.,-1.,0.));
#8702=DIRECTION('center_axis',(1.,0.,0.));
#8703=DIRECTION('ref_axis',(0.,0.99999999999996,2.83122063571284E-7));
#8704=DIRECTION('',(0.,-1.,0.));
#8705=DIRECTION('center_axis',(1.,0.,0.));
#8706=DIRECTION('ref_axis',(0.,-0.99999999999996,2.83122063571284E-7));
#8707=DIRECTION('center_axis',(0.,-1.,0.));
#8708=DIRECTION('ref_axis',(-1.,0.,0.));
#8709=DIRECTION('',(0.,0.,-1.));
#8710=DIRECTION('',(1.,0.,0.));
#8711=DIRECTION('center_axis',(0.,-1.,0.));
#8712=DIRECTION('ref_axis',(-1.,0.,0.));
#8713=DIRECTION('',(0.,0.,-1.));
#8714=DIRECTION('',(1.,0.,0.));
#8715=DIRECTION('',(0.,0.,1.));
#8716=DIRECTION('center_axis',(1.,0.,0.));
#8717=DIRECTION('ref_axis',(0.,-1.,0.));
#8718=DIRECTION('center_axis',(1.,0.,0.));
#8719=DIRECTION('ref_axis',(0.,0.99999999999996,2.83122063571284E-7));
#8720=DIRECTION('',(0.,-1.,0.));
#8721=DIRECTION('center_axis',(1.,0.,0.));
#8722=DIRECTION('ref_axis',(0.,-0.99999999999996,2.83122063571284E-7));
#8723=DIRECTION('center_axis',(0.,-1.,0.));
#8724=DIRECTION('ref_axis',(-1.,0.,0.));
#8725=DIRECTION('',(0.,0.,-1.));
#8726=DIRECTION('',(1.,0.,0.));
#8727=DIRECTION('center_axis',(1.,0.,0.));
#8728=DIRECTION('ref_axis',(0.,-1.,0.));
#8729=DIRECTION('center_axis',(1.,0.,0.));
#8730=DIRECTION('ref_axis',(0.,0.99999999999996,2.83122063571284E-7));
#8731=DIRECTION('',(0.,-1.,0.));
#8732=DIRECTION('center_axis',(1.,0.,0.));
#8733=DIRECTION('ref_axis',(0.,-0.99999999999996,2.83122063571284E-7));
#8734=DIRECTION('center_axis',(0.,-1.,0.));
#8735=DIRECTION('ref_axis',(-1.,0.,0.));
#8736=DIRECTION('',(1.,0.,0.));
#8737=DIRECTION('center_axis',(1.,-2.41356831234555E-8,0.));
#8738=DIRECTION('ref_axis',(-2.41356831234555E-8,-1.,0.));
#8739=DIRECTION('',(0.,0.,-1.));
#8740=DIRECTION('center_axis',(0.,0.,-1.));
#8741=DIRECTION('ref_axis',(-1.77635683940025E-15,-1.,0.));
#8742=DIRECTION('',(0.,0.,-1.));
#8743=DIRECTION('center_axis',(-1.08314441426845E-16,-1.,0.));
#8744=DIRECTION('ref_axis',(-1.,1.08314441426845E-16,0.));
#8745=DIRECTION('',(0.,0.,-1.));
#8746=DIRECTION('center_axis',(0.,0.,-1.));
#8747=DIRECTION('ref_axis',(-1.,1.77635683940025E-15,0.));
#8748=DIRECTION('',(0.,0.,-1.));
#8749=DIRECTION('center_axis',(1.,0.,0.));
#8750=DIRECTION('ref_axis',(0.,0.,-1.));
#8751=DIRECTION('',(0.,0.,1.));
#8752=DIRECTION('',(0.,0.,-1.));
#8753=DIRECTION('center_axis',(1.,0.,0.));
#8754=DIRECTION('ref_axis',(0.,0.,-1.));
#8755=DIRECTION('',(0.,0.,-1.));
#8756=DIRECTION('center_axis',(0.,-1.,0.));
#8757=DIRECTION('ref_axis',(0.,0.,-1.));
#8758=DIRECTION('center_axis',(0.,1.,0.));
#8759=DIRECTION('ref_axis',(0.,0.,1.));
#8760=DIRECTION('center_axis',(0.,-1.,0.));
#8761=DIRECTION('ref_axis',(-1.,0.,0.));
#8762=DIRECTION('',(1.,0.,0.));
#8763=DIRECTION('center_axis',(0.,-1.,0.));
#8764=DIRECTION('ref_axis',(-1.,0.,0.));
#8765=DIRECTION('',(1.,0.,0.));
#8766=DIRECTION('center_axis',(0.,-1.,0.));
#8767=DIRECTION('ref_axis',(-1.,0.,0.));
#8768=DIRECTION('',(1.,0.,0.));
#8769=DIRECTION('center_axis',(0.,-1.,0.));
#8770=DIRECTION('ref_axis',(-1.,0.,0.));
#8771=DIRECTION('',(1.,0.,0.));
#8772=DIRECTION('center_axis',(0.,-1.,0.));
#8773=DIRECTION('ref_axis',(-1.,0.,0.));
#8774=DIRECTION('',(1.,0.,0.));
#8775=DIRECTION('center_axis',(-1.,-2.09881602619906E-8,0.));
#8776=DIRECTION('ref_axis',(2.09881602619906E-8,-1.,0.));
#8777=DIRECTION('center_axis',(-1.,0.,0.));
#8778=DIRECTION('ref_axis',(0.,-0.99999999999996,2.83122063571284E-7));
#8779=DIRECTION('center_axis',(1.,2.09875729218308E-8,0.));
#8780=DIRECTION('ref_axis',(-2.09875729218308E-8,1.,0.));
#8781=DIRECTION('center_axis',(1.,0.,0.));
#8782=DIRECTION('ref_axis',(0.,-0.99999999999996,2.83122063571284E-7));
#8783=DIRECTION('center_axis',(-1.,0.,0.));
#8784=DIRECTION('ref_axis',(0.,-0.99999999999996,2.83122063571284E-7));
#8785=DIRECTION('',(-1.,0.,0.));
#8786=DIRECTION('center_axis',(-1.,0.,0.));
#8787=DIRECTION('ref_axis',(0.,-0.99999999999996,2.83122063571284E-7));
#8788=DIRECTION('',(-1.,0.,0.));
#8789=DIRECTION('center_axis',(-1.,0.,0.));
#8790=DIRECTION('ref_axis',(0.,-0.99999999999996,2.83122063571284E-7));
#8791=DIRECTION('',(-1.,0.,0.));
#8792=DIRECTION('center_axis',(1.,0.,0.));
#8793=DIRECTION('ref_axis',(0.,-1.,0.));
#8794=DIRECTION('center_axis',(1.,0.,0.));
#8795=DIRECTION('ref_axis',(0.,0.99999999999996,2.83122063571284E-7));
#8796=DIRECTION('',(0.,-1.,0.));
#8797=DIRECTION('center_axis',(1.,0.,0.));
#8798=DIRECTION('ref_axis',(0.,-0.99999999999996,2.83122063571284E-7));
#8799=DIRECTION('center_axis',(-1.,0.,0.));
#8800=DIRECTION('ref_axis',(0.,-0.99999999999996,2.83122063571284E-7));
#8801=DIRECTION('',(-1.,0.,0.));
#8802=DIRECTION('center_axis',(-1.,0.,0.));
#8803=DIRECTION('ref_axis',(0.,-0.99999999999996,2.83122063571284E-7));
#8804=DIRECTION('',(-1.,0.,0.));
#8805=DIRECTION('center_axis',(0.,0.,1.));
#8806=DIRECTION('ref_axis',(1.,0.,0.));
#8807=DIRECTION('center_axis',(0.,0.,1.));
#8808=DIRECTION('ref_axis',(1.,0.,0.));
#8809=DIRECTION('',(0.,0.,1.));
#8810=DIRECTION('center_axis',(0.,0.,1.));
#8811=DIRECTION('ref_axis',(1.,0.,0.));
#8812=DIRECTION('center_axis',(0.,0.,1.));
#8813=DIRECTION('ref_axis',(1.,0.,0.));
#8814=DIRECTION('',(0.,0.,1.));
#8815=DIRECTION('center_axis',(-1.,-2.41356837489333E-8,0.));
#8816=DIRECTION('ref_axis',(-2.41356837489333E-8,1.,0.));
#8817=DIRECTION('',(0.,0.,-1.));
#8818=DIRECTION('center_axis',(0.,1.,0.));
#8819=DIRECTION('ref_axis',(0.,0.,1.));
#8820=DIRECTION('',(-1.,0.,-1.60246888144099E-16));
#8821=DIRECTION('',(-1.25095550363898E-16,0.,-1.));
#8822=DIRECTION('center_axis',(0.,1.,0.));
#8823=DIRECTION('ref_axis',(0.,0.,1.));
#8824=DIRECTION('center_axis',(0.,1.,0.));
#8825=DIRECTION('ref_axis',(0.,0.,1.));
#8826=DIRECTION('',(-1.25095550363898E-16,0.,-1.));
#8827=DIRECTION('center_axis',(1.60246888144099E-16,0.,-1.));
#8828=DIRECTION('ref_axis',(-1.,0.,-1.60246888144099E-16));
#8829=DIRECTION('',(0.,-1.,0.));
#8830=DIRECTION('center_axis',(0.,1.,0.));
#8831=DIRECTION('ref_axis',(0.,0.,1.));
#8832=DIRECTION('center_axis',(0.,1.9294411894383E-16,1.));
#8833=DIRECTION('ref_axis',(0.,1.,-1.9294411894383E-16));
#8834=DIRECTION('',(0.,1.,0.));
#8835=DIRECTION('',(-1.,0.,0.));
#8836=DIRECTION('',(0.,1.,0.));
#8837=DIRECTION('',(-1.,0.,0.));
#8838=DIRECTION('',(-1.,0.,0.));
#8839=DIRECTION('',(-1.,0.,0.));
#8840=DIRECTION('',(-1.,0.,0.));
#8841=DIRECTION('',(-1.,0.,0.));
#8842=DIRECTION('',(-1.,0.,0.));
#8843=DIRECTION('',(-1.,0.,0.));
#8844=DIRECTION('',(-1.,0.,0.));
#8845=DIRECTION('',(-1.,0.,0.));
#8846=DIRECTION('',(-1.,0.,0.));
#8847=DIRECTION('',(-1.,0.,0.));
#8848=DIRECTION('',(-1.,0.,0.));
#8849=DIRECTION('',(-1.,0.,0.));
#8850=DIRECTION('',(-1.,0.,0.));
#8851=DIRECTION('',(-1.,0.,0.));
#8852=DIRECTION('',(-1.,0.,0.));
#8853=DIRECTION('',(-1.,0.,0.));
#8854=DIRECTION('center_axis',(0.,0.,1.));
#8855=DIRECTION('ref_axis',(0.,1.,0.));
#8856=DIRECTION('',(0.,1.,0.));
#8857=DIRECTION('',(0.,1.,0.));
#8858=DIRECTION('',(-1.,0.,0.));
#8859=DIRECTION('center_axis',(0.,1.,2.03194364589114E-15));
#8860=DIRECTION('ref_axis',(0.,2.03194364589114E-15,-1.));
#8861=DIRECTION('',(0.,2.03194364589114E-15,-1.));
#8862=DIRECTION('',(0.,2.03194364589114E-15,-1.));
#8863=DIRECTION('',(-1.,0.,0.));
#8864=DIRECTION('',(-1.,0.,0.));
#8865=DIRECTION('',(-1.,0.,0.));
#8866=DIRECTION('',(-1.,0.,0.));
#8867=DIRECTION('',(-1.,0.,0.));
#8868=DIRECTION('',(-1.,0.,0.));
#8869=DIRECTION('',(-1.,0.,0.));
#8870=DIRECTION('center_axis',(0.,-2.41840408055996E-15,1.));
#8871=DIRECTION('ref_axis',(0.,1.,2.41840408055996E-15));
#8872=DIRECTION('',(0.,1.,2.41840408055996E-15));
#8873=DIRECTION('',(0.,1.,2.41840408055996E-15));
#8874=DIRECTION('',(-1.,0.,0.));
#8875=DIRECTION('center_axis',(0.,0.058447855380595,-0.998290462842057));
#8876=DIRECTION('ref_axis',(0.,-0.998290462842057,-0.058447855380595));
#8877=DIRECTION('',(0.,-0.998290462842057,-0.058447855380595));
#8878=DIRECTION('',(-1.,0.,0.));
#8879=DIRECTION('',(0.,-0.998290462842057,-0.058447855380595));
#8880=DIRECTION('',(-1.,0.,0.));
#8881=DIRECTION('',(-1.,0.,0.));
#8882=DIRECTION('',(-1.,0.,0.));
#8883=DIRECTION('',(-1.,0.,0.));
#8884=DIRECTION('',(-1.,0.,0.));
#8885=DIRECTION('',(-1.,0.,0.));
#8886=DIRECTION('',(-1.,0.,0.));
#8887=DIRECTION('',(-1.,0.,0.));
#8888=DIRECTION('',(-1.,0.,0.));
#8889=DIRECTION('',(-1.,0.,0.));
#8890=DIRECTION('',(-1.,0.,0.));
#8891=DIRECTION('',(-1.,0.,0.));
#8892=DIRECTION('',(-1.,0.,0.));
#8893=DIRECTION('',(-1.,0.,0.));
#8894=DIRECTION('center_axis',(0.,-0.0625227002941372,0.998043542110228));
#8895=DIRECTION('ref_axis',(0.,0.998043542110227,0.0625227002941371));
#8896=DIRECTION('',(0.,0.998043542110227,0.0625227002941371));
#8897=DIRECTION('',(0.,0.998043542110227,0.0625227002941371));
#8898=DIRECTION('',(-1.,0.,0.));
#8899=DIRECTION('center_axis',(0.,0.956365578480494,-0.29217268917144));
#8900=DIRECTION('ref_axis',(0.,-0.29217268917144,-0.956365578480494));
#8901=DIRECTION('',(0.,-0.29217268917144,-0.956365578480494));
#8902=DIRECTION('',(-1.,0.,0.));
#8903=DIRECTION('',(0.,-0.29217268917144,-0.956365578480494));
#8904=DIRECTION('',(-1.,0.,0.));
#8905=DIRECTION('center_axis',(0.,-0.955857516192745,-0.293830578289319));
#8906=DIRECTION('ref_axis',(0.,-0.293830578289319,0.955857516192745));
#8907=DIRECTION('',(0.,-0.293830578289319,0.955857516192745));
#8908=DIRECTION('',(0.,-0.293830578289319,0.955857516192745));
#8909=DIRECTION('',(-1.,0.,0.));
#8910=DIRECTION('center_axis',(0.,-0.936066490740375,0.351823144368019));
#8911=DIRECTION('ref_axis',(0.,0.351823144368019,0.936066490740375));
#8912=DIRECTION('',(0.,0.351823144368019,0.936066490740375));
#8913=DIRECTION('',(-1.,0.,0.));
#8914=DIRECTION('',(0.,0.351823144368019,0.936066490740375));
#8915=DIRECTION('',(-1.,0.,0.));
#8916=DIRECTION('center_axis',(0.,0.,-1.));
#8917=DIRECTION('ref_axis',(0.,-1.,0.));
#8918=DIRECTION('',(0.,-1.,0.));
#8919=DIRECTION('',(0.,-1.,0.));
#8920=DIRECTION('',(-1.,0.,0.));
#8921=DIRECTION('center_axis',(0.,0.959554631499227,-0.281522484303442));
#8922=DIRECTION('ref_axis',(0.,-0.281522484303442,-0.959554631499227));
#8923=DIRECTION('',(0.,-0.281522484303442,-0.959554631499227));
#8924=DIRECTION('',(0.,-0.281522484303442,-0.959554631499227));
#8925=DIRECTION('',(-1.,0.,0.));
#8926=DIRECTION('center_axis',(0.,3.1542389867104E-15,-1.));
#8927=DIRECTION('ref_axis',(0.,-1.,-3.1542389867104E-15));
#8928=DIRECTION('',(0.,-1.,-3.1542389867104E-15));
#8929=DIRECTION('',(0.,-1.,-3.1542389867104E-15));
#8930=DIRECTION('',(-1.,0.,0.));
#8931=DIRECTION('',(-1.,0.,0.));
#8932=DIRECTION('',(-1.,0.,0.));
#8933=DIRECTION('',(-1.,0.,0.));
#8934=DIRECTION('',(-1.,0.,0.));
#8935=DIRECTION('',(-1.,0.,0.));
#8936=DIRECTION('',(-1.,0.,0.));
#8937=DIRECTION('',(-1.,0.,0.));
#8938=DIRECTION('',(-1.,0.,0.));
#8939=DIRECTION('',(-1.,0.,0.));
#8940=DIRECTION('',(-1.,0.,0.));
#8941=DIRECTION('',(-1.,0.,0.));
#8942=DIRECTION('center_axis',(0.,0.289338018960365,0.957226990208744));
#8943=DIRECTION('ref_axis',(0.,0.957226990208744,-0.289338018960365));
#8944=DIRECTION('',(0.,0.957226990208744,-0.289338018960365));
#8945=DIRECTION('',(0.,0.957226990208744,-0.289338018960365));
#8946=DIRECTION('',(-1.,0.,0.));
#8947=DIRECTION('center_axis',(0.,0.956365800024766,-0.29217196399208));
#8948=DIRECTION('ref_axis',(0.,-0.29217196399208,-0.956365800024766));
#8949=DIRECTION('',(0.,-0.29217196399208,-0.956365800024766));
#8950=DIRECTION('',(-1.,0.,0.));
#8951=DIRECTION('',(0.,-0.29217196399208,-0.956365800024766));
#8952=DIRECTION('',(-1.,0.,0.));
#8953=DIRECTION('center_axis',(0.,-0.955857293627567,-0.29383130231305));
#8954=DIRECTION('ref_axis',(0.,-0.293831302313049,0.955857293627567));
#8955=DIRECTION('',(0.,-0.293831302313049,0.955857293627567));
#8956=DIRECTION('',(0.,-0.293831302313049,0.955857293627567));
#8957=DIRECTION('',(-1.,0.,0.));
#8958=DIRECTION('',(-1.,0.,0.));
#8959=DIRECTION('',(-1.,0.,0.));
#8960=DIRECTION('',(-1.,0.,0.));
#8961=DIRECTION('',(-1.,0.,0.));
#8962=DIRECTION('center_axis',(0.,0.,1.));
#8963=DIRECTION('ref_axis',(0.,1.,0.));
#8964=DIRECTION('',(0.,1.,0.));
#8965=DIRECTION('',(0.,1.,0.));
#8966=DIRECTION('',(-1.,0.,0.));
#8967=DIRECTION('',(-1.,0.,0.));
#8968=DIRECTION('',(-1.,0.,0.));
#8969=DIRECTION('',(-1.,0.,0.));
#8970=DIRECTION('',(-1.,0.,0.));
#8971=DIRECTION('',(-1.,0.,0.));
#8972=DIRECTION('',(-1.,0.,0.));
#8973=DIRECTION('center_axis',(0.,-2.15574448025545E-15,1.));
#8974=DIRECTION('ref_axis',(0.,1.,2.15574448025545E-15));
#8975=DIRECTION('',(0.,1.,2.15574448025545E-15));
#8976=DIRECTION('',(0.,1.,2.15574448025545E-15));
#8977=DIRECTION('',(-1.,0.,0.));
#8978=DIRECTION('center_axis',(0.,-1.,-1.11022300808154E-15));
#8979=DIRECTION('ref_axis',(0.,-1.11022300808154E-15,1.));
#8980=DIRECTION('',(0.,-1.11022300808154E-15,1.));
#8981=DIRECTION('',(0.,-1.11022300808154E-15,1.));
#8982=DIRECTION('',(-1.,0.,0.));
#8983=DIRECTION('center_axis',(0.,0.,-1.));
#8984=DIRECTION('ref_axis',(0.,-1.,0.));
#8985=DIRECTION('',(0.,-1.,0.));
#8986=DIRECTION('',(0.,-1.,0.));
#8987=DIRECTION('',(-1.,0.,0.));
#8988=DIRECTION('center_axis',(0.,1.,1.36771995480521E-15));
#8989=DIRECTION('ref_axis',(0.,1.36771995480521E-15,-1.));
#8990=DIRECTION('',(0.,1.36771995480521E-15,-1.));
#8991=DIRECTION('',(0.,1.36771995480521E-15,-1.));
#8992=DIRECTION('',(-1.,0.,0.));
#8993=DIRECTION('center_axis',(0.,0.,-1.));
#8994=DIRECTION('ref_axis',(0.,-1.,0.));
#8995=DIRECTION('',(0.,-1.,0.));
#8996=DIRECTION('',(0.,-1.,0.));
#8997=DIRECTION('',(-1.,0.,0.));
#8998=DIRECTION('',(-1.,0.,0.));
#8999=DIRECTION('',(-1.,0.,0.));
#9000=DIRECTION('center_axis',(0.,-0.879839672339832,-0.475270608155961));
#9001=DIRECTION('ref_axis',(0.,-0.475270608155961,0.879839672339832));
#9002=DIRECTION('',(0.,-0.475270608155961,0.879839672339832));
#9003=DIRECTION('',(0.,-0.475270608155961,0.879839672339832));
#9004=DIRECTION('',(-1.,0.,0.));
#9005=DIRECTION('center_axis',(0.,1.,0.));
#9006=DIRECTION('ref_axis',(0.,0.,-1.));
#9007=DIRECTION('',(0.,0.,-1.));
#9008=DIRECTION('',(-1.,0.,0.));
#9009=DIRECTION('',(0.,0.,-1.));
#9010=DIRECTION('',(-1.,0.,0.));
#9011=DIRECTION('center_axis',(0.,-2.74929984919654E-15,1.));
#9012=DIRECTION('ref_axis',(0.,1.,2.74929984919654E-15));
#9013=DIRECTION('',(0.,1.,2.74929984919654E-15));
#9014=DIRECTION('',(0.,1.,2.74929984919654E-15));
#9015=DIRECTION('',(-1.,0.,0.));
#9016=DIRECTION('',(-1.,0.,0.));
#9017=DIRECTION('',(-1.,0.,0.));
#9018=DIRECTION('',(-1.,0.,0.));
#9019=DIRECTION('',(-1.,0.,0.));
#9020=DIRECTION('',(-1.,0.,0.));
#9021=DIRECTION('',(-1.,0.,0.));
#9022=DIRECTION('',(-1.,0.,0.));
#9023=DIRECTION('center_axis',(0.,1.,2.04214147125617E-15));
#9024=DIRECTION('ref_axis',(0.,2.04214147125617E-15,-1.));
#9025=DIRECTION('',(0.,2.04214147125617E-15,-1.));
#9026=DIRECTION('',(0.,2.04214147125617E-15,-1.));
#9027=DIRECTION('',(-1.,0.,0.));
#9028=DIRECTION('center_axis',(0.,0.,1.));
#9029=DIRECTION('ref_axis',(0.,1.,0.));
#9030=DIRECTION('',(0.,1.,0.));
#9031=DIRECTION('',(0.,1.,0.));
#9032=DIRECTION('',(-1.,0.,0.));
#9033=DIRECTION('',(-1.,0.,0.));
#9034=DIRECTION('',(-1.,0.,0.));
#9035=DIRECTION('',(-1.,0.,0.));
#9036=DIRECTION('center_axis',(0.,-1.,-1.66590248252086E-15));
#9037=DIRECTION('ref_axis',(0.,-1.66590248252086E-15,1.));
#9038=DIRECTION('',(0.,-1.66590248252086E-15,1.));
#9039=DIRECTION('',(0.,-1.66590248252086E-15,1.));
#9040=DIRECTION('',(-1.,0.,0.));
#9041=DIRECTION('center_axis',(0.,0.,-1.));
#9042=DIRECTION('ref_axis',(0.,-1.,0.));
#9043=DIRECTION('',(0.,-1.,0.));
#9044=DIRECTION('',(0.,-1.,0.));
#9045=DIRECTION('',(-1.,0.,0.));
#9046=DIRECTION('center_axis',(0.,1.,0.));
#9047=DIRECTION('ref_axis',(0.,0.,-1.));
#9048=DIRECTION('',(0.,0.,-1.));
#9049=DIRECTION('',(0.,0.,-1.));
#9050=DIRECTION('',(-1.,0.,0.));
#9051=DIRECTION('center_axis',(1.,0.,0.));
#9052=DIRECTION('ref_axis',(0.,1.,0.));
#9053=DIRECTION('',(0.,-1.,0.));
#9054=DIRECTION('',(0.,0.,-1.));
#9055=DIRECTION('center_axis',(1.,0.,0.));
#9056=DIRECTION('ref_axis',(0.,1.,0.));
#9057=DIRECTION('',(0.,1.,0.));
#9058=DIRECTION('center_axis',(1.,0.,0.));
#9059=DIRECTION('ref_axis',(0.,1.,0.));
#9060=DIRECTION('',(0.,1.,0.));
#9061=DIRECTION('center_axis',(1.,0.,0.));
#9062=DIRECTION('ref_axis',(0.,1.,0.));
#9063=DIRECTION('',(0.,-1.,0.));
#9064=DIRECTION('center_axis',(0.,-0.95447997803503,0.298274993135945));
#9065=DIRECTION('ref_axis',(0.,0.298274993135945,0.95447997803503));
#9066=DIRECTION('',(0.,0.298274993135945,0.95447997803503));
#9067=DIRECTION('',(0.,0.298274993135947,0.95447997803503));
#9068=DIRECTION('',(-1.,0.,0.));
#9069=DIRECTION('center_axis',(1.,0.,0.));
#9070=DIRECTION('ref_axis',(0.,1.,0.));
#9071=DIRECTION('',(0.,1.,0.));
#9072=DIRECTION('',(0.,0.298274993135947,0.95447997803503));
#9073=DIRECTION('',(0.,1.,0.));
#9074=DIRECTION('center_axis',(1.,0.,0.));
#9075=DIRECTION('ref_axis',(0.,1.,0.));
#9076=DIRECTION('center_axis',(0.,1.,0.));
#9077=DIRECTION('ref_axis',(-0.707106781186548,0.,0.707106781186548));
#9078=DIRECTION('',(0.,1.,0.));
#9079=DIRECTION('',(0.,-1.,0.));
#9080=DIRECTION('center_axis',(0.,1.,0.));
#9081=DIRECTION('ref_axis',(-0.707106781186548,0.,0.707106781186548));
#9082=DIRECTION('',(0.,1.,0.));
#9083=DIRECTION('center_axis',(4.97578946610714E-16,-1.,0.));
#9084=DIRECTION('ref_axis',(0.707106781186548,0.,0.707106781186548));
#9085=DIRECTION('',(4.97578946610714E-16,-1.,0.));
#9086=DIRECTION('',(-4.97578946610714E-16,1.,0.));
#9087=DIRECTION('center_axis',(0.,1.,0.));
#9088=DIRECTION('ref_axis',(0.707106781186545,0.,0.70710678118655));
#9089=DIRECTION('',(0.,1.,0.));
#9090=DIRECTION('',(0.,-1.,0.));
#9091=DIRECTION('center_axis',(-1.,0.,0.));
#9092=DIRECTION('ref_axis',(0.,1.,0.));
#9093=DIRECTION('center_axis',(-1.,0.,0.));
#9094=DIRECTION('ref_axis',(0.,-0.99999999999996,2.83122063571284E-7));
#9095=DIRECTION('center_axis',(-1.,0.,0.));
#9096=DIRECTION('ref_axis',(0.,0.99999999999996,2.83122063571284E-7));
#9097=DIRECTION('center_axis',(0.,-1.,0.));
#9098=DIRECTION('ref_axis',(0.707106781186548,0.,0.707106781186548));
#9099=DIRECTION('center_axis',(0.,-1.,0.));
#9100=DIRECTION('ref_axis',(0.707106781186548,0.,0.707106781186548));
#9101=DIRECTION('center_axis',(0.,-1.,0.));
#9102=DIRECTION('ref_axis',(0.707106781186546,0.,0.707106781186549));
#9103=DIRECTION('center_axis',(0.,1.,0.));
#9104=DIRECTION('ref_axis',(0.707106781186547,0.,0.707106781186548));
#9105=DIRECTION('center_axis',(0.,-1.,0.));
#9106=DIRECTION('ref_axis',(0.707106781186546,0.,0.707106781186549));
#9107=DIRECTION('',(0.,-1.,0.));
#9108=DIRECTION('center_axis',(0.,-1.,0.));
#9109=DIRECTION('ref_axis',(0.707106781186548,0.,0.707106781186548));
#9110=DIRECTION('center_axis',(0.,-1.,0.));
#9111=DIRECTION('ref_axis',(0.707106781186546,0.,0.707106781186549));
#9112=DIRECTION('center_axis',(0.,1.,0.));
#9113=DIRECTION('ref_axis',(0.707106781186546,0.,0.707106781186549));
#9114=DIRECTION('center_axis',(0.,1.,0.));
#9115=DIRECTION('ref_axis',(0.707106781186545,0.,0.70710678118655));
#9116=DIRECTION('center_axis',(0.,-1.,0.));
#9117=DIRECTION('ref_axis',(0.707106781186545,0.,0.70710678118655));
#9118=DIRECTION('',(0.,1.,0.));
#9119=DIRECTION('center_axis',(-1.,0.,0.));
#9120=DIRECTION('ref_axis',(0.,-0.99999999999996,2.83122063571284E-7));
#9121=DIRECTION('',(-1.,0.,0.));
#9122=DIRECTION('center_axis',(-1.,-4.97578946610714E-16,0.));
#9123=DIRECTION('ref_axis',(0.,-0.99999999999996,2.83122063571284E-7));
#9124=DIRECTION('center_axis',(1.,0.,0.));
#9125=DIRECTION('ref_axis',(0.,-0.99999999999996,2.83122063571284E-7));
#9126=DIRECTION('center_axis',(-1.,0.,0.));
#9127=DIRECTION('ref_axis',(0.,-0.99999999999996,2.83122063571284E-7));
#9128=DIRECTION('',(-1.,0.,0.));
#9129=DIRECTION('center_axis',(-1.,0.,0.));
#9130=DIRECTION('ref_axis',(0.,-0.99999999999996,2.83122063571284E-7));
#9131=DIRECTION('',(-1.,0.,0.));
#9132=DIRECTION('center_axis',(-1.,0.,0.));
#9133=DIRECTION('ref_axis',(0.,-0.99999999999996,2.83122063571284E-7));
#9134=DIRECTION('',(-1.,0.,0.));
#9135=DIRECTION('center_axis',(-1.,0.,0.));
#9136=DIRECTION('ref_axis',(0.,-0.99999999999996,2.83122063571284E-7));
#9137=DIRECTION('',(-1.,0.,0.));
#9138=DIRECTION('center_axis',(-1.,0.,0.));
#9139=DIRECTION('ref_axis',(0.,-0.99999999999996,2.83122063571284E-7));
#9140=DIRECTION('',(-1.,0.,0.));
#9141=DIRECTION('center_axis',(-1.,0.,0.));
#9142=DIRECTION('ref_axis',(0.,-0.99999999999996,2.83122063571284E-7));
#9143=DIRECTION('',(-1.,0.,0.));
#9144=DIRECTION('center_axis',(-1.,0.,0.));
#9145=DIRECTION('ref_axis',(0.,-0.99999999999996,2.83122063571284E-7));
#9146=DIRECTION('center_axis',(1.,0.,0.));
#9147=DIRECTION('ref_axis',(0.,-0.99999999999996,2.83122063571284E-7));
#9148=DIRECTION('center_axis',(1.,-6.16790569236198E-17,0.));
#9149=DIRECTION('ref_axis',(0.,0.99999999999996,2.83122063571284E-7));
#9150=DIRECTION('',(1.,-6.16790569236198E-17,0.));
#9151=DIRECTION('center_axis',(1.,0.,0.));
#9152=DIRECTION('ref_axis',(0.,0.99999999999996,2.83122063571284E-7));
#9153=DIRECTION('center_axis',(-1.,-4.97578946610714E-16,0.));
#9154=DIRECTION('ref_axis',(0.,0.99999999999996,2.83122063571284E-7));
#9155=DIRECTION('center_axis',(1.,0.,0.));
#9156=DIRECTION('ref_axis',(0.,0.99999999999996,2.83122063571284E-7));
#9157=DIRECTION('',(1.,0.,0.));
#9158=DIRECTION('center_axis',(1.,0.,0.));
#9159=DIRECTION('ref_axis',(0.,0.99999999999996,2.83122063571284E-7));
#9160=DIRECTION('',(1.,0.,0.));
#9161=DIRECTION('center_axis',(1.,0.,0.));
#9162=DIRECTION('ref_axis',(0.,0.99999999999996,2.83122063571284E-7));
#9163=DIRECTION('',(1.,0.,0.));
#9164=DIRECTION('center_axis',(1.,0.,0.));
#9165=DIRECTION('ref_axis',(0.,0.99999999999996,2.83122063571284E-7));
#9166=DIRECTION('',(1.,0.,0.));
#9167=DIRECTION('center_axis',(1.,0.,0.));
#9168=DIRECTION('ref_axis',(0.,0.99999999999996,2.83122063571284E-7));
#9169=DIRECTION('',(1.,0.,0.));
#9170=DIRECTION('center_axis',(1.,0.,0.));
#9171=DIRECTION('ref_axis',(0.,0.99999999999996,2.83122063571284E-7));
#9172=DIRECTION('',(1.,0.,0.));
#9173=DIRECTION('center_axis',(1.,0.,0.));
#9174=DIRECTION('ref_axis',(0.,0.99999999999996,2.83122063571284E-7));
#9175=DIRECTION('',(1.,0.,0.));
#9176=DIRECTION('center_axis',(1.,0.,0.));
#9177=DIRECTION('ref_axis',(0.,0.99999999999996,2.83122063571284E-7));
#9178=DIRECTION('',(1.,0.,0.));
#9179=DIRECTION('center_axis',(1.,0.,0.));
#9180=DIRECTION('ref_axis',(0.,0.99999999999996,2.83122063571284E-7));
#9181=DIRECTION('',(1.,0.,0.));
#9182=DIRECTION('center_axis',(1.,0.,0.));
#9183=DIRECTION('ref_axis',(0.,0.99999999999996,2.83122063571284E-7));
#9184=DIRECTION('',(1.,0.,0.));
#9185=DIRECTION('center_axis',(1.,0.,0.));
#9186=DIRECTION('ref_axis',(0.,0.99999999999996,2.83122063571284E-7));
#9187=DIRECTION('',(1.,0.,0.));
#9188=DIRECTION('center_axis',(1.,0.,0.));
#9189=DIRECTION('ref_axis',(0.,0.99999999999996,2.83122063571284E-7));
#9190=DIRECTION('center_axis',(-1.,0.,0.));
#9191=DIRECTION('ref_axis',(0.,0.99999999999996,2.83122063571284E-7));
#9192=DIRECTION('center_axis',(1.,0.,0.));
#9193=DIRECTION('ref_axis',(0.,0.,1.));
#9194=DIRECTION('center_axis',(7.95713666242054E-16,0.0525415974389803,
0.99861873632461));
#9195=DIRECTION('ref_axis',(3.91134976580184E-16,-0.99861873632461,0.0525415974389803));
#9196=DIRECTION('center_axis',(0.,1.,0.));
#9197=DIRECTION('ref_axis',(0.,0.,1.));
#9198=DIRECTION('center_axis',(0.,0.,-1.));
#9199=DIRECTION('ref_axis',(4.70971399181424E-16,-1.,0.));
#9200=DIRECTION('center_axis',(-1.,0.,0.));
#9201=DIRECTION('ref_axis',(0.,-0.59233647822165,0.805690695346528));
#9202=DIRECTION('center_axis',(1.,0.,0.));
#9203=DIRECTION('ref_axis',(0.,0.,1.));
#9204=DIRECTION('',(1.,0.,0.));
#9205=DIRECTION('',(-1.,0.,0.));
#9206=DIRECTION('center_axis',(2.77555756156289E-15,-1.,0.));
#9207=DIRECTION('ref_axis',(0.,0.,1.));
#9208=DIRECTION('center_axis',(2.65149505578828E-17,0.0525415974389803,
0.99861873632461));
#9209=DIRECTION('ref_axis',(-7.82269953160367E-16,-0.99861873632461,0.0525415974389803));
#9210=DIRECTION('center_axis',(0.,0.,-1.));
#9211=DIRECTION('ref_axis',(-8.83071373465169E-16,-1.,0.));
#9212=DIRECTION('center_axis',(0.,-1.,0.));
#9213=DIRECTION('ref_axis',(0.707106781186549,0.,-0.707106781186546));
#9214=DIRECTION('center_axis',(0.,1.,0.));
#9215=DIRECTION('ref_axis',(1.,0.,-2.77555756156289E-16));
#9216=DIRECTION('',(0.,1.,0.));
#9217=DIRECTION('center_axis',(1.,0.,0.));
#9218=DIRECTION('ref_axis',(0.,-0.95447997803503,0.298274993135946));
#9219=DIRECTION('center_axis',(0.,0.,1.));
#9220=DIRECTION('ref_axis',(4.70971399181424E-16,-1.,0.));
#9221=DIRECTION('center_axis',(1.3260789647761E-16,-0.0525415974389798,
-0.99861873632461));
#9222=DIRECTION('ref_axis',(3.91134976580184E-16,-0.99861873632461,0.0525415974389797));
#9223=DIRECTION('center_axis',(1.,0.,0.));
#9224=DIRECTION('ref_axis',(0.,-0.805690695346528,-0.592336478221651));
#9225=DIRECTION('center_axis',(1.,2.32634114947231E-15,0.));
#9226=DIRECTION('ref_axis',(2.22044604925032E-15,-0.954479978035029,0.29827499313595));
#9227=DIRECTION('',(1.,0.,0.));
#9228=DIRECTION('',(-1.,0.,0.));
#9229=DIRECTION('center_axis',(3.33066907387546E-15,-1.,-1.11022302462516E-15));
#9230=DIRECTION('ref_axis',(-1.,-3.33066907387547E-15,4.44089209850062E-15));
#9231=DIRECTION('center_axis',(0.,0.,1.));
#9232=DIRECTION('ref_axis',(-8.83071373465169E-16,-1.,0.));
#9233=DIRECTION('center_axis',(3.31685459635012E-17,-0.0525415974389798,
-0.99861873632461));
#9234=DIRECTION('ref_axis',(-7.82269953160367E-16,-0.99861873632461,0.0525415974389798));
#9235=DIRECTION('center_axis',(0.,-0.298274993135947,-0.95447997803503));
#9236=DIRECTION('ref_axis',(-0.707106781186548,-0.674919264975356,0.210912270304799));
#9237=DIRECTION('',(0.,0.298274993135947,0.95447997803503));
#9238=DIRECTION('center_axis',(0.,-0.95447997803503,0.298274993135947));
#9239=DIRECTION('ref_axis',(0.,-0.298274993135947,-0.95447997803503));
#9240=DIRECTION('',(0.,-0.298274993135947,-0.95447997803503));
#9241=DIRECTION('center_axis',(0.,0.298274993135947,0.95447997803503));
#9242=DIRECTION('ref_axis',(0.707106781186547,-0.674919264975357,0.210912270304799));
#9243=DIRECTION('',(0.,0.298274993135947,0.95447997803503));
#9244=DIRECTION('center_axis',(1.,0.,0.));
#9245=DIRECTION('ref_axis',(0.,-1.,0.));
#9246=DIRECTION('center_axis',(-1.,0.,0.));
#9247=DIRECTION('ref_axis',(0.,1.,0.));
#9248=DIRECTION('center_axis',(1.,0.,0.));
#9249=DIRECTION('ref_axis',(0.,-1.,0.));
#9250=DIRECTION('center_axis',(-1.,-4.97578946610714E-16,0.));
#9251=DIRECTION('ref_axis',(-4.97578946610714E-16,1.,0.));
#9252=DIRECTION('center_axis',(0.,1.,0.));
#9253=DIRECTION('ref_axis',(-1.,0.,0.));
#9254=DIRECTION('center_axis',(0.,1.,0.));
#9255=DIRECTION('ref_axis',(-1.,0.,0.));
#9256=DIRECTION('',(0.,-1.,0.));
#9257=DIRECTION('center_axis',(0.,1.,0.));
#9258=DIRECTION('ref_axis',(-1.,0.,0.));
#9259=DIRECTION('center_axis',(0.,-1.,0.));
#9260=DIRECTION('ref_axis',(-1.,0.,0.));
#9261=DIRECTION('',(0.,-1.,0.));
#9262=DIRECTION('center_axis',(0.,1.,0.));
#9263=DIRECTION('ref_axis',(-1.,0.,0.));
#9264=DIRECTION('center_axis',(0.,1.,0.));
#9265=DIRECTION('ref_axis',(-1.,0.,0.));
#9266=DIRECTION('',(0.,-1.,0.));
#9267=DIRECTION('center_axis',(0.,1.,0.));
#9268=DIRECTION('ref_axis',(-1.,0.,0.));
#9269=DIRECTION('center_axis',(0.,-1.,0.));
#9270=DIRECTION('ref_axis',(-1.,0.,0.));
#9271=DIRECTION('',(0.,-1.,0.));
#9272=DIRECTION('center_axis',(0.,1.,0.));
#9273=DIRECTION('ref_axis',(-1.,0.,0.));
#9274=DIRECTION('center_axis',(0.,1.,0.));
#9275=DIRECTION('ref_axis',(-1.,0.,0.));
#9276=DIRECTION('',(0.,-1.,0.));
#9277=DIRECTION('center_axis',(0.,1.,0.));
#9278=DIRECTION('ref_axis',(-1.,0.,0.));
#9279=DIRECTION('center_axis',(0.,-1.,0.));
#9280=DIRECTION('ref_axis',(-1.,0.,0.));
#9281=DIRECTION('',(0.,-1.,0.));
#9282=DIRECTION('center_axis',(0.,1.,0.));
#9283=DIRECTION('ref_axis',(-1.,0.,0.));
#9284=DIRECTION('center_axis',(0.,1.,0.));
#9285=DIRECTION('ref_axis',(-1.,0.,0.));
#9286=DIRECTION('',(0.,-1.,0.));
#9287=DIRECTION('center_axis',(0.,1.,0.));
#9288=DIRECTION('ref_axis',(-1.,0.,0.));
#9289=DIRECTION('center_axis',(0.,-1.,0.));
#9290=DIRECTION('ref_axis',(-1.,0.,0.));
#9291=DIRECTION('',(0.,-1.,0.));
#9292=DIRECTION('center_axis',(0.,1.,0.));
#9293=DIRECTION('ref_axis',(-1.,0.,0.));
#9294=DIRECTION('center_axis',(0.,1.,0.));
#9295=DIRECTION('ref_axis',(-1.,0.,0.));
#9296=DIRECTION('center_axis',(0.,1.,0.));
#9297=DIRECTION('ref_axis',(-1.,0.,0.));
#9298=DIRECTION('center_axis',(0.,1.,0.));
#9299=DIRECTION('ref_axis',(-1.,0.,0.));
#9300=DIRECTION('center_axis',(0.,-1.,-1.81705896010664E-16));
#9301=DIRECTION('ref_axis',(0.,1.81705896010664E-16,-1.));
#9302=DIRECTION('',(1.,0.,0.));
#9303=DIRECTION('',(1.,0.,0.));
#9304=DIRECTION('center_axis',(0.,0.,-1.));
#9305=DIRECTION('ref_axis',(0.,1.,0.));
#9306=DIRECTION('',(1.,0.,0.));
#9307=DIRECTION('center_axis',(0.,1.,1.81705896010664E-16));
#9308=DIRECTION('ref_axis',(0.,-1.81705896010664E-16,1.));
#9309=DIRECTION('',(1.,0.,0.));
#9310=DIRECTION('center_axis',(0.,-4.09298810921717E-16,1.));
#9311=DIRECTION('ref_axis',(0.,-1.,-4.09298810921717E-16));
#9312=DIRECTION('center_axis',(1.,0.,0.));
#9313=DIRECTION('ref_axis',(0.,1.,0.));
#9314=DIRECTION('',(0.,1.,0.));
#9315=DIRECTION('',(0.,1.,3.56698160522138E-15));
#9316=DIRECTION('',(0.,-3.45698187308432E-15,1.));
#9317=DIRECTION('',(0.,1.,3.56698160522138E-15));
#9318=DIRECTION('',(0.,3.19106019053937E-15,-1.));
#9319=DIRECTION('',(0.,-1.80042798442662E-15,1.));
#9320=DIRECTION('',(0.,0.990844100799209,0.135010991816986));
#9321=DIRECTION('',(0.,-1.,-2.74929984919654E-15));
#9322=DIRECTION('',(0.,0.,1.));
#9323=DIRECTION('',(0.,-0.281522484303442,-0.959554631499227));
#9324=DIRECTION('',(0.,-1.,0.));
#9325=DIRECTION('',(0.,0.458056420998503,-0.888923121075182));
#9326=DIRECTION('',(0.,0.351823022148595,0.93606653667687));
#9327=DIRECTION('',(0.,1.,0.));
#9328=DIRECTION('',(0.,0.351823022148597,-0.936066536676869));
#9329=DIRECTION('',(0.,-1.,0.));
#9330=DIRECTION('',(0.,-0.285165862026445,0.958478185007209));
#9331=DIRECTION('',(0.,-1.,-3.15423765134878E-15));
#9332=DIRECTION('',(0.,-1.,-2.41840408055996E-15));
#9333=DIRECTION('',(0.,-1.11022300808154E-15,1.));
#9334=DIRECTION('',(0.,1.,0.));
#9335=DIRECTION('',(0.,0.,1.));
#9336=DIRECTION('',(0.,-0.976129602643409,-0.217188855246354));
#9337=DIRECTION('',(0.,1.,0.));
#9338=DIRECTION('',(0.,0.351823022148597,-0.936066536676869));
#9339=DIRECTION('',(0.,-1.,0.));
#9340=DIRECTION('',(0.,-0.28516745172585,0.958477712039349));
#9341=DIRECTION('',(-1.,0.,0.));
#9342=DIRECTION('',(-1.,0.,0.));
#9343=DIRECTION('',(-1.,0.,0.));
#9344=DIRECTION('',(-1.,0.,0.));
#9345=DIRECTION('',(-1.,0.,0.));
#9346=DIRECTION('',(-1.,0.,0.));
#9347=DIRECTION('',(-1.,0.,0.));
#9348=DIRECTION('',(-1.,0.,0.));
#9349=DIRECTION('center_axis',(1.,0.,0.));
#9350=DIRECTION('ref_axis',(0.,1.,0.));
#9351=DIRECTION('center_axis',(0.,-1.,-1.11022300808154E-15));
#9352=DIRECTION('ref_axis',(0.,-1.11022300808154E-15,1.));
#9353=DIRECTION('',(0.,-1.11022300808154E-15,1.));
#9354=DIRECTION('',(-1.,0.,0.));
#9355=DIRECTION('center_axis',(0.,2.41840408055996E-15,-1.));
#9356=DIRECTION('ref_axis',(0.,-1.,-2.41840408055996E-15));
#9357=DIRECTION('',(0.,-1.,-2.41840408055996E-15));
#9358=DIRECTION('',(-1.,0.,0.));
#9359=DIRECTION('',(-1.,0.,0.));
#9360=DIRECTION('',(-1.,0.,0.));
#9361=DIRECTION('center_axis',(0.,0.,-1.));
#9362=DIRECTION('ref_axis',(0.,-1.,0.));
#9363=DIRECTION('',(0.,-1.,0.));
#9364=DIRECTION('',(-1.,0.,0.));
#9365=DIRECTION('',(-1.,0.,0.));
#9366=DIRECTION('',(-1.,0.,0.));
#9367=DIRECTION('center_axis',(1.,0.,0.));
#9368=DIRECTION('ref_axis',(0.,1.,0.));
#9369=DIRECTION('',(-1.,0.,0.));
#9370=DIRECTION('',(-1.,0.,0.));
#9371=DIRECTION('',(-1.,0.,0.));
#9372=DIRECTION('',(-1.,0.,0.));
#9373=DIRECTION('',(-1.,0.,0.));
#9374=DIRECTION('',(-1.,0.,0.));
#9375=DIRECTION('',(-1.,0.,0.));
#9376=DIRECTION('',(-1.,0.,0.));
#9377=DIRECTION('',(-1.,0.,0.));
#9378=DIRECTION('',(-1.,0.,0.));
#9379=DIRECTION('',(-1.,0.,0.));
#9380=DIRECTION('',(-1.,0.,0.));
#9381=DIRECTION('',(-1.,0.,0.));
#9382=DIRECTION('center_axis',(1.,0.,0.));
#9383=DIRECTION('ref_axis',(0.,1.,0.));
#9384=DIRECTION('center_axis',(0.,-0.958477712039349,-0.28516745172585));
#9385=DIRECTION('ref_axis',(0.,-0.28516745172585,0.958477712039349));
#9386=DIRECTION('',(0.,-0.28516745172585,0.958477712039349));
#9387=DIRECTION('',(-1.,0.,0.));
#9388=DIRECTION('center_axis',(0.,0.,-1.));
#9389=DIRECTION('ref_axis',(0.,-1.,0.));
#9390=DIRECTION('',(0.,-1.,0.));
#9391=DIRECTION('',(-1.,0.,0.));
#9392=DIRECTION('center_axis',(0.,0.936066536676869,0.351823022148597));
#9393=DIRECTION('ref_axis',(0.,0.351823022148597,-0.936066536676869));
#9394=DIRECTION('',(0.,0.351823022148597,-0.936066536676869));
#9395=DIRECTION('',(-1.,0.,0.));
#9396=DIRECTION('center_axis',(0.,0.,1.));
#9397=DIRECTION('ref_axis',(0.,1.,0.));
#9398=DIRECTION('',(0.,1.,0.));
#9399=DIRECTION('center_axis',(0.,0.,1.));
#9400=DIRECTION('ref_axis',(0.,1.,0.));
#9401=DIRECTION('',(0.,1.,0.));
#9402=DIRECTION('center_axis',(1.,0.,0.));
#9403=DIRECTION('ref_axis',(0.,0.,-1.));
#9404=DIRECTION('center_axis',(0.,0.,-1.));
#9405=DIRECTION('ref_axis',(0.,-1.,0.));
#9406=DIRECTION('',(0.,-1.,0.));
#9407=DIRECTION('',(-1.,0.,0.));
#9408=DIRECTION('center_axis',(0.,0.959554631499227,-0.281522484303442));
#9409=DIRECTION('ref_axis',(0.,-0.281522484303442,-0.959554631499227));
#9410=DIRECTION('',(0.,-0.281522484303442,-0.959554631499227));
#9411=DIRECTION('',(-1.,0.,0.));
#9412=DIRECTION('center_axis',(0.,3.15423765134878E-15,-1.));
#9413=DIRECTION('ref_axis',(0.,-1.,-3.15423765134878E-15));
#9414=DIRECTION('',(0.,-1.,-3.15423765134878E-15));
#9415=DIRECTION('',(-1.,0.,0.));
#9416=DIRECTION('center_axis',(0.,-0.958478185007209,-0.285165862026445));
#9417=DIRECTION('ref_axis',(0.,-0.285165862026445,0.958478185007209));
#9418=DIRECTION('',(0.,-0.285165862026445,0.958478185007209));
#9419=DIRECTION('',(-1.,0.,0.));
#9420=DIRECTION('center_axis',(0.,0.,-1.));
#9421=DIRECTION('ref_axis',(0.,-1.,0.));
#9422=DIRECTION('',(0.,-1.,0.));
#9423=DIRECTION('',(-1.,0.,0.));
#9424=DIRECTION('center_axis',(0.,0.936066536676869,0.351823022148597));
#9425=DIRECTION('ref_axis',(0.,0.351823022148597,-0.936066536676869));
#9426=DIRECTION('',(0.,0.351823022148597,-0.936066536676869));
#9427=DIRECTION('',(-1.,0.,0.));
#9428=DIRECTION('center_axis',(0.,0.,1.));
#9429=DIRECTION('ref_axis',(0.,1.,0.));
#9430=DIRECTION('',(0.,1.,0.));
#9431=DIRECTION('',(-1.,0.,0.));
#9432=DIRECTION('center_axis',(0.,-0.93606653667687,0.351823022148595));
#9433=DIRECTION('ref_axis',(0.,0.351823022148595,0.93606653667687));
#9434=DIRECTION('',(0.,0.351823022148595,0.93606653667687));
#9435=DIRECTION('',(-1.,0.,0.));
#9436=DIRECTION('center_axis',(0.,0.888923121075182,0.458056420998503));
#9437=DIRECTION('ref_axis',(0.,0.458056420998503,-0.888923121075182));
#9438=DIRECTION('',(0.,0.458056420998503,-0.888923121075182));
#9439=DIRECTION('',(-1.,0.,0.));
#9440=DIRECTION('',(-1.,0.,0.));
#9441=DIRECTION('',(-1.,0.,0.));
#9442=DIRECTION('',(-1.,0.,0.));
#9443=DIRECTION('center_axis',(0.,1.,0.));
#9444=DIRECTION('ref_axis',(0.,0.,-1.));
#9445=DIRECTION('',(0.,0.,-1.));
#9446=DIRECTION('',(-1.,0.,0.));
#9447=DIRECTION('center_axis',(0.,0.,-1.));
#9448=DIRECTION('ref_axis',(0.,-1.,0.));
#9449=DIRECTION('',(0.,-1.,0.));
#9450=DIRECTION('',(-1.,0.,0.));
#9451=DIRECTION('',(-1.,0.,0.));
#9452=DIRECTION('center_axis',(0.,0.,1.));
#9453=DIRECTION('ref_axis',(0.,1.,0.));
#9454=DIRECTION('',(0.,1.,0.));
#9455=DIRECTION('center_axis',(1.,0.,0.));
#9456=DIRECTION('ref_axis',(0.,1.,0.));
#9457=DIRECTION('',(-1.,0.,0.));
#9458=DIRECTION('',(-1.,0.,0.));
#9459=DIRECTION('',(-1.,0.,0.));
#9460=DIRECTION('',(-1.,0.,0.));
#9461=DIRECTION('',(-1.,0.,0.));
#9462=DIRECTION('',(-1.,0.,0.));
#9463=DIRECTION('',(-1.,0.,0.));
#9464=DIRECTION('',(-1.,0.,0.));
#9465=DIRECTION('',(-1.,0.,0.));
#9466=DIRECTION('center_axis',(0.,0.217188855246354,-0.976129602643409));
#9467=DIRECTION('ref_axis',(0.,-0.976129602643409,-0.217188855246354));
#9468=DIRECTION('',(0.,-0.976129602643409,-0.217188855246354));
#9469=DIRECTION('center_axis',(1.,0.,0.));
#9470=DIRECTION('ref_axis',(0.,1.,0.));
#9471=DIRECTION('center_axis',(0.,-1.,0.));
#9472=DIRECTION('ref_axis',(0.,0.,1.));
#9473=DIRECTION('',(0.,0.,1.));
#9474=DIRECTION('',(-1.,0.,0.));
#9475=DIRECTION('center_axis',(0.,2.74929984919654E-15,-1.));
#9476=DIRECTION('ref_axis',(0.,-1.,-2.74929984919654E-15));
#9477=DIRECTION('',(0.,-1.,-2.74929984919654E-15));
#9478=DIRECTION('center_axis',(1.,0.,0.));
#9479=DIRECTION('ref_axis',(0.,0.,-1.));
#9480=DIRECTION('center_axis',(0.,-1.,-1.80042798442662E-15));
#9481=DIRECTION('ref_axis',(0.,-1.80042798442662E-15,1.));
#9482=DIRECTION('',(0.,-1.80042798442662E-15,1.));
#9483=DIRECTION('',(-1.,0.,0.));
#9484=DIRECTION('',(-1.,0.,0.));
#9485=DIRECTION('',(-1.,0.,0.));
#9486=DIRECTION('',(-1.,0.,0.));
#9487=DIRECTION('',(-1.,0.,0.));
#9488=DIRECTION('',(-1.,0.,0.));
#9489=DIRECTION('center_axis',(0.,-0.135010991816986,0.990844100799209));
#9490=DIRECTION('ref_axis',(0.,0.990844100799209,0.135010991816986));
#9491=DIRECTION('',(0.,0.990844100799209,0.135010991816986));
#9492=DIRECTION('center_axis',(1.,0.,0.));
#9493=DIRECTION('ref_axis',(0.,1.,0.));
#9494=DIRECTION('center_axis',(0.,0.,1.));
#9495=DIRECTION('ref_axis',(0.,1.,0.));
#9496=DIRECTION('',(0.,1.,0.));
#9497=DIRECTION('',(-1.,0.,0.));
#9498=DIRECTION('',(-1.,0.,0.));
#9499=DIRECTION('',(-1.,0.,0.));
#9500=DIRECTION('center_axis',(0.,-1.,0.));
#9501=DIRECTION('ref_axis',(0.,0.,1.));
#9502=DIRECTION('',(0.,0.,1.));
#9503=DIRECTION('center_axis',(1.,0.,0.));
#9504=DIRECTION('ref_axis',(0.,1.,0.));
#9505=DIRECTION('center_axis',(0.,0.,-1.));
#9506=DIRECTION('ref_axis',(0.,-1.,0.));
#9507=DIRECTION('',(0.,-1.,0.));
#9508=DIRECTION('center_axis',(1.,0.,0.));
#9509=DIRECTION('ref_axis',(0.,0.,-1.));
#9510=DIRECTION('center_axis',(0.,-1.,0.));
#9511=DIRECTION('ref_axis',(0.,0.,-1.));
#9512=DIRECTION('center_axis',(0.,-1.,4.77515279408669E-16));
#9513=DIRECTION('ref_axis',(0.,-4.77515279408669E-16,-1.));
#9514=DIRECTION('center_axis',(0.,1.,0.));
#9515=DIRECTION('ref_axis',(0.,0.,1.));
#9516=DIRECTION('',(0.,0.,1.));
#9517=DIRECTION('center_axis',(0.,0.,-1.));
#9518=DIRECTION('ref_axis',(1.,0.,0.));
#9519=DIRECTION('center_axis',(0.,0.,1.));
#9520=DIRECTION('ref_axis',(1.,0.,0.));
#9521=DIRECTION('center_axis',(0.,0.,1.));
#9522=DIRECTION('ref_axis',(1.,0.,0.));
#9523=DIRECTION('center_axis',(0.,0.,1.));
#9524=DIRECTION('ref_axis',(1.,0.,0.));
#9525=DIRECTION('',(0.,0.,1.));
#9526=DIRECTION('center_axis',(0.,0.,-1.));
#9527=DIRECTION('ref_axis',(1.,0.,0.));
#9528=DIRECTION('center_axis',(0.,0.,1.));
#9529=DIRECTION('ref_axis',(1.,0.,0.));
#9530=DIRECTION('center_axis',(0.,0.,1.));
#9531=DIRECTION('ref_axis',(1.,0.,0.));
#9532=DIRECTION('center_axis',(0.,0.,1.));
#9533=DIRECTION('ref_axis',(1.,0.,0.));
#9534=DIRECTION('',(0.,0.,1.));
#9535=DIRECTION('center_axis',(0.,0.,-1.));
#9536=DIRECTION('ref_axis',(1.,0.,0.));
#9537=DIRECTION('center_axis',(0.,0.,1.));
#9538=DIRECTION('ref_axis',(1.,0.,0.));
#9539=DIRECTION('center_axis',(0.,0.,1.));
#9540=DIRECTION('ref_axis',(1.,0.,0.));
#9541=DIRECTION('center_axis',(0.,0.,1.));
#9542=DIRECTION('ref_axis',(1.,0.,0.));
#9543=DIRECTION('',(0.,0.,1.));
#9544=DIRECTION('center_axis',(0.,0.,-1.));
#9545=DIRECTION('ref_axis',(1.,0.,0.));
#9546=DIRECTION('center_axis',(0.,0.,1.));
#9547=DIRECTION('ref_axis',(1.,0.,0.));
#9548=DIRECTION('center_axis',(0.,0.,1.));
#9549=DIRECTION('ref_axis',(1.,0.,0.));
#9550=DIRECTION('center_axis',(0.,0.,1.));
#9551=DIRECTION('ref_axis',(1.,0.,0.));
#9552=DIRECTION('',(0.,0.,1.));
#9553=DIRECTION('center_axis',(0.,0.,1.));
#9554=DIRECTION('ref_axis',(1.,0.,0.));
#9555=DIRECTION('',(0.,1.,0.));
#9556=DIRECTION('center_axis',(0.,1.,0.));
#9557=DIRECTION('ref_axis',(-0.707106781186549,0.,-0.707106781186546));
#9558=DIRECTION('center_axis',(0.,1.,0.));
#9559=DIRECTION('ref_axis',(-0.707106781186548,0.,0.707106781186548));
#9560=DIRECTION('',(0.,1.,0.));
#9561=DIRECTION('center_axis',(0.,0.,1.));
#9562=DIRECTION('ref_axis',(1.,0.,0.));
#9563=DIRECTION('',(0.,1.,0.));
#9564=DIRECTION('center_axis',(0.,-1.,0.));
#9565=DIRECTION('ref_axis',(0.707106781186548,0.,0.707106781186548));
#9566=DIRECTION('center_axis',(3.26536183713285E-14,1.,0.));
#9567=DIRECTION('ref_axis',(0.,0.,1.));
#9568=DIRECTION('',(-3.95516952521255E-16,-9.43689570926766E-16,1.));
#9569=DIRECTION('',(1.,-3.96901975039779E-14,0.));
#9570=DIRECTION('',(3.95516952521255E-16,9.43689570926766E-16,-1.));
#9571=DIRECTION('',(-1.,3.96901975039779E-14,0.));
#9572=DIRECTION('center_axis',(-3.74552254525281E-29,-9.43689570926782E-16,
1.));
#9573=DIRECTION('ref_axis',(-3.97598620693883E-14,-1.,-9.43689570926782E-16));
#9574=DIRECTION('',(3.26536183713285E-14,1.,0.));
#9575=DIRECTION('',(1.,-3.96901975039779E-14,0.));
#9576=DIRECTION('',(3.26536183713285E-14,1.,0.));
#9577=DIRECTION('center_axis',(3.74552254525281E-29,9.43689570926782E-16,
-1.));
#9578=DIRECTION('ref_axis',(3.97598620693883E-14,1.,9.43689570926782E-16));
#9579=DIRECTION('',(-3.89551938464965E-14,-1.,0.));
#9580=DIRECTION('',(-3.89551938464965E-14,-1.,0.));
#9581=DIRECTION('center_axis',(-3.74552254525281E-29,-9.43689570926782E-16,
1.));
#9582=DIRECTION('ref_axis',(-3.97598620693883E-14,-1.,-9.43689570926782E-16));
#9583=DIRECTION('',(-3.97598620693883E-14,-1.,-9.43689570926782E-16));
#9584=DIRECTION('',(-3.97598620693883E-14,-1.,-9.43689570926782E-16));
#9585=DIRECTION('',(1.,-3.96901975039779E-14,0.));
#9586=DIRECTION('center_axis',(3.96901975039779E-14,1.,9.43689570926782E-16));
#9587=DIRECTION('ref_axis',(-3.95516952521255E-16,-9.43689570926766E-16,
1.));
#9588=DIRECTION('',(-3.95516952521255E-16,-9.43689570926766E-16,1.));
#9589=DIRECTION('',(-3.95516952521255E-16,-9.43689570926766E-16,1.));
#9590=DIRECTION('',(1.,-3.96901975039779E-14,0.));
#9591=DIRECTION('center_axis',(-3.74552254525281E-29,-9.43689570926782E-16,
1.));
#9592=DIRECTION('ref_axis',(-3.97598620693883E-14,-1.,-9.43689570926782E-16));
#9593=DIRECTION('',(-3.97598620693883E-14,-1.,-9.43689570926782E-16));
#9594=DIRECTION('',(-3.97598620693883E-14,-1.,-9.43689570926782E-16));
#9595=DIRECTION('',(1.,-3.96901975039779E-14,0.));
#9596=DIRECTION('center_axis',(-3.96901975039779E-14,-1.,-9.43689570926782E-16));
#9597=DIRECTION('ref_axis',(3.95516952521255E-16,9.43689570926766E-16,-1.));
#9598=DIRECTION('',(3.95516952521255E-16,9.43689570926766E-16,-1.));
#9599=DIRECTION('',(3.95516952521255E-16,9.43689570926766E-16,-1.));
#9600=DIRECTION('center_axis',(-1.,3.97598620693883E-14,-3.95516952521217E-16));
#9601=DIRECTION('ref_axis',(3.97598620693883E-14,1.,9.43689570926782E-16));
#9602=DIRECTION('center_axis',(-1.,0.,0.));
#9603=DIRECTION('ref_axis',(0.,-1.,0.));
#9604=DIRECTION('center_axis',(-1.,0.,0.));
#9605=DIRECTION('ref_axis',(0.,-1.,0.));
#9606=DIRECTION('center_axis',(-1.,3.97598620693883E-14,-3.95516952521217E-16));
#9607=DIRECTION('ref_axis',(3.97598620693883E-14,1.,9.43689570926782E-16));
#9608=DIRECTION('center_axis',(1.,0.,0.));
#9609=DIRECTION('ref_axis',(0.,-1.,0.));
#9610=DIRECTION('center_axis',(1.,0.,0.));
#9611=DIRECTION('ref_axis',(0.,-1.,0.));
#9612=DIRECTION('center_axis',(-1.,0.,0.));
#9613=DIRECTION('ref_axis',(0.,0.,1.));
#9614=DIRECTION('',(0.,1.,0.));
#9615=DIRECTION('center_axis',(0.,0.,-1.));
#9616=DIRECTION('ref_axis',(-1.,0.,0.));
#9617=DIRECTION('',(0.,-1.,0.));
#9618=DIRECTION('center_axis',(0.,0.,-1.));
#9619=DIRECTION('ref_axis',(-1.,0.,0.));
#9620=DIRECTION('center_axis',(0.,-3.56698160522138E-15,1.));
#9621=DIRECTION('ref_axis',(0.,1.,3.56698160522138E-15));
#9622=DIRECTION('',(1.,0.,0.));
#9623=DIRECTION('',(-1.,0.,0.));
#9624=DIRECTION('',(0.,-1.,-3.56698160522138E-15));
#9625=DIRECTION('center_axis',(0.,1.,0.));
#9626=DIRECTION('ref_axis',(0.,0.,1.));
#9627=DIRECTION('',(1.,0.,0.));
#9628=DIRECTION('',(0.,-3.19106019053937E-15,1.));
#9629=DIRECTION('center_axis',(0.,-2.86509167645201E-15,1.));
#9630=DIRECTION('ref_axis',(1.,0.,0.));
#9631=DIRECTION('',(-1.,0.,0.));
#9632=DIRECTION('',(0.,1.,2.86509167645201E-15));
#9633=DIRECTION('center_axis',(0.,-1.,0.));
#9634=DIRECTION('ref_axis',(0.,0.,-1.));
#9635=DIRECTION('',(0.,3.45698187308432E-15,-1.));
#9636=DIRECTION('center_axis',(-1.,0.,0.));
#9637=DIRECTION('ref_axis',(0.,-1.,0.));
#9638=DIRECTION('center_axis',(-1.,3.73245223219016E-31,-4.93038065763129E-32));
#9639=DIRECTION('ref_axis',(-3.73245223219016E-31,-1.,0.));
#9640=DIRECTION('center_axis',(-1.,0.,0.));
#9641=DIRECTION('ref_axis',(0.,-1.,0.));
#9642=DIRECTION('center_axis',(1.,0.,0.));
#9643=DIRECTION('ref_axis',(0.,-1.,0.));
#9644=DIRECTION('',(-1.,0.,0.));
#9645=DIRECTION('center_axis',(1.,0.,0.));
#9646=DIRECTION('ref_axis',(0.,-1.,0.));
#9647=DIRECTION('',(-1.,0.,0.));
#9648=DIRECTION('center_axis',(1.,0.,0.));
#9649=DIRECTION('ref_axis',(0.,-1.,0.));
#9650=DIRECTION('',(-1.,0.,0.));
#9651=DIRECTION('center_axis',(1.,0.,0.));
#9652=DIRECTION('ref_axis',(0.,-1.,0.));
#9653=DIRECTION('',(-1.,0.,0.));
#9654=DIRECTION('center_axis',(1.,0.,0.));
#9655=DIRECTION('ref_axis',(0.,0.,-1.));
#9656=DIRECTION('',(0.,1.,0.));
#9657=DIRECTION('',(0.,0.,1.));
#9658=DIRECTION('',(0.,-1.,0.));
#9659=DIRECTION('',(0.,0.,-1.));
#9660=DIRECTION('center_axis',(0.,0.,-1.));
#9661=DIRECTION('ref_axis',(0.,1.,0.));
#9662=DIRECTION('',(1.,0.,0.));
#9663=DIRECTION('',(1.,0.,0.));
#9664=DIRECTION('center_axis',(0.,1.,0.));
#9665=DIRECTION('ref_axis',(0.,0.,1.));
#9666=DIRECTION('',(1.,0.,0.));
#9667=DIRECTION('center_axis',(0.,0.,1.));
#9668=DIRECTION('ref_axis',(0.,-1.,0.));
#9669=DIRECTION('',(1.,0.,0.));
#9670=DIRECTION('center_axis',(0.,-1.,0.));
#9671=DIRECTION('ref_axis',(0.,0.,-1.));
#9672=DIRECTION('center_axis',(1.,0.,0.));
#9673=DIRECTION('ref_axis',(0.,1.,0.));
#9674=DIRECTION('center_axis',(1.,0.,0.));
#9675=DIRECTION('ref_axis',(0.,1.,0.));
#9676=CARTESIAN_POINT('',(0.,0.,0.));
#9677=CARTESIAN_POINT('Origin',(3.42709993716994E-7,72.8789000118225,2.5));
#9678=CARTESIAN_POINT('',(-46.,82.4788000236451,2.5));
#9679=CARTESIAN_POINT('',(46.0000006854534,82.4788000236451,2.5));
#9680=CARTESIAN_POINT('',(29.2081693410329,82.4788000236451,2.5));
#9681=CARTESIAN_POINT('',(-45.9999996572733,68.2788000236451,2.5));
#9682=CARTESIAN_POINT('',(-45.9999997127866,70.5788494626131,2.5));
#9683=CARTESIAN_POINT('',(-40.9999996572733,63.2788000236451,2.5));
#9684=CARTESIAN_POINT('Origin',(-40.9999996572733,68.2788000236451,2.5));
#9685=CARTESIAN_POINT('',(41.0000003427267,63.2788000236451,2.5));
#9686=CARTESIAN_POINT('',(20.5000003427184,63.2788000236451,2.5));
#9687=CARTESIAN_POINT('',(46.0000003427267,68.2788000236451,2.5));
#9688=CARTESIAN_POINT('Origin',(41.0000003427267,68.2788000236451,2.5));
#9689=CARTESIAN_POINT('',(46.0000005696033,77.6788494626131,2.5));
#9690=CARTESIAN_POINT('',(36.526725817244,70.4999987594783,2.5));
#9691=CARTESIAN_POINT('Origin',(38.026725817244,70.4999987594783,2.5));
#9692=CARTESIAN_POINT('',(-39.4999988824129,70.4999987594783,2.5));
#9693=CARTESIAN_POINT('Origin',(-37.9999988824129,70.4999987594783,2.5));
#9694=CARTESIAN_POINT('Origin',(58.4163383393559,82.4788000236451,80.));
#9695=CARTESIAN_POINT('',(48.,82.4788000236451,0.));
#9696=CARTESIAN_POINT('',(-48.,82.4788000236451,0.));
#9697=CARTESIAN_POINT('',(0.000391622893318733,82.4788000236451,0.));
#9698=CARTESIAN_POINT('',(-50.,82.4788000236451,2.));
#9699=CARTESIAN_POINT('Origin',(-48.,82.4788000236451,2.));
#9700=CARTESIAN_POINT('',(-50.,82.4788000236451,78.));
#9701=CARTESIAN_POINT('',(-50.,82.4788000236451,20.0011403623287));
#9702=CARTESIAN_POINT('',(-48.,82.4788000236451,80.));
#9703=CARTESIAN_POINT('Origin',(-48.,82.4788000236451,78.));
#9704=CARTESIAN_POINT('',(48.,82.4788000236451,80.));
#9705=CARTESIAN_POINT('',(-23.9996083771067,82.4788000236451,80.));
#9706=CARTESIAN_POINT('',(50.,82.4788000236451,78.));
#9707=CARTESIAN_POINT('Origin',(48.,82.4788000236451,78.));
#9708=CARTESIAN_POINT('',(50.,82.4788000236451,16.4496325929006));
#9709=CARTESIAN_POINT('',(50.,82.4788000236451,20.0011403623287));
#9710=CARTESIAN_POINT('',(49.7,82.4788000236451,16.4496325929006));
#9711=CARTESIAN_POINT('',(25.0003916228933,82.4788000236451,16.4496325929006));
#9712=CARTESIAN_POINT('',(49.7,82.4788000236451,14.9496325929006));
#9713=CARTESIAN_POINT('',(49.7,82.4788000236451,27.850956658779));
#9714=CARTESIAN_POINT('',(50.,82.4788000236451,14.9496325929006));
#9715=CARTESIAN_POINT('',(25.0003916228933,82.4788000236451,14.9496325929006));
#9716=CARTESIAN_POINT('',(50.,82.4788000236451,2.));
#9717=CARTESIAN_POINT('',(50.,82.4788000236451,20.0011403623287));
#9718=CARTESIAN_POINT('Origin',(48.,82.4788000236451,2.));
#9719=CARTESIAN_POINT('',(-46.0000000000024,82.4789000110597,3.00000004470348));
#9720=CARTESIAN_POINT('',(-46.,82.4788000236451,41.35));
#9721=CARTESIAN_POINT('',(46.0000006854534,82.4788000236451,3.00000004470348));
#9722=CARTESIAN_POINT('',(46.0000006854534,82.4788000236451,42.5));
#9723=CARTESIAN_POINT('',(46.7320515039307,82.4788000236451,3.00000004470348));
#9724=CARTESIAN_POINT('',(50.8421440882648,82.4788000236451,3.00000004470348));
#9725=CARTESIAN_POINT('',(48.4641023373091,82.4788000236451,6.00000008940696));
#9726=CARTESIAN_POINT('',(64.8635763715307,82.4788000236451,34.4047223340852));
#9727=CARTESIAN_POINT('',(46.7320515039307,82.4788000236451,9.00000013411045));
#9728=CARTESIAN_POINT('',(33.68666188691,82.4788000236451,31.5952777553217));
#9729=CARTESIAN_POINT('',(45.8860006854534,82.4788000236451,9.00000013411045));
#9730=CARTESIAN_POINT('',(52.5741949216433,82.4788000236451,9.00000013411045));
#9731=CARTESIAN_POINT('',(45.8860006854534,82.479,72.0000010728836));
#9732=CARTESIAN_POINT('',(45.8860006854534,82.4788000236451,22.5011403623287));
#9733=CARTESIAN_POINT('',(46.7320515039307,82.4789000120107,72.0000010728836));
#9734=CARTESIAN_POINT('',(46.7320515039307,82.479,72.0000010728836));
#9735=CARTESIAN_POINT('',(48.4641023373091,82.4788000236451,75.0000011175871));
#9736=CARTESIAN_POINT('',(49.9246379336416,82.4788000236451,77.5297229766978));
#9737=CARTESIAN_POINT('',(46.7320515039307,82.4789000118225,78.0000011622906));
#9738=CARTESIAN_POINT('',(48.6256003247991,82.4788000236451,74.7202783979343));
#9739=CARTESIAN_POINT('',(43.2679498371738,82.479,78.0000011622906));
#9740=CARTESIAN_POINT('',(43.2679498371738,82.479,78.0000011622906));
#9741=CARTESIAN_POINT('',(42.1132492815882,82.479,76.0000011324883));
#9742=CARTESIAN_POINT('',(41.5358990037954,82.479,75.0000011175871));
#9743=CARTESIAN_POINT('',(30.0000003427308,82.4788000236451,76.0000011324883));
#9744=CARTESIAN_POINT('',(-22.9996083771067,82.4788000236451,76.0000011324883));
#9745=CARTESIAN_POINT('',(30.0000003427308,82.4788000236451,76.8000011324882));
#9746=CARTESIAN_POINT('',(30.0000003427307,82.4788000236451,78.3000005662441));
#9747=CARTESIAN_POINT('',(-29.9999996572734,82.4788000236451,76.8000011324882));
#9748=CARTESIAN_POINT('',(29.2081693782942,82.4788000236451,76.8000011324882));
#9749=CARTESIAN_POINT('',(-29.9999996572734,82.4788000236451,76.0000011324883));
#9750=CARTESIAN_POINT('',(-29.9999996572734,82.4788000236451,78.0000005662441));
#9751=CARTESIAN_POINT('',(-42.1132492815882,82.4788000236451,76.0000011324883));
#9752=CARTESIAN_POINT('',(-22.9996083771067,82.4788000236451,76.0000011324883));
#9753=CARTESIAN_POINT('',(-43.2679498371738,82.4789000118225,78.0000011622906));
#9754=CARTESIAN_POINT('',(-30.1244008486673,82.4788000236451,55.2347065224268));
#9755=CARTESIAN_POINT('',(-46.7320515039307,82.479,78.0000011622906));
#9756=CARTESIAN_POINT('',(-46.7320515039307,82.479,78.0000011622906));
#9757=CARTESIAN_POINT('',(-48.4641023373091,82.479,75.0000011175871));
#9758=CARTESIAN_POINT('',(-48.4641023373091,82.479,75.0000011175871));
#9759=CARTESIAN_POINT('',(-46.7320515039307,82.479,72.0000010728836));
#9760=CARTESIAN_POINT('',(-46.7320515039307,82.479,72.0000010728836));
#9761=CARTESIAN_POINT('',(-46.,82.479,72.0000010728836));
#9762=CARTESIAN_POINT('',(-43.2679498371738,82.479,72.0000010728836));
#9763=CARTESIAN_POINT('',(-46.,82.479,9.00000013411045));
#9764=CARTESIAN_POINT('',(-46.,82.4788000236451,42.5));
#9765=CARTESIAN_POINT('',(-46.7320515039307,82.479,9.00000013411045));
#9766=CARTESIAN_POINT('',(-46.7320515039307,82.479,9.00000013411045));
#9767=CARTESIAN_POINT('',(-48.4641023373091,82.479,6.00000008940697));
#9768=CARTESIAN_POINT('',(-48.4641023373091,82.479,6.00000008940697));
#9769=CARTESIAN_POINT('',(-46.7320515039307,82.479,3.00000004470349));
#9770=CARTESIAN_POINT('',(-46.7320515039307,82.479,3.00000004470349));
#9771=CARTESIAN_POINT('',(-43.2679498371738,82.479,3.00000004470349));
#9772=CARTESIAN_POINT('Origin',(-20.9999995082617,72.2788000236451,76.0000011324883));
#9773=CARTESIAN_POINT('',(-17.9999995082617,72.2788000236451,76.0000011324883));
#9774=CARTESIAN_POINT('',(-17.9999995082617,72.2788000236451,76.8000011324882));
#9775=CARTESIAN_POINT('',(-17.9999995082617,72.2788000236451,78.0000005662441));
#9776=CARTESIAN_POINT('',(-20.9999995082617,72.2788000236451,76.0000011324883));
#9777=CARTESIAN_POINT('',(-33.4999997541308,72.2788000236451,76.0000011324883));
#9778=CARTESIAN_POINT('',(-20.9999995082617,72.2788000236451,76.8000011324882));
#9779=CARTESIAN_POINT('',(-20.9999995082617,72.2788000236451,78.0000005662441));
#9780=CARTESIAN_POINT('',(-10.4999995455146,72.2788000236451,76.8000011324882));
#9781=CARTESIAN_POINT('Origin',(-8.99999950826168,72.2788000236451,76.0000011324883));
#9782=CARTESIAN_POINT('',(-5.99999950826168,72.2788000236451,76.0000011324883));
#9783=CARTESIAN_POINT('',(-5.99999950826168,72.2788000236451,76.8000011324882));
#9784=CARTESIAN_POINT('',(-5.99999950826168,72.2788000236451,78.0000005662441));
#9785=CARTESIAN_POINT('',(-8.99999950826168,72.2788000236451,76.0000011324883));
#9786=CARTESIAN_POINT('',(-27.4999997541308,72.2788000236451,76.0000011324883));
#9787=CARTESIAN_POINT('',(-8.99999950826168,72.2788000236451,76.8000011324882));
#9788=CARTESIAN_POINT('',(-8.99999950826168,72.2788000236451,78.0000005662441));
#9789=CARTESIAN_POINT('',(-4.49999954551461,72.2788000236451,76.8000011324882));
#9790=CARTESIAN_POINT('Origin',(6.00000049173832,72.2788000236451,76.0000011324883));
#9791=CARTESIAN_POINT('',(9.00000049173832,72.2788000236451,76.0000011324883));
#9792=CARTESIAN_POINT('',(9.00000049173832,72.2788000236451,76.8000011324882));
#9793=CARTESIAN_POINT('',(9.00000049173832,72.2788000236451,78.0000005662441));
#9794=CARTESIAN_POINT('',(6.00000049173832,72.2788000236451,76.0000011324883));
#9795=CARTESIAN_POINT('',(-19.9999997541308,72.2788000236451,76.0000011324883));
#9796=CARTESIAN_POINT('',(6.00000049173832,72.2788000236451,76.8000011324882));
#9797=CARTESIAN_POINT('',(6.00000049173832,72.2788000236451,78.0000005662441));
#9798=CARTESIAN_POINT('',(3.00000045448539,72.2788000236451,76.8000011324882));
#9799=CARTESIAN_POINT('Origin',(18.0000004917383,72.2788000236451,76.0000011324883));
#9800=CARTESIAN_POINT('',(21.0000004917383,72.2788000236451,76.0000011324883));
#9801=CARTESIAN_POINT('',(21.0000004917383,72.2788000236451,76.8000011324882));
#9802=CARTESIAN_POINT('',(21.0000004917383,72.2788000236451,78.0000005662441));
#9803=CARTESIAN_POINT('',(18.0000004917383,72.2788000236451,76.0000011324883));
#9804=CARTESIAN_POINT('',(-13.9999997541308,72.2788000236451,76.0000011324883));
#9805=CARTESIAN_POINT('',(18.0000004917383,72.2788000236451,76.8000011324882));
#9806=CARTESIAN_POINT('',(18.0000004917383,72.2788000236451,78.0000005662441));
#9807=CARTESIAN_POINT('',(9.00000045448539,72.2788000236451,76.8000011324882));
#9808=CARTESIAN_POINT('Origin',(24.0000004917383,72.2788000236451,76.0000011324883));
#9809=CARTESIAN_POINT('',(27.0000004917383,72.2788000236451,76.0000011324883));
#9810=CARTESIAN_POINT('',(27.0000004917383,72.2788000236451,76.8000011324882));
#9811=CARTESIAN_POINT('',(27.0000004917383,72.2788000236451,78.0000005662441));
#9812=CARTESIAN_POINT('',(24.0000004917383,72.2788000236451,76.0000011324883));
#9813=CARTESIAN_POINT('',(-10.9999997541308,72.2788000236451,76.0000011324883));
#9814=CARTESIAN_POINT('',(24.0000004917383,72.2788000236451,76.8000011324882));
#9815=CARTESIAN_POINT('',(24.0000004917383,72.2788000236451,78.0000005662441));
#9816=CARTESIAN_POINT('',(12.0000004544854,72.2788000236451,76.8000011324882));
#9817=CARTESIAN_POINT('Origin',(12.0000004917383,72.2788000236451,76.0000011324883));
#9818=CARTESIAN_POINT('',(15.0000004917383,72.2788000236451,76.0000011324883));
#9819=CARTESIAN_POINT('',(15.0000004917383,72.2788000236451,76.8000011324882));
#9820=CARTESIAN_POINT('',(15.0000004917383,72.2788000236451,78.0000005662441));
#9821=CARTESIAN_POINT('',(12.0000004917383,72.2788000236451,76.0000011324883));
#9822=CARTESIAN_POINT('',(-16.9999997541308,72.2788000236451,76.0000011324883));
#9823=CARTESIAN_POINT('',(12.0000004917383,72.2788000236451,76.8000011324882));
#9824=CARTESIAN_POINT('',(12.0000004917383,72.2788000236451,78.0000005662441));
#9825=CARTESIAN_POINT('',(6.00000045448539,72.2788000236451,76.8000011324882));
#9826=CARTESIAN_POINT('Origin',(-2.99999950826167,72.2788000236451,76.0000011324883));
#9827=CARTESIAN_POINT('',(3.00000049173832,72.2788000236451,76.0000011324883));
#9828=CARTESIAN_POINT('',(3.00000049173833,72.2788000236451,76.8000011324882));
#9829=CARTESIAN_POINT('',(3.00000049173832,72.2788000236451,78.0000005662441));
#9830=CARTESIAN_POINT('',(-2.99999950826167,72.2788000236451,76.0000011324883));
#9831=CARTESIAN_POINT('',(-24.4999997541308,72.2788000236451,76.0000011324883));
#9832=CARTESIAN_POINT('',(-2.99999950826167,72.2788000236451,76.8000011324882));
#9833=CARTESIAN_POINT('',(-2.99999950826168,72.2788000236451,78.0000005662441));
#9834=CARTESIAN_POINT('',(-1.49999954551461,72.2788000236451,76.8000011324882));
#9835=CARTESIAN_POINT('Origin',(-14.9999995082617,72.2788000236451,76.0000011324883));
#9836=CARTESIAN_POINT('',(-11.9999995082617,72.2788000236451,76.0000011324883));
#9837=CARTESIAN_POINT('',(-11.9999995082617,72.2788000236451,76.8000011324882));
#9838=CARTESIAN_POINT('',(-11.9999995082617,72.2788000236451,78.0000005662441));
#9839=CARTESIAN_POINT('',(-14.9999995082617,72.2788000236451,76.0000011324883));
#9840=CARTESIAN_POINT('',(-30.4999997541308,72.2788000236451,76.0000011324883));
#9841=CARTESIAN_POINT('',(-14.9999995082617,72.2788000236451,76.8000011324882));
#9842=CARTESIAN_POINT('',(-14.9999995082617,72.2788000236451,78.0000005662441));
#9843=CARTESIAN_POINT('',(-7.49999954551461,72.2788000236451,76.8000011324882));
#9844=CARTESIAN_POINT('Origin',(-26.9999995082617,72.2788000236451,76.0000011324883));
#9845=CARTESIAN_POINT('',(-23.9999995082617,72.2788000236451,76.0000011324883));
#9846=CARTESIAN_POINT('',(-23.9999995082617,72.2788000236451,76.8000011324882));
#9847=CARTESIAN_POINT('',(-23.9999995082617,72.2788000236451,78.0000005662441));
#9848=CARTESIAN_POINT('',(-26.9999995082617,72.2788000236451,76.0000011324883));
#9849=CARTESIAN_POINT('',(-36.4999997541308,72.2788000236451,76.0000011324883));
#9850=CARTESIAN_POINT('',(-26.9999995082617,72.2788000236451,76.8000011324882));
#9851=CARTESIAN_POINT('',(-26.9999995082617,72.2788000236451,78.0000005662441));
#9852=CARTESIAN_POINT('',(-13.4999995455146,72.2788000236451,76.8000011324882));
#9853=CARTESIAN_POINT('Origin',(-17.9999995082617,35.679,80.));
#9854=CARTESIAN_POINT('',(-17.9999995082617,75.5060169461998,76.8000011324882));
#9855=CARTESIAN_POINT('',(-17.9999995082617,54.0789000118225,76.8000011324882));
#9856=CARTESIAN_POINT('',(-17.9999995082617,75.5060169461998,77.0000011324883));
#9857=CARTESIAN_POINT('',(-17.9999995082617,75.5060169461998,77.0000011324883));
#9858=CARTESIAN_POINT('',(-17.9999995082617,76.2565010008007,78.5));
#9859=CARTESIAN_POINT('Origin',(-17.9999995082617,79.3789999999999,76.));
#9860=CARTESIAN_POINT('',(-17.9999995082617,30.8014989991994,78.5));
#9861=CARTESIAN_POINT('',(-17.9999995082617,43.8395,78.5));
#9862=CARTESIAN_POINT('',(-17.9999995082617,31.679,76.0000011324883));
#9863=CARTESIAN_POINT('Origin',(-17.9999995082617,27.6790000000002,76.));
#9864=CARTESIAN_POINT('',(-17.9999995082617,31.8395000074506,76.0000011324883));
#9865=CARTESIAN_POINT('Origin',(-8.99999950826168,71.379,80.));
#9866=CARTESIAN_POINT('',(-8.99999950826168,75.5060169461998,76.8000011324882));
#9867=CARTESIAN_POINT('',(-8.99999950826168,71.9289000118225,76.8000011324882));
#9868=CARTESIAN_POINT('',(-8.99999950826168,31.679,76.0000011324883));
#9869=CARTESIAN_POINT('',(-8.99999950826168,49.6895000074506,76.0000011324883));
#9870=CARTESIAN_POINT('',(-8.99999950826168,30.8014989991994,78.5));
#9871=CARTESIAN_POINT('Origin',(-8.99999950826168,27.6790000000002,76.));
#9872=CARTESIAN_POINT('',(-8.99999950826168,76.2565010008007,78.5));
#9873=CARTESIAN_POINT('',(-8.99999950826168,61.6895,78.5));
#9874=CARTESIAN_POINT('',(-8.99999950826168,75.5060169461998,77.0000011324883));
#9875=CARTESIAN_POINT('Origin',(-8.99999950826168,79.3789999999999,76.));
#9876=CARTESIAN_POINT('',(-8.99999950826168,75.5060169461998,77.0000011324883));
#9877=CARTESIAN_POINT('Origin',(-5.99999950826168,35.679,80.));
#9878=CARTESIAN_POINT('',(-5.99999950826168,75.5060169461998,76.8000011324882));
#9879=CARTESIAN_POINT('',(-5.99999950826168,54.0789000118225,76.8000011324882));
#9880=CARTESIAN_POINT('',(-5.99999950826168,75.5060169461998,77.0000011324883));
#9881=CARTESIAN_POINT('',(-5.99999950826168,75.5060169461998,77.0000011324883));
#9882=CARTESIAN_POINT('',(-5.99999950826168,76.2565010008007,78.5));
#9883=CARTESIAN_POINT('Origin',(-5.99999950826168,79.3789999999999,76.));
#9884=CARTESIAN_POINT('',(-5.99999950826168,30.8014989991994,78.5));
#9885=CARTESIAN_POINT('',(-5.99999950826168,43.8395,78.5));
#9886=CARTESIAN_POINT('',(-5.99999950826168,31.679,76.0000011324883));
#9887=CARTESIAN_POINT('Origin',(-5.99999950826168,27.6790000000002,76.));
#9888=CARTESIAN_POINT('',(-5.99999950826168,31.8395000074506,76.0000011324883));
#9889=CARTESIAN_POINT('Origin',(6.00000049173832,71.379,80.));
#9890=CARTESIAN_POINT('',(6.00000049173832,75.5060169461998,76.8000011324882));
#9891=CARTESIAN_POINT('',(6.00000049173832,71.9289000118225,76.8000011324882));
#9892=CARTESIAN_POINT('',(6.00000049173833,31.679,76.0000011324883));
#9893=CARTESIAN_POINT('',(6.00000049173833,49.6895000074506,76.0000011324883));
#9894=CARTESIAN_POINT('',(6.00000049173833,30.8014989991994,78.5));
#9895=CARTESIAN_POINT('Origin',(6.00000049173833,27.6790000000002,76.));
#9896=CARTESIAN_POINT('',(6.00000049173833,76.2565010008007,78.5));
#9897=CARTESIAN_POINT('',(6.00000049173832,61.6895,78.5));
#9898=CARTESIAN_POINT('',(6.00000049173833,75.5060169461998,77.0000011324883));
#9899=CARTESIAN_POINT('Origin',(6.00000049173833,79.3789999999999,76.));
#9900=CARTESIAN_POINT('',(6.00000049173833,75.5060169461998,77.0000011324883));
#9901=CARTESIAN_POINT('Origin',(9.00000049173832,35.679,80.));
#9902=CARTESIAN_POINT('',(9.00000049173832,75.5060169461998,76.8000011324882));
#9903=CARTESIAN_POINT('',(9.00000049173832,54.0789000118225,76.8000011324882));
#9904=CARTESIAN_POINT('',(9.00000049173832,75.5060169461998,77.0000011324883));
#9905=CARTESIAN_POINT('',(9.00000049173832,75.5060169461998,77.0000011324883));
#9906=CARTESIAN_POINT('',(9.00000049173832,76.2565010008007,78.5));
#9907=CARTESIAN_POINT('Origin',(9.00000049173832,79.3789999999999,76.));
#9908=CARTESIAN_POINT('',(9.00000049173832,30.8014989991994,78.5));
#9909=CARTESIAN_POINT('',(9.00000049173832,43.8395,78.5));
#9910=CARTESIAN_POINT('',(9.00000049173832,31.679,76.0000011324883));
#9911=CARTESIAN_POINT('Origin',(9.00000049173832,27.6790000000002,76.));
#9912=CARTESIAN_POINT('',(9.00000049173832,31.8395000074506,76.0000011324883));
#9913=CARTESIAN_POINT('Origin',(21.0000004917383,35.679,80.));
#9914=CARTESIAN_POINT('',(21.0000004917383,75.5060169461998,76.8000011324882));
#9915=CARTESIAN_POINT('',(21.0000004917383,54.0789000118225,76.8000011324882));
#9916=CARTESIAN_POINT('',(21.0000004917383,75.5060169461998,77.0000011324883));
#9917=CARTESIAN_POINT('',(21.0000004917383,75.5060169461998,77.0000011324883));
#9918=CARTESIAN_POINT('',(21.0000004917383,76.2565010008007,78.5));
#9919=CARTESIAN_POINT('Origin',(21.0000004917383,79.3789999999999,76.));
#9920=CARTESIAN_POINT('',(21.0000004917383,30.8014989991994,78.5));
#9921=CARTESIAN_POINT('',(21.0000004917383,43.8395,78.5));
#9922=CARTESIAN_POINT('',(21.0000004917383,31.679,76.0000011324883));
#9923=CARTESIAN_POINT('Origin',(21.0000004917383,27.6790000000002,76.));
#9924=CARTESIAN_POINT('',(21.0000004917383,31.8395000074506,76.0000011324883));
#9925=CARTESIAN_POINT('Origin',(27.0000004917383,35.679,80.));
#9926=CARTESIAN_POINT('',(27.0000004917383,75.5060169461998,76.8000011324882));
#9927=CARTESIAN_POINT('',(27.0000004917383,54.0789000118225,76.8000011324882));
#9928=CARTESIAN_POINT('',(27.0000004917383,75.5060169461998,77.0000011324883));
#9929=CARTESIAN_POINT('',(27.0000004917383,75.5060169461998,77.0000011324883));
#9930=CARTESIAN_POINT('',(27.0000004917383,76.2565010008007,78.5));
#9931=CARTESIAN_POINT('Origin',(27.0000004917383,79.3789999999999,76.));
#9932=CARTESIAN_POINT('',(27.0000004917383,30.8014989991994,78.5));
#9933=CARTESIAN_POINT('',(27.0000004917383,43.8395,78.5));
#9934=CARTESIAN_POINT('',(27.0000004917383,31.679,76.0000011324883));
#9935=CARTESIAN_POINT('Origin',(27.0000004917383,27.6790000000002,76.));
#9936=CARTESIAN_POINT('',(27.0000004917383,31.8395000074506,76.0000011324883));
#9937=CARTESIAN_POINT('Origin',(12.0000004917383,71.379,80.));
#9938=CARTESIAN_POINT('',(12.0000004917383,75.5060169461998,76.8000011324882));
#9939=CARTESIAN_POINT('',(12.0000004917383,71.9289000118225,76.8000011324882));
#9940=CARTESIAN_POINT('',(12.0000004917383,31.679,76.0000011324883));
#9941=CARTESIAN_POINT('',(12.0000004917383,49.6895000074506,76.0000011324883));
#9942=CARTESIAN_POINT('',(12.0000004917383,30.8014989991994,78.5));
#9943=CARTESIAN_POINT('Origin',(12.0000004917383,27.6790000000002,76.));
#9944=CARTESIAN_POINT('',(12.0000004917383,76.2565010008007,78.5));
#9945=CARTESIAN_POINT('',(12.0000004917383,61.6895,78.5));
#9946=CARTESIAN_POINT('',(12.0000004917383,75.5060169461998,77.0000011324883));
#9947=CARTESIAN_POINT('Origin',(12.0000004917383,79.3789999999999,76.));
#9948=CARTESIAN_POINT('',(12.0000004917383,75.5060169461998,77.0000011324883));
#9949=CARTESIAN_POINT('Origin',(15.0000004917383,35.679,80.));
#9950=CARTESIAN_POINT('',(15.0000004917383,75.5060169461998,76.8000011324882));
#9951=CARTESIAN_POINT('',(15.0000004917383,54.0789000118225,76.8000011324882));
#9952=CARTESIAN_POINT('',(15.0000004917383,75.5060169461998,77.0000011324883));
#9953=CARTESIAN_POINT('',(15.0000004917383,75.5060169461998,77.0000011324883));
#9954=CARTESIAN_POINT('',(15.0000004917383,76.2565010008007,78.5));
#9955=CARTESIAN_POINT('Origin',(15.0000004917383,79.3789999999999,76.));
#9956=CARTESIAN_POINT('',(15.0000004917383,30.8014989991994,78.5));
#9957=CARTESIAN_POINT('',(15.0000004917383,43.8395,78.5));
#9958=CARTESIAN_POINT('',(15.0000004917383,31.679,76.0000011324883));
#9959=CARTESIAN_POINT('Origin',(15.0000004917383,27.6790000000002,76.));
#9960=CARTESIAN_POINT('',(15.0000004917383,31.8395000074506,76.0000011324883));
#9961=CARTESIAN_POINT('Origin',(-2.99999950826168,71.379,80.));
#9962=CARTESIAN_POINT('',(-2.99999950826168,75.5060169461998,76.8000011324882));
#9963=CARTESIAN_POINT('',(-2.99999950826168,71.9289000118225,76.8000011324882));
#9964=CARTESIAN_POINT('',(-2.99999950826168,31.679,76.0000011324883));
#9965=CARTESIAN_POINT('',(-2.99999950826168,49.6895000074506,76.0000011324883));
#9966=CARTESIAN_POINT('',(-2.99999950826168,30.8014989991994,78.5));
#9967=CARTESIAN_POINT('Origin',(-2.99999950826168,27.6790000000002,76.));
#9968=CARTESIAN_POINT('',(-2.99999950826168,76.2565010008007,78.5));
#9969=CARTESIAN_POINT('',(-2.99999950826168,61.6895,78.5));
#9970=CARTESIAN_POINT('',(-2.99999950826168,75.5060169461998,77.0000011324883));
#9971=CARTESIAN_POINT('Origin',(-2.99999950826168,79.3789999999999,76.));
#9972=CARTESIAN_POINT('',(-2.99999950826168,75.5060169461998,77.0000011324883));
#9973=CARTESIAN_POINT('Origin',(3.00000049173832,35.679,80.));
#9974=CARTESIAN_POINT('',(3.00000049173833,75.5060169461998,76.8000011324882));
#9975=CARTESIAN_POINT('',(3.00000049173832,54.0789000118225,76.8000011324882));
#9976=CARTESIAN_POINT('',(3.00000049173832,75.5060169461998,77.0000011324883));
#9977=CARTESIAN_POINT('',(3.00000049173832,75.5060169461998,77.0000011324883));
#9978=CARTESIAN_POINT('',(3.00000049173832,76.2565010008007,78.5));
#9979=CARTESIAN_POINT('Origin',(3.00000049173832,79.3789999999999,76.));
#9980=CARTESIAN_POINT('',(3.00000049173832,30.8014989991994,78.5));
#9981=CARTESIAN_POINT('',(3.00000049173832,43.8395,78.5));
#9982=CARTESIAN_POINT('',(3.00000049173832,31.679,76.0000011324883));
#9983=CARTESIAN_POINT('Origin',(3.00000049173832,27.6790000000002,76.));
#9984=CARTESIAN_POINT('',(3.00000049173832,31.8395000074506,76.0000011324883));
#9985=CARTESIAN_POINT('Origin',(-14.9999995082617,71.379,80.));
#9986=CARTESIAN_POINT('',(-14.9999995082617,75.5060169461998,76.8000011324882));
#9987=CARTESIAN_POINT('',(-14.9999995082617,71.9289000118225,76.8000011324882));
#9988=CARTESIAN_POINT('',(-14.9999995082617,31.679,76.0000011324883));
#9989=CARTESIAN_POINT('',(-14.9999995082617,49.6895000074506,76.0000011324883));
#9990=CARTESIAN_POINT('',(-14.9999995082617,30.8014989991994,78.5));
#9991=CARTESIAN_POINT('Origin',(-14.9999995082617,27.6790000000002,76.));
#9992=CARTESIAN_POINT('',(-14.9999995082617,76.2565010008007,78.5));
#9993=CARTESIAN_POINT('',(-14.9999995082617,61.6895,78.5));
#9994=CARTESIAN_POINT('',(-14.9999995082617,75.5060169461998,77.0000011324883));
#9995=CARTESIAN_POINT('Origin',(-14.9999995082617,79.3789999999999,76.));
#9996=CARTESIAN_POINT('',(-14.9999995082617,75.5060169461998,77.0000011324883));
#9997=CARTESIAN_POINT('Origin',(-11.9999995082617,35.679,80.));
#9998=CARTESIAN_POINT('',(-11.9999995082617,75.5060169461998,76.8000011324882));
#9999=CARTESIAN_POINT('',(-11.9999995082617,54.0789000118225,76.8000011324882));
#10000=CARTESIAN_POINT('',(-11.9999995082617,75.5060169461998,77.0000011324883));
#10001=CARTESIAN_POINT('',(-11.9999995082617,75.5060169461998,77.0000011324883));
#10002=CARTESIAN_POINT('',(-11.9999995082617,76.2565010008007,78.5));
#10003=CARTESIAN_POINT('Origin',(-11.9999995082617,79.3789999999999,76.));
#10004=CARTESIAN_POINT('',(-11.9999995082617,30.8014989991994,78.5));
#10005=CARTESIAN_POINT('',(-11.9999995082617,43.8395,78.5));
#10006=CARTESIAN_POINT('',(-11.9999995082617,31.679,76.0000011324883));
#10007=CARTESIAN_POINT('Origin',(-11.9999995082617,27.6790000000002,76.));
#10008=CARTESIAN_POINT('',(-11.9999995082617,31.8395000074506,76.0000011324883));
#10009=CARTESIAN_POINT('Origin',(-46.,28.0000000149012,76.0000011324883));
#10010=CARTESIAN_POINT('',(-29.9999995082617,75.379,76.0000011324883));
#10011=CARTESIAN_POINT('',(-29.9999990855685,55.2394001871784,76.0000011324883));
#10012=CARTESIAN_POINT('',(-29.9999995082617,31.679,76.0000011324883));
#10013=CARTESIAN_POINT('',(-29.9999995082617,31.8395000074506,76.0000011324883));
#10014=CARTESIAN_POINT('',(-26.9999995082617,31.679,76.0000011324883));
#10015=CARTESIAN_POINT('',(-36.4999997541308,31.679,76.0000011324883));
#10016=CARTESIAN_POINT('',(-26.9999995082617,49.6895000074506,76.0000011324883));
#10017=CARTESIAN_POINT('',(-23.9999995082617,31.679,76.0000011324883));
#10018=CARTESIAN_POINT('',(-23.9999995082617,31.8395000074506,76.0000011324883));
#10019=CARTESIAN_POINT('',(-20.9999995082617,31.679,76.0000011324883));
#10020=CARTESIAN_POINT('',(-33.4999997541308,31.679,76.0000011324883));
#10021=CARTESIAN_POINT('',(-20.9999995082617,49.6895000074506,76.0000011324883));
#10022=CARTESIAN_POINT('',(-30.4999997541308,31.679,76.0000011324883));
#10023=CARTESIAN_POINT('',(-27.4999997541308,31.679,76.0000011324883));
#10024=CARTESIAN_POINT('',(-24.4999997541308,31.679,76.0000011324883));
#10025=CARTESIAN_POINT('',(-19.9999997541308,31.679,76.0000011324883));
#10026=CARTESIAN_POINT('',(-16.9999997541308,31.679,76.0000011324883));
#10027=CARTESIAN_POINT('',(18.0000004917383,31.679,76.0000011324883));
#10028=CARTESIAN_POINT('',(-13.9999997541308,31.679,76.0000011324883));
#10029=CARTESIAN_POINT('',(18.0000004917383,49.6895000074506,76.0000011324883));
#10030=CARTESIAN_POINT('',(24.0000004917383,31.679,76.0000011324883));
#10031=CARTESIAN_POINT('',(-10.9999997541308,31.679,76.0000011324883));
#10032=CARTESIAN_POINT('',(24.0000004917383,49.6895000074506,76.0000011324883));
#10033=CARTESIAN_POINT('',(30.0000004917383,31.679,76.0000011324883));
#10034=CARTESIAN_POINT('',(-7.99999975413084,31.679,76.0000011324883));
#10035=CARTESIAN_POINT('',(30.0000004917383,75.379,76.0000011324883));
#10036=CARTESIAN_POINT('',(30.0000004917383,49.6895000074506,76.0000011324883));
#10037=CARTESIAN_POINT('',(30.0000009889234,51.6895008049784,76.0000011324883));
#10038=CARTESIAN_POINT('',(45.8860006854534,82.479,76.0000011324883));
#10039=CARTESIAN_POINT('',(45.5000006780028,82.479,76.0000011324883));
#10040=CARTESIAN_POINT('',(45.8860006854534,24.0000000596046,76.0000011324883));
#10041=CARTESIAN_POINT('',(45.8860006854534,28.0000000372529,76.0000011324883));
#10042=CARTESIAN_POINT('',(-46.,24.0000000149012,76.0000011324883));
#10043=CARTESIAN_POINT('',(2.,24.0000000596046,76.0000011324883));
#10044=CARTESIAN_POINT('',(-46.,82.479,76.0000011324883));
#10045=CARTESIAN_POINT('',(-46.,28.0000000149012,76.0000011324883));
#10046=CARTESIAN_POINT('',(-42.5000003352761,82.479,76.0000011324883));
#10047=CARTESIAN_POINT('',(33.0000004917383,75.379,76.0000011324883));
#10048=CARTESIAN_POINT('',(33.0000004917383,31.679,76.0000011324883));
#10049=CARTESIAN_POINT('',(33.0000004917383,31.8395000074506,76.0000011324883));
#10050=CARTESIAN_POINT('',(36.,31.679,76.0000011324883));
#10051=CARTESIAN_POINT('',(-5.,31.679,76.0000011324883));
#10052=CARTESIAN_POINT('',(36.,75.379,76.0000011324883));
#10053=CARTESIAN_POINT('',(36.,49.6895000074506,76.0000011324883));
#10054=CARTESIAN_POINT('',(-6.49999975413084,75.379,76.0000011324883));
#10055=CARTESIAN_POINT('',(-36.,75.379,76.0000011324883));
#10056=CARTESIAN_POINT('',(-36.,31.679,76.0000011324883));
#10057=CARTESIAN_POINT('',(-36.,31.8395000074506,76.0000011324883));
#10058=CARTESIAN_POINT('',(-32.9999995082617,31.679,76.0000011324883));
#10059=CARTESIAN_POINT('',(-39.4999997541308,31.679,76.0000011324883));
#10060=CARTESIAN_POINT('',(-32.9999995082617,75.379,76.0000011324883));
#10061=CARTESIAN_POINT('',(-32.9999995082617,49.6895000074506,76.0000011324883));
#10062=CARTESIAN_POINT('',(-41.,75.379,76.0000011324883));
#10063=CARTESIAN_POINT('Origin',(-23.9999995082617,35.679,80.));
#10064=CARTESIAN_POINT('',(-23.9999995082617,75.5060169461998,76.8000011324882));
#10065=CARTESIAN_POINT('',(-23.9999995082617,54.0789000118225,76.8000011324882));
#10066=CARTESIAN_POINT('',(-23.9999995082617,75.5060169461998,77.0000011324883));
#10067=CARTESIAN_POINT('',(-23.9999995082617,75.5060169461998,77.0000011324883));
#10068=CARTESIAN_POINT('',(-23.9999995082617,76.2565010008007,78.5));
#10069=CARTESIAN_POINT('Origin',(-23.9999995082617,79.3789999999999,76.));
#10070=CARTESIAN_POINT('',(-23.9999995082617,30.8014989991994,78.5));
#10071=CARTESIAN_POINT('',(-23.9999995082617,43.8395,78.5));
#10072=CARTESIAN_POINT('Origin',(-23.9999995082617,27.6790000000002,76.));
#10073=CARTESIAN_POINT('Origin',(50.,25.0000000596047,5.));
#10074=CARTESIAN_POINT('',(-26.5706665504549,25.0000000596047,14.5291129829181));
#10075=CARTESIAN_POINT('Origin',(-28.3206757504549,25.0000000596047,14.5291129829181));
#10076=CARTESIAN_POINT('Origin',(50.,25.0000000596047,5.));
#10077=CARTESIAN_POINT('',(24.2293334495452,25.0000000596047,57.7091129829176));
#10078=CARTESIAN_POINT('Origin',(22.4793242495452,25.0000000596047,57.7091129829176));
#10079=CARTESIAN_POINT('Origin',(50.,25.0000000596047,5.));
#10080=CARTESIAN_POINT('',(24.229333449545,25.0000000596047,29.7691129829176));
#10081=CARTESIAN_POINT('Origin',(22.479324249545,25.0000000596047,29.7691129829176));
#10082=CARTESIAN_POINT('Origin',(50.,25.0000000596047,5.));
#10083=CARTESIAN_POINT('',(-27.8406665504546,25.0000000596047,62.7891129829181));
#10084=CARTESIAN_POINT('Origin',(-29.5906757504546,25.0000000596047,62.7891129829181));
#10085=CARTESIAN_POINT('Origin',(-42.,67.6005583645251,66.8041129829172));
#10086=CARTESIAN_POINT('',(-46.,66.7255583645251,66.8041129829172));
#10087=CARTESIAN_POINT('Origin',(-46.,67.6005583645251,66.8041129829172));
#10088=CARTESIAN_POINT('',(-48.,66.7255583645251,66.8041129829172));
#10089=CARTESIAN_POINT('',(-42.,66.7255583645251,66.8041129829172));
#10090=CARTESIAN_POINT('Origin',(-48.,67.6005583645251,66.8041129829172));
#10091=CARTESIAN_POINT('Origin',(-42.,67.6005583645251,43.5041129829172));
#10092=CARTESIAN_POINT('',(-46.,66.7255583645251,43.5041129829172));
#10093=CARTESIAN_POINT('Origin',(-46.,67.6005583645251,43.5041129829171));
#10094=CARTESIAN_POINT('',(-48.,66.7255583645251,43.5041129829172));
#10095=CARTESIAN_POINT('',(-42.,66.7255583645251,43.5041129829172));
#10096=CARTESIAN_POINT('Origin',(-48.,67.6005583645251,43.5041129829171));
#10097=CARTESIAN_POINT('Origin',(-46.,27.,5.));
#10098=CARTESIAN_POINT('',(-46.,82.479,75.5000011250377));
#10099=CARTESIAN_POINT('',(-46.0000006854534,24.0000000596046,5.));
#10100=CARTESIAN_POINT('',(-46.,24.0000000596046,5.));
#10101=CARTESIAN_POINT('',(-45.9999996572733,68.2788000236451,5.));
#10102=CARTESIAN_POINT('',(-46.0000006854534,28.0000000596046,5.));
#10103=CARTESIAN_POINT('',(-45.9999996572754,82.478800024266,5.00000000000051));
#10104=CARTESIAN_POINT('',(-46.0000006854534,28.0000000596046,5.));
#10105=CARTESIAN_POINT('',(-46.,82.479,8.50000012665987));
#10106=CARTESIAN_POINT('',(-46.,59.9505583645251,48.5041129829172));
#10107=CARTESIAN_POINT('',(-46.,59.9505583645251,61.8041129829172));
#10108=CARTESIAN_POINT('',(-46.,59.9505583645251,33.4020564914586));
#10109=CARTESIAN_POINT('',(-46.,75.2505583645251,61.8041129829172));
#10110=CARTESIAN_POINT('',(-46.,51.1252791822626,61.8041129829172));
#10111=CARTESIAN_POINT('',(-46.,75.2505583645251,48.5041129829172));
#10112=CARTESIAN_POINT('',(-46.,75.2505583645251,26.7520564914586));
#10113=CARTESIAN_POINT('',(-46.,43.4752791822626,48.5041129829172));
#10114=CARTESIAN_POINT('',(-46.,30.3000000596046,59.8041129829172));
#10115=CARTESIAN_POINT('',(-46.,41.8000000596047,59.8041129829172));
#10116=CARTESIAN_POINT('',(-46.,28.7500000298023,59.8041129829172));
#10117=CARTESIAN_POINT('',(-46.,41.8000000596047,50.5041129829171));
#10118=CARTESIAN_POINT('',(-46.,41.8000000596047,29.0020564914586));
#10119=CARTESIAN_POINT('',(-46.,30.3000000596046,50.5041129829171));
#10120=CARTESIAN_POINT('',(-46.,28.7500000298023,50.5041129829171));
#10121=CARTESIAN_POINT('',(-46.,30.3000000596046,29.0020564914586));
#10122=CARTESIAN_POINT('',(-46.,41.7900000596046,21.1991129829171));
#10123=CARTESIAN_POINT('',(-46.,30.9400000596046,21.1991129829171));
#10124=CARTESIAN_POINT('',(-46.,28.9700000298023,21.1991129829171));
#10125=CARTESIAN_POINT('',(-46.,30.9400000596046,33.4191129829171));
#10126=CARTESIAN_POINT('',(-46.,30.9400000596046,19.2095564914585));
#10127=CARTESIAN_POINT('',(-46.,41.7900000596046,33.4191129829171));
#10128=CARTESIAN_POINT('',(-46.,34.3950000298023,33.4191129829171));
#10129=CARTESIAN_POINT('',(-46.,41.7900000596046,13.0995564914585));
#10130=CARTESIAN_POINT('Origin',(46.8858142770529,62.999666898163,50.1290254129395));
#10131=CARTESIAN_POINT('',(48.9000006854538,61.8996668981629,50.1290254129395));
#10132=CARTESIAN_POINT('Origin',(48.9000006854538,62.9996668981629,50.1290254129395));
#10133=CARTESIAN_POINT('',(48.8998142770528,61.8996668981629,50.1290254129395));
#10134=CARTESIAN_POINT('',(46.8858142770529,61.899666898163,50.1290254129395));
#10135=CARTESIAN_POINT('Origin',(48.8998142770528,62.9996668981629,50.1290254129395));
#10136=CARTESIAN_POINT('Origin',(46.885814277053,65.271666898163,48.1290254129395));
#10137=CARTESIAN_POINT('',(46.885814277053,65.271666898163,52.1290254129396));
#10138=CARTESIAN_POINT('',(48.9000006854534,65.2716668981629,52.1290254129396));
#10139=CARTESIAN_POINT('',(46.885814277053,65.271666898163,52.1290254129396));
#10140=CARTESIAN_POINT('',(48.9000006854534,65.2716668981629,47.5730254129395));
#10141=CARTESIAN_POINT('',(48.9000006854534,65.2716668981629,54.3729971196299));
#10142=CARTESIAN_POINT('',(46.885814277053,65.271666898163,47.5730254129395));
#10143=CARTESIAN_POINT('',(46.885814277053,65.271666898163,47.5730254129395));
#10144=CARTESIAN_POINT('',(46.885814277053,65.271666898163,48.1290254129395));
#10145=CARTESIAN_POINT('Origin',(46.885814277053,64.999666898163,52.1290254129396));
#10146=CARTESIAN_POINT('',(46.8858142770525,57.0217260405579,52.1290254129396));
#10147=CARTESIAN_POINT('',(48.9000006854534,57.0217260405578,52.1290254129396));
#10148=CARTESIAN_POINT('',(46.8858142770527,57.0217260405579,52.1290254129396));
#10149=CARTESIAN_POINT('',(48.9000006854534,58.6467260405579,52.1290254129396));
#10150=CARTESIAN_POINT('',(46.8858142770527,58.499666898163,52.1290254129396));
#10151=CARTESIAN_POINT('Origin',(46.8858142770525,51.999666898163,61.1290254129395));
#10152=CARTESIAN_POINT('',(46.8858142770527,57.0217260405579,47.5730254129395));
#10153=CARTESIAN_POINT('',(46.8858142770527,57.0217260405579,56.6290254129395));
#10154=CARTESIAN_POINT('',(46.8858142770519,38.999666898163,47.5730254129395));
#10155=CARTESIAN_POINT('',(46.8858142770528,63.7996668981648,50.1290254129395));
#10156=CARTESIAN_POINT('Origin',(46.8858142770528,62.9996668981648,50.1290254129395));
#10157=CARTESIAN_POINT('Origin',(46.8858142770525,57.0217260405579,52.1290254129396));
#10158=CARTESIAN_POINT('',(48.9000006854534,57.0217260405578,47.5730254129395));
#10159=CARTESIAN_POINT('',(46.8858142770527,57.0217260405579,47.5730254129395));
#10160=CARTESIAN_POINT('',(48.9000006854534,57.0217260405578,56.6509971196299));
#10161=CARTESIAN_POINT('Origin',(46.8858142770519,38.999666898163,47.5730254129395));
#10162=CARTESIAN_POINT('',(48.9000006854534,54.5217556117554,47.5730254129395));
#10163=CARTESIAN_POINT('Origin',(48.8998142770525,47.0217260405579,52.1290254129396));
#10164=CARTESIAN_POINT('',(46.8858142770525,47.0217260405579,52.1290254129396));
#10165=CARTESIAN_POINT('',(46.8858142770525,47.0217260405579,47.5730254129395));
#10166=CARTESIAN_POINT('',(46.8858142770525,47.0217260405579,48.1290254129395));
#10167=CARTESIAN_POINT('',(48.8998142770525,47.0217260405579,52.1290254129396));
#10168=CARTESIAN_POINT('',(47.8928142770527,47.0217260405579,52.1290254129396));
#10169=CARTESIAN_POINT('',(48.8998142770525,47.0217260405579,47.5730254129395));
#10170=CARTESIAN_POINT('',(48.8998142770523,47.0217260405579,56.6290254129395));
#10171=CARTESIAN_POINT('',(47.8928142770522,47.0217260405579,47.5730254129395));
#10172=CARTESIAN_POINT('Origin',(48.8998142770524,51.9996668981629,61.1290254129395));
#10173=CARTESIAN_POINT('',(48.8998142770519,38.7717851829528,52.1290254129395));
#10174=CARTESIAN_POINT('',(48.8998142770527,58.4996668981629,52.1290254129396));
#10175=CARTESIAN_POINT('',(48.8998142770519,38.7717851829528,47.5730254129395));
#10176=CARTESIAN_POINT('',(48.8998142770519,38.7717851829528,54.6509971196299));
#10177=CARTESIAN_POINT('',(48.8998142770519,38.9996668981629,47.5730254129395));
#10178=CARTESIAN_POINT('',(48.8998142770528,41.7996668981648,50.1290254129395));
#10179=CARTESIAN_POINT('Origin',(48.8998142770528,40.9996668981648,50.1290254129395));
#10180=CARTESIAN_POINT('Origin',(46.885814277053,64.999666898163,52.1290254129396));
#10181=CARTESIAN_POINT('',(46.8858142770519,38.7717851829528,52.1290254129395));
#10182=CARTESIAN_POINT('',(46.8858142770527,58.499666898163,52.1290254129396));
#10183=CARTESIAN_POINT('',(48.0499074812527,38.7717851829528,52.1290254129395));
#10184=CARTESIAN_POINT('Origin',(46.8858142770525,51.999666898163,61.1290254129395));
#10185=CARTESIAN_POINT('',(46.8858142770519,38.7717851829528,47.5730254129395));
#10186=CARTESIAN_POINT('',(46.8858142770519,38.999666898163,47.5730254129395));
#10187=CARTESIAN_POINT('',(46.8858142770519,38.7717851829528,54.6509971196299));
#10188=CARTESIAN_POINT('',(46.8858142770528,41.7996668981648,50.1290254129395));
#10189=CARTESIAN_POINT('Origin',(46.8858142770528,40.9996668981648,50.1290254129395));
#10190=CARTESIAN_POINT('Origin',(46.0000006854534,82.4788000236451,3.00000004470348));
#10191=CARTESIAN_POINT('',(46.0000006854534,82.4788000236451,5.));
#10192=CARTESIAN_POINT('',(46.0000006854534,82.4788000236451,5.));
#10193=CARTESIAN_POINT('',(45.8860006854534,82.4788000236451,5.));
#10194=CARTESIAN_POINT('',(46.0000006854534,82.4788000236451,5.));
#10195=CARTESIAN_POINT('',(45.8860006854534,82.4788000236451,3.00000004470348));
#10196=CARTESIAN_POINT('',(45.8860006854534,82.4788000236451,5.));
#10197=CARTESIAN_POINT('',(46.0000006854534,82.4788000236451,3.00000004470348));
#10198=CARTESIAN_POINT('Origin',(46.0000006854534,82.4788000236451,5.));
#10199=CARTESIAN_POINT('',(46.0000003427267,68.2788000236451,5.));
#10200=CARTESIAN_POINT('',(45.8860006854534,67.217197154925,5.));
#10201=CARTESIAN_POINT('Origin',(41.0000003427267,68.2788000236451,5.));
#10202=CARTESIAN_POINT('',(45.8860006854534,28.0000000596046,5.));
#10203=CARTESIAN_POINT('',(46.0000006854534,28.0000000596046,5.));
#10204=CARTESIAN_POINT('Origin',(50.,24.0000000596046,5.));
#10205=CARTESIAN_POINT('',(45.8860006854534,24.0000000596046,5.));
#10206=CARTESIAN_POINT('',(45.8860006854534,24.0000000596046,5.));
#10207=CARTESIAN_POINT('',(25.,24.0000000596046,5.));
#10208=CARTESIAN_POINT('',(26.2293334495452,24.0000000596046,57.7091129829176));
#10209=CARTESIAN_POINT('Origin',(22.4793242495452,24.0000000596046,57.7091129829176));
#10210=CARTESIAN_POINT('',(-25.8406665504546,24.0000000596046,62.7891129829181));
#10211=CARTESIAN_POINT('Origin',(-29.5906757504546,24.0000000596046,62.7891129829181));
#10212=CARTESIAN_POINT('',(26.229333449545,24.0000000596046,29.7691129829176));
#10213=CARTESIAN_POINT('Origin',(22.479324249545,24.0000000596046,29.7691129829176));
#10214=CARTESIAN_POINT('',(-24.5706665504549,24.0000000596046,14.5291129829181));
#10215=CARTESIAN_POINT('Origin',(-28.3206757504549,24.0000000596046,14.5291129829181));
#10216=CARTESIAN_POINT('Origin',(0.,52.,5.));
#10217=CARTESIAN_POINT('',(45.8860006854534,40.0000000298023,5.));
#10218=CARTESIAN_POINT('',(41.0000003427267,63.2788000236451,5.));
#10219=CARTESIAN_POINT('Origin',(41.0000003427267,68.2788000236451,5.));
#10220=CARTESIAN_POINT('',(-40.9999996572733,63.2788000236451,5.));
#10221=CARTESIAN_POINT('',(20.5000001713634,63.2788000236451,5.));
#10222=CARTESIAN_POINT('Origin',(-40.9999996572733,68.2788000236451,5.));
#10223=CARTESIAN_POINT('Origin',(46.0000006854534,64.4717851829528,74.1729688263203));
#10224=CARTESIAN_POINT('',(48.9000006854534,38.7717851829528,74.1729688263203));
#10225=CARTESIAN_POINT('',(48.9000006854534,65.2717851829529,74.1729688263202));
#10226=CARTESIAN_POINT('',(48.9000006854534,58.2467851829528,74.1729688263203));
#10227=CARTESIAN_POINT('',(45.8860006854534,38.7717851829528,74.1729688263203));
#10228=CARTESIAN_POINT('',(46.6000006854534,38.7717851829528,74.1729688263203));
#10229=CARTESIAN_POINT('',(45.8860006854534,65.2717851829529,74.1729688263202));
#10230=CARTESIAN_POINT('',(45.8860006854534,46.3108926212788,74.1729688263202));
#10231=CARTESIAN_POINT('',(46.6000006854534,65.2717851829529,74.1729688263202));
#10232=CARTESIAN_POINT('Origin',(47.2000006854534,38.7717851829528,61.1729688263202));
#10233=CARTESIAN_POINT('',(48.9000006854534,38.7717851829528,47.5729688263202));
#10234=CARTESIAN_POINT('',(48.9000006854534,38.7717851829528,61.1729688263202));
#10235=CARTESIAN_POINT('',(45.8860006854534,38.7717851829528,47.5729688263202));
#10236=CARTESIAN_POINT('',(46.0000006854534,38.7717851829528,47.5729688263202));
#10237=CARTESIAN_POINT('',(45.8860006854534,38.7717851829528,26.5864844131601));
#10238=CARTESIAN_POINT('',(47.0429074812527,38.7717851829528,47.5730254129395));
#10239=CARTESIAN_POINT('',(48.8998142770519,38.7717851829528,74.1290254129395));
#10240=CARTESIAN_POINT('',(46.8858142770519,38.7717851829528,74.1290254129395));
#10241=CARTESIAN_POINT('',(48.0499074812527,38.7717851829528,74.1290254129395));
#10242=CARTESIAN_POINT('',(46.8858142770519,38.7717851829528,70.1290254129395));
#10243=CARTESIAN_POINT('',(46.8858142770519,38.7717851829528,67.6509971196299));
#10244=CARTESIAN_POINT('',(48.8998142770519,38.7717851829528,70.1290254129395));
#10245=CARTESIAN_POINT('',(47.0429074812527,38.7717851829528,70.1290254129395));
#10246=CARTESIAN_POINT('',(48.8998142770519,38.7717851829528,65.6509971196299));
#10247=CARTESIAN_POINT('Origin',(48.9000006854534,52.0217851829528,61.1729688263203));
#10248=CARTESIAN_POINT('Origin',(47.2000006854534,65.2717851829529,61.1729688263201));
#10249=CARTESIAN_POINT('',(45.8860006854534,65.2717851829529,47.5729688263201));
#10250=CARTESIAN_POINT('',(45.8860006854534,65.2717851829529,26.53648441316));
#10251=CARTESIAN_POINT('',(48.9000006854534,65.2717851829529,47.5729688263201));
#10252=CARTESIAN_POINT('',(46.6000006854534,65.2717851829529,47.5729688263201));
#10253=CARTESIAN_POINT('',(48.9000006854534,65.2717851829529,61.1729688263202));
#10254=CARTESIAN_POINT('Origin',(-47.5,36.1500000596047,57.6541129829172));
#10255=CARTESIAN_POINT('',(-47.5,42.8000000596047,60.8041129829172));
#10256=CARTESIAN_POINT('',(-47.5,29.5000000596046,60.8041129829172));
#10257=CARTESIAN_POINT('',(-47.5,39.4750000596047,60.8041129829172));
#10258=CARTESIAN_POINT('',(-47.5,42.8000000596047,49.5041129829172));
#10259=CARTESIAN_POINT('',(-47.5,42.8000000596047,54.8291129829172));
#10260=CARTESIAN_POINT('',(-47.5,29.5000000596046,49.5041129829172));
#10261=CARTESIAN_POINT('',(-47.5,32.8250000596046,49.5041129829172));
#10262=CARTESIAN_POINT('',(-47.5,29.5000000596046,60.4791129829172));
#10263=CARTESIAN_POINT('',(-47.5,41.8000000596047,59.8041129829172));
#10264=CARTESIAN_POINT('',(-47.5,30.3000000596046,59.8041129829172));
#10265=CARTESIAN_POINT('',(-47.5,33.3250000596046,59.8041129829172));
#10266=CARTESIAN_POINT('',(-47.5,30.3000000596046,50.5041129829171));
#10267=CARTESIAN_POINT('',(-47.5,30.3000000596046,55.3291129829172));
#10268=CARTESIAN_POINT('',(-47.5,41.8000000596047,50.5041129829171));
#10269=CARTESIAN_POINT('',(-47.5,33.3250000596046,50.5041129829171));
#10270=CARTESIAN_POINT('',(-47.5,41.8000000596047,55.3291129829172));
#10271=CARTESIAN_POINT('Origin',(-50.,29.5000000596046,49.5041129829172));
#10272=CARTESIAN_POINT('',(-50.,42.8000000596047,49.5041129829172));
#10273=CARTESIAN_POINT('',(-50.,42.8000000596047,49.5041129829172));
#10274=CARTESIAN_POINT('',(-50.,29.5000000596046,49.5041129829172));
#10275=CARTESIAN_POINT('',(-50.,53.2500000298023,49.5041129829172));
#10276=CARTESIAN_POINT('',(-50.,29.5000000596046,49.5041129829172));
#10277=CARTESIAN_POINT('Origin',(-50.,42.8000000596047,52.0041129829172));
#10278=CARTESIAN_POINT('',(-50.,42.8000000596047,60.8041129829172));
#10279=CARTESIAN_POINT('',(-50.,42.8000000596047,60.8041129829172));
#10280=CARTESIAN_POINT('',(-50.,42.8000000596046,26.0020564914586));
#10281=CARTESIAN_POINT('Origin',(-47.5,67.6005583645251,57.6541129829172));
#10282=CARTESIAN_POINT('',(-47.5,74.2505583645251,60.8041129829172));
#10283=CARTESIAN_POINT('',(-47.5,60.9505583645252,60.8041129829172));
#10284=CARTESIAN_POINT('',(-47.5,70.9255583645251,60.8041129829172));
#10285=CARTESIAN_POINT('',(-47.5,74.2505583645251,49.5041129829172));
#10286=CARTESIAN_POINT('',(-47.5,74.2505583645251,54.8291129829172));
#10287=CARTESIAN_POINT('',(-47.5,60.9505583645252,49.5041129829172));
#10288=CARTESIAN_POINT('',(-47.5,64.2755583645251,49.5041129829172));
#10289=CARTESIAN_POINT('',(-47.5,60.9505583645252,60.4791129829172));
#10290=CARTESIAN_POINT('',(-47.5,72.5505583645251,50.5041129829172));
#10291=CARTESIAN_POINT('',(-47.5,72.5505583645251,59.8041129829172));
#10292=CARTESIAN_POINT('',(-47.5,72.5505583645251,53.0041129829172));
#10293=CARTESIAN_POINT('',(-47.5,62.6505583645251,59.8041129829172));
#10294=CARTESIAN_POINT('',(-47.5,70.2755583645252,59.8041129829172));
#10295=CARTESIAN_POINT('',(-47.5,62.6505583645251,50.5041129829172));
#10296=CARTESIAN_POINT('',(-47.5,62.6505583645251,55.3291129829172));
#10297=CARTESIAN_POINT('',(-47.5,70.4255583645251,50.5041129829172));
#10298=CARTESIAN_POINT('Origin',(-50.,60.9505583645252,49.5041129829172));
#10299=CARTESIAN_POINT('',(-50.,74.2505583645251,49.5041129829172));
#10300=CARTESIAN_POINT('',(-50.,74.2505583645251,49.5041129829172));
#10301=CARTESIAN_POINT('',(-50.,60.9505583645252,49.5041129829172));
#10302=CARTESIAN_POINT('',(-50.,68.9752791822626,49.5041129829172));
#10303=CARTESIAN_POINT('',(-50.,60.9505583645252,49.5041129829172));
#10304=CARTESIAN_POINT('Origin',(-50.,74.2505583645251,52.0041129829172));
#10305=CARTESIAN_POINT('',(-50.,74.2505583645251,60.8041129829172));
#10306=CARTESIAN_POINT('',(-50.,74.2505583645251,60.8041129829172));
#10307=CARTESIAN_POINT('',(-50.,74.2505583645251,26.0020564914586));
#10308=CARTESIAN_POINT('Origin',(-46.,73.2505583645251,50.5041129829172));
#10309=CARTESIAN_POINT('',(-46.5,73.2505583645251,50.5041129829172));
#10310=CARTESIAN_POINT('',(-39.,73.2505583645251,50.5041129829172));
#10311=CARTESIAN_POINT('',(-46.,73.2505583645251,50.5041129829172));
#10312=CARTESIAN_POINT('',(-46.5,72.5505583645251,50.5041129829172));
#10313=CARTESIAN_POINT('',(-46.5,73.2505583645251,50.5041129829172));
#10314=CARTESIAN_POINT('',(-46.4,72.5505583645251,50.5041129829172));
#10315=CARTESIAN_POINT('',(-46.5,62.6505583645251,50.5041129829172));
#10316=CARTESIAN_POINT('',(-47.,62.6505583645251,50.5041129829172));
#10317=CARTESIAN_POINT('',(-46.5,61.9505583645251,50.5041129829172));
#10318=CARTESIAN_POINT('',(-46.5,67.6005583645251,50.5041129829172));
#10319=CARTESIAN_POINT('',(-39.,61.9505583645251,50.5041129829172));
#10320=CARTESIAN_POINT('',(-46.,61.9505583645251,50.5041129829172));
#10321=CARTESIAN_POINT('',(-39.,73.2505583645251,50.5041129829172));
#10322=CARTESIAN_POINT('Origin',(-46.,73.2505583645251,62.3041129829172));
#10323=CARTESIAN_POINT('',(-39.,73.2505583645251,59.8041129829172));
#10324=CARTESIAN_POINT('',(-46.5,73.2505583645251,59.8041129829172));
#10325=CARTESIAN_POINT('',(-46.,73.2505583645251,59.8041129829172));
#10326=CARTESIAN_POINT('',(-46.5,73.2505583645251,53.0041129829172));
#10327=CARTESIAN_POINT('',(-39.,73.2505583645251,59.8041129829172));
#10328=CARTESIAN_POINT('Origin',(-50.,74.2505583645251,60.8041129829172));
#10329=CARTESIAN_POINT('',(-50.,60.9505583645252,60.8041129829172));
#10330=CARTESIAN_POINT('',(-50.,60.9505583645252,60.8041129829172));
#10331=CARTESIAN_POINT('',(-50.,75.6252791822626,60.8041129829172));
#10332=CARTESIAN_POINT('Origin',(-46.,61.9505583645251,59.8041129829172));
#10333=CARTESIAN_POINT('',(-46.5,61.9505583645251,59.8041129829172));
#10334=CARTESIAN_POINT('',(-39.,61.9505583645251,59.8041129829172));
#10335=CARTESIAN_POINT('',(-46.,61.9505583645251,59.8041129829172));
#10336=CARTESIAN_POINT('',(-46.5,62.6505583645251,59.8041129829172));
#10337=CARTESIAN_POINT('',(-46.5,61.9505583645251,59.8041129829172));
#10338=CARTESIAN_POINT('',(-46.45,62.6505583645251,59.8041129829172));
#10339=CARTESIAN_POINT('',(-46.5,72.5505583645251,59.8041129829172));
#10340=CARTESIAN_POINT('',(-47.,72.5505583645251,59.8041129829172));
#10341=CARTESIAN_POINT('',(-46.5,67.6005583645251,59.8041129829172));
#10342=CARTESIAN_POINT('',(-39.,61.9505583645251,59.8041129829172));
#10343=CARTESIAN_POINT('Origin',(-50.,77.,0.));
#10344=CARTESIAN_POINT('',(-50.,8.82860004729015,2.00000000000001));
#10345=CARTESIAN_POINT('',(-50.,64.5,2.));
#10346=CARTESIAN_POINT('',(-50.,32.5786000472901,78.));
#10347=CARTESIAN_POINT('',(-50.,17.0012779790259,28.1525693815544));
#10348=CARTESIAN_POINT('',(-50.,82.379,78.));
#10349=CARTESIAN_POINT('',(-50.,60.9505583645252,26.0020564914586));
#10350=CARTESIAN_POINT('',(-50.,30.9400000596046,21.1991129829171));
#10351=CARTESIAN_POINT('',(-50.,41.7900000596046,21.1991129829171));
#10352=CARTESIAN_POINT('',(-50.,53.9700000298023,21.1991129829171));
#10353=CARTESIAN_POINT('',(-50.,41.7900000596046,33.4191129829171));
#10354=CARTESIAN_POINT('',(-50.,41.7900000596046,10.5995564914585));
#10355=CARTESIAN_POINT('',(-50.,30.9400000596046,33.4191129829171));
#10356=CARTESIAN_POINT('',(-50.,59.3950000298023,33.4191129829171));
#10357=CARTESIAN_POINT('',(-50.,30.9400000596046,16.7095564914585));
#10358=CARTESIAN_POINT('',(-50.,29.5000000596046,60.8041129829172));
#10359=CARTESIAN_POINT('',(-50.,59.9000000298023,60.8041129829172));
#10360=CARTESIAN_POINT('',(-50.,29.5000000596046,31.6520564914586));
#10361=CARTESIAN_POINT('Origin',(-50.,42.8000000596047,60.8041129829172));
#10362=CARTESIAN_POINT('',(-50.,29.5000000596046,60.8041129829172));
#10363=CARTESIAN_POINT('Origin',(-50.,29.5000000596046,63.3041129829172));
#10364=CARTESIAN_POINT('Origin',(-46.,30.3000000596046,53.0041129829171));
#10365=CARTESIAN_POINT('',(-47.,30.3000000596046,59.8041129829172));
#10366=CARTESIAN_POINT('',(-50.,30.3000000596046,50.5041129829171));
#10367=CARTESIAN_POINT('Origin',(-46.,41.8000000596047,50.5041129829171));
#10368=CARTESIAN_POINT('',(-50.,41.8000000596047,50.5041129829171));
#10369=CARTESIAN_POINT('Origin',(-46.,30.5000000596046,59.8041129829172));
#10370=CARTESIAN_POINT('',(-46.,41.8000000596047,59.8041129829172));
#10371=CARTESIAN_POINT('Origin',(4.1723244859071E-7,77.4788000236451,76.8000011324882));
#10372=CARTESIAN_POINT('',(-20.9999995082617,75.5060169461998,76.8000011324882));
#10373=CARTESIAN_POINT('',(-20.9999995082617,71.9289000118225,76.8000011324882));
#10374=CARTESIAN_POINT('',(-10.4999995455146,75.5060169461998,76.8000011324882));
#10375=CARTESIAN_POINT('',(-26.9999995082617,75.5060169461998,76.8000011324882));
#10376=CARTESIAN_POINT('',(-26.9999995082617,71.9289000118225,76.8000011324882));
#10377=CARTESIAN_POINT('',(-29.9999995109275,75.5060169461998,76.8000011324882));
#10378=CARTESIAN_POINT('',(-13.4999995455146,75.5060169461998,76.8000011324882));
#10379=CARTESIAN_POINT('',(-29.999999604803,79.9787997088227,76.8000011324882));
#10380=CARTESIAN_POINT('',(30.0000004890725,75.5060169461998,76.8000011324882));
#10381=CARTESIAN_POINT('',(30.0000004697035,76.4289003266361,76.8000011324882));
#10382=CARTESIAN_POINT('',(15.0000004531525,75.5060169461998,76.8000011324882));
#10383=CARTESIAN_POINT('',(24.0000004917383,75.5060169461998,76.8000011324882));
#10384=CARTESIAN_POINT('',(24.0000004917383,71.9289000118225,76.8000011324882));
#10385=CARTESIAN_POINT('',(12.0000004544854,75.5060169461998,76.8000011324882));
#10386=CARTESIAN_POINT('',(18.0000004917383,75.5060169461998,76.8000011324882));
#10387=CARTESIAN_POINT('',(18.0000004917383,71.9289000118225,76.8000011324882));
#10388=CARTESIAN_POINT('',(9.00000045448539,75.5060169461998,76.8000011324882));
#10389=CARTESIAN_POINT('',(6.00000045448539,75.5060169461998,76.8000011324882));
#10390=CARTESIAN_POINT('',(3.00000045448539,75.5060169461998,76.8000011324882));
#10391=CARTESIAN_POINT('',(-1.49999954551461,75.5060169461998,76.8000011324882));
#10392=CARTESIAN_POINT('',(-4.49999954551461,75.5060169461998,76.8000011324882));
#10393=CARTESIAN_POINT('',(-7.49999954551462,75.5060169461998,76.8000011324882));
#10394=CARTESIAN_POINT('Origin',(18.0000004917383,71.379,80.));
#10395=CARTESIAN_POINT('',(18.0000004917383,30.8014989991994,78.5));
#10396=CARTESIAN_POINT('Origin',(18.0000004917383,27.6790000000002,76.));
#10397=CARTESIAN_POINT('',(18.0000004917383,76.2565010008007,78.5));
#10398=CARTESIAN_POINT('',(18.0000004917383,61.6895,78.5));
#10399=CARTESIAN_POINT('',(18.0000004917383,75.5060169461998,77.0000011324883));
#10400=CARTESIAN_POINT('Origin',(18.0000004917383,79.3789999999999,76.));
#10401=CARTESIAN_POINT('',(18.0000004917383,75.5060169461998,77.0000011324883));
#10402=CARTESIAN_POINT('Origin',(24.0000004917383,75.5060169461998,77.0000011324883));
#10403=CARTESIAN_POINT('',(24.0000004917383,75.5060169461998,77.0000011324883));
#10404=CARTESIAN_POINT('',(24.0000004917383,75.5060169461998,77.0000011324883));
#10405=CARTESIAN_POINT('',(-12.4999997541308,75.5060169461998,77.0000011324883));
#10406=CARTESIAN_POINT('Origin',(24.0000004917383,71.379,80.));
#10407=CARTESIAN_POINT('',(24.0000004917383,30.8014989991994,78.5));
#10408=CARTESIAN_POINT('Origin',(24.0000004917383,27.6790000000002,76.));
#10409=CARTESIAN_POINT('',(24.0000004917383,76.2565010008007,78.5));
#10410=CARTESIAN_POINT('',(24.0000004917383,61.6895,78.5));
#10411=CARTESIAN_POINT('Origin',(24.0000004917383,79.3789999999999,76.));
#10412=CARTESIAN_POINT('Origin',(30.0000004890725,75.5060169461998,77.0000011324883));
#10413=CARTESIAN_POINT('',(30.0000004890725,75.5060169461998,77.0000011324883));
#10414=CARTESIAN_POINT('',(30.0000004890725,75.5060169461998,76.5000011324883));
#10415=CARTESIAN_POINT('',(-9.49999975413084,75.5060169461998,77.0000011324883));
#10416=CARTESIAN_POINT('Origin',(-26.9999995082617,75.5060169461998,77.0000011324883));
#10417=CARTESIAN_POINT('',(-26.9999995082617,75.5060169461998,77.0000011324883));
#10418=CARTESIAN_POINT('',(-26.9999995082617,75.5060169461998,77.0000011324883));
#10419=CARTESIAN_POINT('',(-29.9999995109275,75.5060169461998,77.0000011324883));
#10420=CARTESIAN_POINT('',(-37.9999997541308,75.5060169461998,77.0000011324883));
#10421=CARTESIAN_POINT('',(-29.9999995109275,75.5060169461998,76.5000011324883));
#10422=CARTESIAN_POINT('Origin',(-26.9999995082617,71.379,80.));
#10423=CARTESIAN_POINT('',(-26.9999995082617,30.8014989991994,78.5));
#10424=CARTESIAN_POINT('Origin',(-26.9999995082617,27.6790000000002,76.));
#10425=CARTESIAN_POINT('',(-26.9999995082617,76.2565010008007,78.5));
#10426=CARTESIAN_POINT('',(-26.9999995082617,61.6895,78.5));
#10427=CARTESIAN_POINT('Origin',(-26.9999995082617,79.3789999999999,76.));
#10428=CARTESIAN_POINT('Origin',(-20.9999995082617,75.5060169461998,77.0000011324883));
#10429=CARTESIAN_POINT('',(-20.9999995082617,75.5060169461998,77.0000011324883));
#10430=CARTESIAN_POINT('',(-20.9999995082617,75.5060169461998,77.0000011324883));
#10431=CARTESIAN_POINT('',(-34.9999997541308,75.5060169461998,77.0000011324883));
#10432=CARTESIAN_POINT('Origin',(-20.9999995082617,71.379,80.));
#10433=CARTESIAN_POINT('',(-20.9999995082617,30.8014989991994,78.5));
#10434=CARTESIAN_POINT('Origin',(-20.9999995082617,27.6790000000002,76.));
#10435=CARTESIAN_POINT('',(-20.9999995082617,76.2565010008007,78.5));
#10436=CARTESIAN_POINT('',(-20.9999995082617,61.6895,78.5));
#10437=CARTESIAN_POINT('Origin',(-20.9999995082617,79.3789999999999,76.));
#10438=CARTESIAN_POINT('Origin',(-14.9999995082617,75.5060169461998,77.0000011324883));
#10439=CARTESIAN_POINT('',(-31.9999997541308,75.5060169461998,77.0000011324883));
#10440=CARTESIAN_POINT('Origin',(46.0000006854534,82.4788000236451,5.));
#10441=CARTESIAN_POINT('',(46.0000003427267,68.2788000236451,2.7));
#10442=CARTESIAN_POINT('Origin',(41.0000003427267,68.2788000236451,5.));
#10443=CARTESIAN_POINT('',(41.0000003427267,63.2788000236451,2.7));
#10444=CARTESIAN_POINT('Origin',(41.0000003427267,63.2788000236451,5.));
#10445=CARTESIAN_POINT('',(-40.9999996572733,63.2788000236451,2.7));
#10446=CARTESIAN_POINT('Origin',(-40.9999996572733,68.2788000236451,5.));
#10447=CARTESIAN_POINT('',(-45.9999996572733,68.2788000236451,5.));
#10448=CARTESIAN_POINT('Origin',(-46.5,61.9505583645251,62.3041129829172));
#10449=CARTESIAN_POINT('',(-46.5,61.9505583645251,57.6541129829172));
#10450=CARTESIAN_POINT('',(-46.5,62.6505583645251,53.0041129829172));
#10451=CARTESIAN_POINT('Origin',(-46.5,73.2505583645251,53.0041129829172));
#10452=CARTESIAN_POINT('',(-46.5,72.5505583645251,62.3041129829172));
#10453=CARTESIAN_POINT('Origin',(-46.9,72.5505583645251,57.6541129829172));
#10454=CARTESIAN_POINT('Origin',(-46.9,62.6505583645251,57.6541129829172));
#10455=CARTESIAN_POINT('Origin',(-8.99999950826168,75.5060169461998,77.0000011324883));
#10456=CARTESIAN_POINT('',(-28.9999997541308,75.5060169461998,77.0000011324883));
#10457=CARTESIAN_POINT('Origin',(-2.99999950826168,75.5060169461998,77.0000011324883));
#10458=CARTESIAN_POINT('',(-25.9999997541308,75.5060169461998,77.0000011324883));
#10459=CARTESIAN_POINT('Origin',(6.00000049173833,75.5060169461998,77.0000011324883));
#10460=CARTESIAN_POINT('',(-21.4999997541308,75.5060169461998,77.0000011324883));
#10461=CARTESIAN_POINT('Origin',(12.0000004917383,75.5060169461998,77.0000011324883));
#10462=CARTESIAN_POINT('',(-18.4999997541308,75.5060169461998,77.0000011324883));
#10463=CARTESIAN_POINT('Origin',(18.0000004917383,75.5060169461998,77.0000011324883));
#10464=CARTESIAN_POINT('',(-15.4999997541308,75.5060169461998,77.0000011324883));
#10465=CARTESIAN_POINT('Origin',(-29.9999996572734,82.4788000236451,76.0000011324883));
#10466=CARTESIAN_POINT('Origin',(-29.9999995082617,79.3789999999999,76.));
#10467=CARTESIAN_POINT('Origin',(30.0000004917383,75.379,76.0000011324883));
#10468=CARTESIAN_POINT('Origin',(30.0000004917383,79.3789999999999,76.));
#10469=CARTESIAN_POINT('Origin',(-31.9999997541308,79.3789999999999,76.));
#10470=CARTESIAN_POINT('',(-13.4999995082617,79.3789999999999,80.));
#10471=CARTESIAN_POINT('Ctrl Pts',(-14.9999995082617,76.2565010008007,78.5));
#10472=CARTESIAN_POINT('Ctrl Pts',(-14.9999995082617,76.4582124532423,78.7519375233503));
#10473=CARTESIAN_POINT('Ctrl Pts',(-14.9396826966844,76.6824555065895,78.9703081740215));
#10474=CARTESIAN_POINT('Ctrl Pts',(-14.7557649633185,77.1668596686429,79.3467174940519));
#10475=CARTESIAN_POINT('Ctrl Pts',(-14.6305840159675,77.4269180031117,79.5041144679401));
#10476=CARTESIAN_POINT('Ctrl Pts',(-14.1990230322937,78.2409969351882,79.8810571455088));
#10477=CARTESIAN_POINT('Ctrl Pts',(-13.837088693738,78.8285356651816,80.));
#10478=CARTESIAN_POINT('Ctrl Pts',(-13.4999995082617,79.3789999999999,80.));
#10479=CARTESIAN_POINT('',(-19.4999995082617,79.3789999999999,80.));
#10480=CARTESIAN_POINT('',(-31.9999997541308,79.3789999999999,80.));
#10481=CARTESIAN_POINT('Ctrl Pts',(-19.4999995082617,79.3789999999999,80.));
#10482=CARTESIAN_POINT('Ctrl Pts',(-19.1629103227853,78.8285356651816,80.));
#10483=CARTESIAN_POINT('Ctrl Pts',(-18.8009759842296,78.2409969351882,79.8810571455088));
#10484=CARTESIAN_POINT('Ctrl Pts',(-18.3694150005559,77.4269180031117,79.5041144679401));
#10485=CARTESIAN_POINT('Ctrl Pts',(-18.2442340532049,77.1668596686428,79.3467174940519));
#10486=CARTESIAN_POINT('Ctrl Pts',(-18.0603163198389,76.6824555065895,78.9703081740215));
#10487=CARTESIAN_POINT('Ctrl Pts',(-17.9999995082617,76.4582124532423,78.7519375233503));
#10488=CARTESIAN_POINT('Ctrl Pts',(-17.9999995082617,76.2565010008007,78.5));
#10489=CARTESIAN_POINT('Origin',(-28.9999997541308,79.3789999999999,76.));
#10490=CARTESIAN_POINT('',(-7.49999950826168,79.3789999999999,80.));
#10491=CARTESIAN_POINT('Ctrl Pts',(-8.99999950826168,76.2565010008007,78.5));
#10492=CARTESIAN_POINT('Ctrl Pts',(-8.99999950826168,76.4582124532423,78.7519375233503));
#10493=CARTESIAN_POINT('Ctrl Pts',(-8.93968269668445,76.6824555065895,78.9703081740215));
#10494=CARTESIAN_POINT('Ctrl Pts',(-8.75576496331847,77.1668596686428,79.3467174940519));
#10495=CARTESIAN_POINT('Ctrl Pts',(-8.63058401596745,77.4269180031117,79.5041144679401));
#10496=CARTESIAN_POINT('Ctrl Pts',(-8.19902303229372,78.2409969351882,79.8810571455088));
#10497=CARTESIAN_POINT('Ctrl Pts',(-7.83708869373802,78.8285356651816,80.));
#10498=CARTESIAN_POINT('Ctrl Pts',(-7.49999950826168,79.3789999999999,80.));
#10499=CARTESIAN_POINT('',(-28.9999997541308,79.3789999999999,80.));
#10500=CARTESIAN_POINT('Ctrl Pts',(-13.4999995082617,79.3789999999999,80.));
#10501=CARTESIAN_POINT('Ctrl Pts',(-13.3215845453005,79.0876495855116,80.));
#10502=CARTESIAN_POINT('Ctrl Pts',(-13.1265059504995,78.7695329598198,79.9664089612414));
#10503=CARTESIAN_POINT('Ctrl Pts',(-12.7559797001287,78.1424107023639,79.8176822508148));
#10504=CARTESIAN_POINT('Ctrl Pts',(-12.5809919131438,77.8331889432141,79.7023127484418));
#10505=CARTESIAN_POINT('Ctrl Pts',(-12.3237037938486,77.3305338215455,79.4450246291465));
#10506=CARTESIAN_POINT('Ctrl Pts',(-12.2113483720434,77.0900699002915,79.2930873231617));
#10507=CARTESIAN_POINT('Ctrl Pts',(-12.0491214891226,76.6401987534295,78.9296064271082));
#10508=CARTESIAN_POINT('Ctrl Pts',(-11.9999995082617,76.4308076164437,78.7177088931597));
#10509=CARTESIAN_POINT('Ctrl Pts',(-11.9999995082617,76.2565010008007,78.5));
#10510=CARTESIAN_POINT('Origin',(-25.9999997541308,79.3789999999999,76.));
#10511=CARTESIAN_POINT('',(-1.49999950826167,79.3789999999999,80.));
#10512=CARTESIAN_POINT('Ctrl Pts',(-2.99999950826167,76.2565010008007,78.5));
#10513=CARTESIAN_POINT('Ctrl Pts',(-2.99999950826167,76.4582124532423,78.7519375233503));
#10514=CARTESIAN_POINT('Ctrl Pts',(-2.93968269668445,76.6824555065895,78.9703081740215));
#10515=CARTESIAN_POINT('Ctrl Pts',(-2.75576496331846,77.1668596686428,79.3467174940519));
#10516=CARTESIAN_POINT('Ctrl Pts',(-2.63058401596744,77.4269180031117,79.5041144679401));
#10517=CARTESIAN_POINT('Ctrl Pts',(-2.19902303229371,78.2409969351882,79.8810571455088));
#10518=CARTESIAN_POINT('Ctrl Pts',(-1.83708869373801,78.8285356651816,80.));
#10519=CARTESIAN_POINT('Ctrl Pts',(-1.49999950826167,79.3789999999999,80.));
#10520=CARTESIAN_POINT('',(-25.9999997541308,79.3789999999999,80.));
#10521=CARTESIAN_POINT('Ctrl Pts',(-7.49999950826168,79.3789999999999,80.));
#10522=CARTESIAN_POINT('Ctrl Pts',(-7.16291032278534,78.8285356651816,80.));
#10523=CARTESIAN_POINT('Ctrl Pts',(-6.80097598422962,78.2409969351882,79.8810571455088));
#10524=CARTESIAN_POINT('Ctrl Pts',(-6.3694150005559,77.4269180031117,79.5041144679401));
#10525=CARTESIAN_POINT('Ctrl Pts',(-6.2442340532049,77.1668596686428,79.3467174940519));
#10526=CARTESIAN_POINT('Ctrl Pts',(-6.06031631983891,76.6824555065895,78.9703081740215));
#10527=CARTESIAN_POINT('Ctrl Pts',(-5.99999950826168,76.4582124532423,78.7519375233503));
#10528=CARTESIAN_POINT('Ctrl Pts',(-5.99999950826168,76.2565010008007,78.5));
#10529=CARTESIAN_POINT('Origin',(30.0000004917383,71.379,80.));
#10530=CARTESIAN_POINT('',(30.0000004917383,30.8014989991994,78.5));
#10531=CARTESIAN_POINT('Origin',(30.0000004917383,27.6790000000002,76.));
#10532=CARTESIAN_POINT('',(30.0000004917383,76.2565010008007,78.5));
#10533=CARTESIAN_POINT('',(30.0000004917383,61.6895,78.5));
#10534=CARTESIAN_POINT('Origin',(30.0000004917383,79.3789999999999,76.));
#10535=CARTESIAN_POINT('Origin',(-21.4999997541308,79.3789999999999,76.));
#10536=CARTESIAN_POINT('',(7.50000049173832,79.3789999999999,80.));
#10537=CARTESIAN_POINT('Ctrl Pts',(6.00000049173832,76.2565010008006,78.5));
#10538=CARTESIAN_POINT('Ctrl Pts',(6.00000049173832,76.4582124532422,78.7519375233503));
#10539=CARTESIAN_POINT('Ctrl Pts',(6.06031730331555,76.6824555065895,78.9703081740215));
#10540=CARTESIAN_POINT('Ctrl Pts',(6.24423503668154,77.1668596686428,79.3467174940519));
#10541=CARTESIAN_POINT('Ctrl Pts',(6.36941598403255,77.4269180031117,79.5041144679401));
#10542=CARTESIAN_POINT('Ctrl Pts',(6.80097696770627,78.2409969351882,79.8810571455088));
#10543=CARTESIAN_POINT('Ctrl Pts',(7.16291130626198,78.8285356651816,80.));
#10544=CARTESIAN_POINT('Ctrl Pts',(7.50000049173832,79.3789999999999,80.));
#10545=CARTESIAN_POINT('',(1.50000049173832,79.3789999999999,80.));
#10546=CARTESIAN_POINT('',(-21.4999997541308,79.3789999999999,80.));
#10547=CARTESIAN_POINT('Ctrl Pts',(1.50000049173832,79.3789999999999,80.));
#10548=CARTESIAN_POINT('Ctrl Pts',(1.67841545469946,79.0876495855116,80.));
#10549=CARTESIAN_POINT('Ctrl Pts',(1.8734940495005,78.7695329598198,79.9664089612414));
#10550=CARTESIAN_POINT('Ctrl Pts',(2.24402029987128,78.1424107023639,79.8176822508148));
#10551=CARTESIAN_POINT('Ctrl Pts',(2.41900808685616,77.8331889432141,79.7023127484418));
#10552=CARTESIAN_POINT('Ctrl Pts',(2.67629620615143,77.3305338215455,79.4450246291465));
#10553=CARTESIAN_POINT('Ctrl Pts',(2.78865162795656,77.0900699002915,79.2930873231617));
#10554=CARTESIAN_POINT('Ctrl Pts',(2.95087851087739,76.6401987534294,78.9296064271082));
#10555=CARTESIAN_POINT('Ctrl Pts',(3.00000049173832,76.4308076164437,78.7177088931597));
#10556=CARTESIAN_POINT('Ctrl Pts',(3.00000049173832,76.2565010008006,78.5));
#10557=CARTESIAN_POINT('Origin',(-18.4999997541308,79.3789999999999,76.));
#10558=CARTESIAN_POINT('',(13.5000004917383,79.3789999999999,80.));
#10559=CARTESIAN_POINT('Ctrl Pts',(12.0000004917383,76.2565010008007,78.5));
#10560=CARTESIAN_POINT('Ctrl Pts',(12.0000004917383,76.4582124532423,78.7519375233503));
#10561=CARTESIAN_POINT('Ctrl Pts',(12.0603173033156,76.6824555065895,78.9703081740215));
#10562=CARTESIAN_POINT('Ctrl Pts',(12.2442350366815,77.1668596686428,79.3467174940519));
#10563=CARTESIAN_POINT('Ctrl Pts',(12.3694159840326,77.4269180031117,79.5041144679401));
#10564=CARTESIAN_POINT('Ctrl Pts',(12.8009769677063,78.2409969351881,79.8810571455088));
#10565=CARTESIAN_POINT('Ctrl Pts',(13.162911306262,78.8285356651816,80.));
#10566=CARTESIAN_POINT('Ctrl Pts',(13.5000004917383,79.3789999999999,80.));
#10567=CARTESIAN_POINT('',(-18.4999997541308,79.3789999999999,80.));
#10568=CARTESIAN_POINT('Ctrl Pts',(7.50000049173832,79.3789999999999,80.));
#10569=CARTESIAN_POINT('Ctrl Pts',(7.83708967721466,78.8285356651816,80.));
#10570=CARTESIAN_POINT('Ctrl Pts',(8.19902401577038,78.2409969351882,79.8810571455088));
#10571=CARTESIAN_POINT('Ctrl Pts',(8.6305849994441,77.4269180031117,79.5041144679401));
#10572=CARTESIAN_POINT('Ctrl Pts',(8.7557659467951,77.1668596686428,79.3467174940519));
#10573=CARTESIAN_POINT('Ctrl Pts',(8.93968368016109,76.6824555065895,78.9703081740215));
#10574=CARTESIAN_POINT('Ctrl Pts',(9.00000049173832,76.4582124532423,78.7519375233503));
#10575=CARTESIAN_POINT('Ctrl Pts',(9.00000049173832,76.2565010008007,78.5));
#10576=CARTESIAN_POINT('Origin',(38.026725817244,70.4999987594783,1.5));
#10577=CARTESIAN_POINT('',(36.526725817244,70.4999987594783,1.5));
#10578=CARTESIAN_POINT('Origin',(38.026725817244,70.4999987594783,1.5));
#10579=CARTESIAN_POINT('',(36.526725817244,70.4999987594783,1.5));
#10580=CARTESIAN_POINT('Origin',(-37.9999988824129,70.4999987594783,1.5));
#10581=CARTESIAN_POINT('',(-39.4999988824129,70.4999987594783,1.5));
#10582=CARTESIAN_POINT('Origin',(-37.9999988824129,70.4999987594783,1.5));
#10583=CARTESIAN_POINT('',(-39.4999988824129,70.4999987594783,1.5));
#10584=CARTESIAN_POINT('Origin',(-45.9999996572733,68.2788000236451,5.));
#10585=CARTESIAN_POINT('',(-46.,82.4788000236451,5.));
#10586=CARTESIAN_POINT('Origin',(45.0000006705523,82.479,6.00000008940697));
#10587=CARTESIAN_POINT('',(45.8860006854534,82.479,3.00000004470348));
#10588=CARTESIAN_POINT('',(46.7320515039307,82.479,3.00000004470349));
#10589=CARTESIAN_POINT('',(45.8860006854534,82.479,5.50000012665987));
#10590=CARTESIAN_POINT('Origin',(-45.0000006705523,82.479,6.00000008940697));
#10591=CARTESIAN_POINT('Origin',(45.0000006705523,82.479,75.0000011175871));
#10592=CARTESIAN_POINT('',(45.8860006854534,82.479,72.5000011250377));
#10593=CARTESIAN_POINT('Origin',(46.7320515039307,80.179,3.00000004470349));
#10594=CARTESIAN_POINT('',(45.8860006854534,81.329,3.00000004470349));
#10595=CARTESIAN_POINT('Origin',(-45.0000006705523,82.479,75.0000011175871));
#10596=CARTESIAN_POINT('Origin',(50.,13.3441102325716,16.4496325929006));
#10597=CARTESIAN_POINT('',(50.,13.3441102325716,16.4496325929006));
#10598=CARTESIAN_POINT('',(50.,82.4788000236451,16.4496325929006));
#10599=CARTESIAN_POINT('',(49.7,13.3441102325716,16.4496325929006));
#10600=CARTESIAN_POINT('',(50.,13.3441102325716,16.4496325929006));
#10601=CARTESIAN_POINT('',(49.7,82.4788000236451,16.4496325929006));
#10602=CARTESIAN_POINT('Ctrl Pts',(50.,63.9506036741366,21.6336418929103));
#10603=CARTESIAN_POINT('Ctrl Pts',(49.,63.9506036741366,21.6336418929103));
#10604=CARTESIAN_POINT('Ctrl Pts',(50.,63.9679814629375,21.7428100068552));
#10605=CARTESIAN_POINT('Ctrl Pts',(49.,63.9679814629375,21.7428100068552));
#10606=CARTESIAN_POINT('Ctrl Pts',(50.,64.0101047798968,22.0074307315201));
#10607=CARTESIAN_POINT('Ctrl Pts',(49.,64.0101047798968,22.0074307315201));
#10608=CARTESIAN_POINT('Ctrl Pts',(50.,64.010435838161,22.2755742512903));
#10609=CARTESIAN_POINT('Ctrl Pts',(49.,64.010435838161,22.2755742512903));
#10610=CARTESIAN_POINT('Ctrl Pts',(50.,64.010630319797,22.4330963435176));
#10611=CARTESIAN_POINT('Ctrl Pts',(49.,64.010630319797,22.4330963435176));
#10612=CARTESIAN_POINT('',(49.7,63.9506036741366,21.6336418929103));
#10613=CARTESIAN_POINT('',(49.7,64.010630319797,22.4330963435176));
#10614=CARTESIAN_POINT('Ctrl Pts',(49.7,63.9506036741366,21.6336418929103));
#10615=CARTESIAN_POINT('Ctrl Pts',(49.7,63.9679814629375,21.7428100068552));
#10616=CARTESIAN_POINT('Ctrl Pts',(49.7,63.9853592517383,21.8519781208001));
#10617=CARTESIAN_POINT('Ctrl Pts',(49.7,63.9956242544284,21.961745792866));
#10618=CARTESIAN_POINT('Ctrl Pts',(49.7,64.0102413565249,22.118052159063));
#10619=CARTESIAN_POINT('Ctrl Pts',(49.7,64.010435838161,22.2755742512903));
#10620=CARTESIAN_POINT('Ctrl Pts',(49.7,64.010630319797,22.4330963435176));
#10621=CARTESIAN_POINT('',(50.,64.010630319797,22.4330963435176));
#10622=CARTESIAN_POINT('',(50.,64.010630319797,22.4330963435176));
#10623=CARTESIAN_POINT('',(50.,63.9506036741366,21.6336418929103));
#10624=CARTESIAN_POINT('Ctrl Pts',(50.,63.9506036741366,21.6336418929103));
#10625=CARTESIAN_POINT('Ctrl Pts',(50.,63.9679814629375,21.7428100068552));
#10626=CARTESIAN_POINT('Ctrl Pts',(50.,64.0101047798968,22.0074307315201));
#10627=CARTESIAN_POINT('Ctrl Pts',(50.,64.010435838161,22.2755742512903));
#10628=CARTESIAN_POINT('Ctrl Pts',(50.,64.010630319797,22.4330963435176));
#10629=CARTESIAN_POINT('',(50.,63.9506036741366,21.6336418929103));
#10630=CARTESIAN_POINT('Ctrl Pts',(50.,63.7677938444247,21.2571074309352));
#10631=CARTESIAN_POINT('Ctrl Pts',(49.,63.7677938444247,21.2571074309352));
#10632=CARTESIAN_POINT('Ctrl Pts',(50.,63.8075620905813,21.3066669758139));
#10633=CARTESIAN_POINT('Ctrl Pts',(49.,63.8075620905813,21.3066669758139));
#10634=CARTESIAN_POINT('Ctrl Pts',(50.,63.8968009023494,21.4178771830565));
#10635=CARTESIAN_POINT('Ctrl Pts',(49.,63.8968009023494,21.4178771830565));
#10636=CARTESIAN_POINT('Ctrl Pts',(50.,63.9314149674892,21.5566896173171));
#10637=CARTESIAN_POINT('Ctrl Pts',(49.,63.9314149674892,21.5566896173171));
#10638=CARTESIAN_POINT('Ctrl Pts',(50.,63.9506036741366,21.6336418929103));
#10639=CARTESIAN_POINT('Ctrl Pts',(49.,63.9506036741366,21.6336418929103));
#10640=CARTESIAN_POINT('',(49.7,63.7677938444247,21.2571074309352));
#10641=CARTESIAN_POINT('Ctrl Pts',(49.7,63.7677938444247,21.2571074309352));
#10642=CARTESIAN_POINT('Ctrl Pts',(49.7,63.8075620905813,21.3066669758139));
#10643=CARTESIAN_POINT('Ctrl Pts',(49.7,63.8473303367379,21.3562265206926));
#10644=CARTESIAN_POINT('Ctrl Pts',(49.7,63.876250456058,21.4112676920894));
#10645=CARTESIAN_POINT('Ctrl Pts',(49.7,63.9122262608418,21.4797373417239));
#10646=CARTESIAN_POINT('Ctrl Pts',(49.7,63.9314149674892,21.5566896173171));
#10647=CARTESIAN_POINT('Ctrl Pts',(49.7,63.9506036741366,21.6336418929103));
#10648=CARTESIAN_POINT('',(50.,63.7677938444247,21.2571074309352));
#10649=CARTESIAN_POINT('Ctrl Pts',(50.,63.7677938444247,21.2571074309352));
#10650=CARTESIAN_POINT('Ctrl Pts',(50.,63.8075620905813,21.3066669758139));
#10651=CARTESIAN_POINT('Ctrl Pts',(50.,63.8968009023494,21.4178771830565));
#10652=CARTESIAN_POINT('Ctrl Pts',(50.,63.9314149674892,21.5566896173171));
#10653=CARTESIAN_POINT('Ctrl Pts',(50.,63.9506036741366,21.6336418929103));
#10654=CARTESIAN_POINT('',(50.,63.7677938444247,21.2571074309352));
#10655=CARTESIAN_POINT('Ctrl Pts',(50.,63.4758431417575,21.1397810521129));
#10656=CARTESIAN_POINT('Ctrl Pts',(49.,63.4758431417575,21.1397810521129));
#10657=CARTESIAN_POINT('Ctrl Pts',(50.,63.5303215422608,21.1446911096573));
#10658=CARTESIAN_POINT('Ctrl Pts',(49.,63.5303215422608,21.1446911096573));
#10659=CARTESIAN_POINT('Ctrl Pts',(50.,63.639396986971,21.1545219179276));
#10660=CARTESIAN_POINT('Ctrl Pts',(49.,63.639396986971,21.1545219179276));
#10661=CARTESIAN_POINT('Ctrl Pts',(50.,63.7249638676289,21.2228874723721));
#10662=CARTESIAN_POINT('Ctrl Pts',(49.,63.7249638676289,21.2228874723721));
#10663=CARTESIAN_POINT('Ctrl Pts',(50.,63.7677938444247,21.2571074309352));
#10664=CARTESIAN_POINT('Ctrl Pts',(49.,63.7677938444247,21.2571074309352));
#10665=CARTESIAN_POINT('',(49.7,63.4758431417575,21.1397810521129));
#10666=CARTESIAN_POINT('Ctrl Pts',(49.7,63.4758431417575,21.1397810521129));
#10667=CARTESIAN_POINT('Ctrl Pts',(49.7,63.5303215422608,21.1446911096573));
#10668=CARTESIAN_POINT('Ctrl Pts',(49.7,63.584799942764,21.1496011672018));
#10669=CARTESIAN_POINT('Ctrl Pts',(49.7,63.6334139806857,21.1691130938533));
#10670=CARTESIAN_POINT('Ctrl Pts',(49.7,63.6821338908331,21.1886675138089));
#10671=CARTESIAN_POINT('Ctrl Pts',(49.7,63.7249638676289,21.2228874723721));
#10672=CARTESIAN_POINT('Ctrl Pts',(49.7,63.7677938444247,21.2571074309352));
#10673=CARTESIAN_POINT('',(50.,63.4758431417575,21.1397810521129));
#10674=CARTESIAN_POINT('Ctrl Pts',(50.,63.4758431417575,21.1397810521129));
#10675=CARTESIAN_POINT('Ctrl Pts',(50.,63.5303215422608,21.1446911096573));
#10676=CARTESIAN_POINT('Ctrl Pts',(50.,63.639396986971,21.1545219179276));
#10677=CARTESIAN_POINT('Ctrl Pts',(50.,63.7249638676289,21.2228874723721));
#10678=CARTESIAN_POINT('Ctrl Pts',(50.,63.7677938444247,21.2571074309352));
#10679=CARTESIAN_POINT('',(50.,63.4758431417575,21.1397810521129));
#10680=CARTESIAN_POINT('Ctrl Pts',(50.,63.0829364759555,21.4180894436839));
#10681=CARTESIAN_POINT('Ctrl Pts',(49.,63.0829364759555,21.4180894436839));
#10682=CARTESIAN_POINT('Ctrl Pts',(50.,63.1305791842707,21.3370038956093));
#10683=CARTESIAN_POINT('Ctrl Pts',(49.,63.1305791842707,21.3370038956093));
#10684=CARTESIAN_POINT('Ctrl Pts',(50.,63.2205014241767,21.183960662663));
#10685=CARTESIAN_POINT('Ctrl Pts',(49.,63.2205014241767,21.183960662663));
#10686=CARTESIAN_POINT('Ctrl Pts',(50.,63.3941821466537,21.1539101611163));
#10687=CARTESIAN_POINT('Ctrl Pts',(49.,63.3941821466537,21.1539101611163));
#10688=CARTESIAN_POINT('Ctrl Pts',(50.,63.4758431417575,21.1397810521129));
#10689=CARTESIAN_POINT('Ctrl Pts',(49.,63.4758431417575,21.1397810521129));
#10690=CARTESIAN_POINT('',(49.7,63.0829364759555,21.4180894436839));
#10691=CARTESIAN_POINT('Ctrl Pts',(49.7,63.0829364759555,21.4180894436839));
#10692=CARTESIAN_POINT('Ctrl Pts',(49.7,63.1134250875827,21.3661993251064));
#10693=CARTESIAN_POINT('Ctrl Pts',(49.7,63.14391369921,21.3143092065289));
#10694=CARTESIAN_POINT('Ctrl Pts',(49.7,63.213407169895,21.2330760043496));
#10695=CARTESIAN_POINT('Ctrl Pts',(49.7,63.2420881672434,21.2125763451295));
#10696=CARTESIAN_POINT('Ctrl Pts',(49.7,63.3269215172067,21.1655476970524));
#10697=CARTESIAN_POINT('Ctrl Pts',(49.7,63.401382329482,21.1526643745826));
#10698=CARTESIAN_POINT('Ctrl Pts',(49.7,63.4758431417575,21.1397810521128));
#10699=CARTESIAN_POINT('',(50.,63.0829364759555,21.4180894436839));
#10700=CARTESIAN_POINT('Ctrl Pts',(50.,63.0829364759555,21.4180894436839));
#10701=CARTESIAN_POINT('Ctrl Pts',(50.,63.1305791842707,21.3370038956093));
#10702=CARTESIAN_POINT('Ctrl Pts',(50.,63.2205014241767,21.183960662663));
#10703=CARTESIAN_POINT('Ctrl Pts',(50.,63.3941821466537,21.1539101611163));
#10704=CARTESIAN_POINT('Ctrl Pts',(50.,63.4758431417575,21.1397810521129));
#10705=CARTESIAN_POINT('',(50.,63.0829364759555,21.4180894436839));
#10706=CARTESIAN_POINT('Ctrl Pts',(50.,62.9492408735385,22.4631096663478));
#10707=CARTESIAN_POINT('Ctrl Pts',(49.,62.9492408735385,22.4631096663478));
#10708=CARTESIAN_POINT('Ctrl Pts',(50.,62.9479502952192,22.2468374854584));
#10709=CARTESIAN_POINT('Ctrl Pts',(49.,62.9479502952192,22.2468374854584));
#10710=CARTESIAN_POINT('Ctrl Pts',(50.,62.9458300126223,21.8915253478852));
#10711=CARTESIAN_POINT('Ctrl Pts',(49.,62.9458300126223,21.8915253478852));
#10712=CARTESIAN_POINT('Ctrl Pts',(50.,63.0443743317988,21.5512465767828));
#10713=CARTESIAN_POINT('Ctrl Pts',(49.,63.0443743317988,21.5512465767828));
#10714=CARTESIAN_POINT('Ctrl Pts',(50.,63.0829364759555,21.4180894436839));
#10715=CARTESIAN_POINT('Ctrl Pts',(49.,63.0829364759555,21.4180894436839));
#10716=CARTESIAN_POINT('',(49.7,62.9492408735385,22.4631096663478));
#10717=CARTESIAN_POINT('Ctrl Pts',(49.7,62.9492408735385,22.4631096663478));
#10718=CARTESIAN_POINT('Ctrl Pts',(49.7,62.9479502952192,22.2468374854584));
#10719=CARTESIAN_POINT('Ctrl Pts',(49.7,62.9466597168999,22.030565304569));
#10720=CARTESIAN_POINT('Ctrl Pts',(49.7,62.9826647741427,21.8198628964427));
#10721=CARTESIAN_POINT('Ctrl Pts',(49.7,63.0058121876421,21.6844037098817));
#10722=CARTESIAN_POINT('Ctrl Pts',(49.7,63.0443743317988,21.5512465767828));
#10723=CARTESIAN_POINT('Ctrl Pts',(49.7,63.0829364759555,21.4180894436839));
#10724=CARTESIAN_POINT('',(50.,62.9492408735385,22.4631096663478));
#10725=CARTESIAN_POINT('Ctrl Pts',(50.,62.9492408735385,22.4631096663478));
#10726=CARTESIAN_POINT('Ctrl Pts',(50.,62.9479502952192,22.2468374854584));
#10727=CARTESIAN_POINT('Ctrl Pts',(50.,62.9458300126223,21.8915253478852));
#10728=CARTESIAN_POINT('Ctrl Pts',(50.,63.0443743317988,21.5512465767828));
#10729=CARTESIAN_POINT('Ctrl Pts',(50.,63.0829364759555,21.4180894436839));
#10730=CARTESIAN_POINT('',(50.,62.9492408735385,22.4631096663478));
#10731=CARTESIAN_POINT('Ctrl Pts',(50.,65.0038105947604,23.4126325192454));
#10732=CARTESIAN_POINT('Ctrl Pts',(49.,65.0038105947604,23.4126325192454));
#10733=CARTESIAN_POINT('Ctrl Pts',(50.,65.0364376026324,23.2608528092406));
#10734=CARTESIAN_POINT('Ctrl Pts',(49.,65.0364376026324,23.2608528092406));
#10735=CARTESIAN_POINT('Ctrl Pts',(50.,65.102553982685,22.9532817003513));
#10736=CARTESIAN_POINT('Ctrl Pts',(49.,65.102553982685,22.9532817003513));
#10737=CARTESIAN_POINT('Ctrl Pts',(50.,65.1112661006499,22.6387821022164));
#10738=CARTESIAN_POINT('Ctrl Pts',(49.,65.1112661006499,22.6387821022164));
#10739=CARTESIAN_POINT('Ctrl Pts',(50.,65.1156789762607,22.4794812741282));
#10740=CARTESIAN_POINT('Ctrl Pts',(49.,65.1156789762607,22.4794812741282));
#10741=CARTESIAN_POINT('',(49.7,65.0038105947604,23.4126325192454));
#10742=CARTESIAN_POINT('',(49.7,65.1156789762607,22.4794812741282));
#10743=CARTESIAN_POINT('Ctrl Pts',(49.7,65.0038105947604,23.4126325192454));
#10744=CARTESIAN_POINT('Ctrl Pts',(49.7,65.0364376026324,23.2608528092406));
#10745=CARTESIAN_POINT('Ctrl Pts',(49.7,65.0690646105045,23.1090730992358));
#10746=CARTESIAN_POINT('Ctrl Pts',(49.7,65.0877124769321,22.9556061568263));
#10747=CARTESIAN_POINT('Ctrl Pts',(49.7,65.1068532250391,22.7980829303045));
#10748=CARTESIAN_POINT('Ctrl Pts',(49.7,65.1112661006499,22.6387821022164));
#10749=CARTESIAN_POINT('Ctrl Pts',(49.7,65.1156789762607,22.4794812741282));
#10750=CARTESIAN_POINT('',(50.,65.1156789762607,22.4794812741282));
#10751=CARTESIAN_POINT('',(50.,65.1156789762607,22.4794812741282));
#10752=CARTESIAN_POINT('',(50.,65.0038105947604,23.4126325192454));
#10753=CARTESIAN_POINT('Ctrl Pts',(50.,65.0038105947604,23.4126325192454));
#10754=CARTESIAN_POINT('Ctrl Pts',(50.,65.0364376026324,23.2608528092406));
#10755=CARTESIAN_POINT('Ctrl Pts',(50.,65.102553982685,22.9532817003513));
#10756=CARTESIAN_POINT('Ctrl Pts',(50.,65.1112661006499,22.6387821022164));
#10757=CARTESIAN_POINT('Ctrl Pts',(50.,65.1156789762607,22.4794812741282));
#10758=CARTESIAN_POINT('',(50.,65.0038105947604,23.4126325192454));
#10759=CARTESIAN_POINT('Ctrl Pts',(50.,64.8510128957858,23.821909600735));
#10760=CARTESIAN_POINT('Ctrl Pts',(49.,64.8510128957858,23.821909600735));
#10761=CARTESIAN_POINT('Ctrl Pts',(50.,64.8816694699941,23.7594557976763));
#10762=CARTESIAN_POINT('Ctrl Pts',(49.,64.8816694699941,23.7594557976763));
#10763=CARTESIAN_POINT('Ctrl Pts',(50.,64.9461327449572,23.628130730116));
#10764=CARTESIAN_POINT('Ctrl Pts',(49.,64.9461327449572,23.628130730116));
#10765=CARTESIAN_POINT('Ctrl Pts',(50.,64.9839683408651,23.4867679148724));
#10766=CARTESIAN_POINT('Ctrl Pts',(49.,64.9839683408651,23.4867679148724));
#10767=CARTESIAN_POINT('Ctrl Pts',(50.,65.0038105947604,23.4126325192454));
#10768=CARTESIAN_POINT('Ctrl Pts',(49.,65.0038105947604,23.4126325192454));
#10769=CARTESIAN_POINT('',(49.7,64.8510128957858,23.821909600735));
#10770=CARTESIAN_POINT('Ctrl Pts',(49.7,64.8510128957858,23.821909600735));
#10771=CARTESIAN_POINT('Ctrl Pts',(49.7,64.8857179153696,23.7512082743732));
#10772=CARTESIAN_POINT('Ctrl Pts',(49.7,64.9153359389441,23.69087021446));
#10773=CARTESIAN_POINT('Ctrl Pts',(49.7,64.9659749988525,23.553995334489));
#10774=CARTESIAN_POINT('Ctrl Pts',(49.7,64.9848927968065,23.4833139268672));
#10775=CARTESIAN_POINT('Ctrl Pts',(49.7,65.0038105947604,23.4126325192454));
#10776=CARTESIAN_POINT('',(50.,64.8510128957858,23.821909600735));
#10777=CARTESIAN_POINT('Ctrl Pts',(50.,64.8510128957858,23.821909600735));
#10778=CARTESIAN_POINT('Ctrl Pts',(50.,64.8816694699941,23.7594557976763));
#10779=CARTESIAN_POINT('Ctrl Pts',(50.,64.9461327449572,23.628130730116));
#10780=CARTESIAN_POINT('Ctrl Pts',(50.,64.9839683408651,23.4867679148724));
#10781=CARTESIAN_POINT('Ctrl Pts',(50.,65.0038105947604,23.4126325192454));
#10782=CARTESIAN_POINT('',(50.,64.8510128957858,23.821909600735));
#10783=CARTESIAN_POINT('Ctrl Pts',(50.,64.5945341093173,24.1575165333751));
#10784=CARTESIAN_POINT('Ctrl Pts',(49.,64.5945341093173,24.1575165333751));
#10785=CARTESIAN_POINT('Ctrl Pts',(50.,64.6455996108492,24.1050034592671));
#10786=CARTESIAN_POINT('Ctrl Pts',(49.,64.6455996108492,24.1050034592671));
#10787=CARTESIAN_POINT('Ctrl Pts',(50.,64.7444858721339,24.0033140327204));
#10788=CARTESIAN_POINT('Ctrl Pts',(49.,64.7444858721339,24.0033140327204));
#10789=CARTESIAN_POINT('Ctrl Pts',(50.,64.8162892460981,23.8810403614765));
#10790=CARTESIAN_POINT('Ctrl Pts',(49.,64.8162892460981,23.8810403614765));
#10791=CARTESIAN_POINT('Ctrl Pts',(50.,64.8510128957858,23.821909600735));
#10792=CARTESIAN_POINT('Ctrl Pts',(49.,64.8510128957858,23.821909600735));
#10793=CARTESIAN_POINT('',(49.7,64.5945341093173,24.1575165333751));
#10794=CARTESIAN_POINT('Ctrl Pts',(49.7,64.5945341093173,24.1575165333751));
#10795=CARTESIAN_POINT('Ctrl Pts',(49.7,64.6455996108492,24.1050034592671));
#10796=CARTESIAN_POINT('Ctrl Pts',(49.7,64.6966651123811,24.0524903851592));
#10797=CARTESIAN_POINT('Ctrl Pts',(49.7,64.740508268558,23.994487995148));
#10798=CARTESIAN_POINT('Ctrl Pts',(49.7,64.7815655964104,23.940171122218));
#10799=CARTESIAN_POINT('Ctrl Pts',(49.7,64.8162892460981,23.8810403614765));
#10800=CARTESIAN_POINT('Ctrl Pts',(49.7,64.8510128957858,23.821909600735));
#10801=CARTESIAN_POINT('',(50.,64.5945341093173,24.1575165333751));
#10802=CARTESIAN_POINT('Ctrl Pts',(50.,64.5945341093173,24.1575165333751));
#10803=CARTESIAN_POINT('Ctrl Pts',(50.,64.6455996108492,24.1050034592671));
#10804=CARTESIAN_POINT('Ctrl Pts',(50.,64.7444858721339,24.0033140327204));
#10805=CARTESIAN_POINT('Ctrl Pts',(50.,64.8162892460981,23.8810403614765));
#10806=CARTESIAN_POINT('Ctrl Pts',(50.,64.8510128957858,23.821909600735));
#10807=CARTESIAN_POINT('',(50.,64.5945341093173,24.1575165333751));
#10808=CARTESIAN_POINT('Ctrl Pts',(50.,64.1716129285922,24.4167252125743));
#10809=CARTESIAN_POINT('Ctrl Pts',(49.,64.1716129285922,24.4167252125743));
#10810=CARTESIAN_POINT('Ctrl Pts',(50.,64.2525588600991,24.382788786361));
#10811=CARTESIAN_POINT('Ctrl Pts',(49.,64.2525588600991,24.382788786361));
#10812=CARTESIAN_POINT('Ctrl Pts',(50.,64.4069647123201,24.3180544295719));
#10813=CARTESIAN_POINT('Ctrl Pts',(49.,64.4069647123201,24.3180544295719));
#10814=CARTESIAN_POINT('Ctrl Pts',(50.,64.5340650320429,24.2092711298392));
#10815=CARTESIAN_POINT('Ctrl Pts',(49.,64.5340650320429,24.2092711298392));
#10816=CARTESIAN_POINT('Ctrl Pts',(50.,64.5945341093173,24.1575165333751));
#10817=CARTESIAN_POINT('Ctrl Pts',(49.,64.5945341093173,24.1575165333751));
#10818=CARTESIAN_POINT('',(49.7,64.1716129285922,24.4167252125743));
#10819=CARTESIAN_POINT('Ctrl Pts',(49.7,64.1716129285922,24.4167252125743));
#10820=CARTESIAN_POINT('Ctrl Pts',(49.7,64.2525588600991,24.382788786361));
#10821=CARTESIAN_POINT('Ctrl Pts',(49.7,64.3335047916059,24.3488523601478));
#10822=CARTESIAN_POINT('Ctrl Pts',(49.7,64.4069463712802,24.3028100075724));
#10823=CARTESIAN_POINT('Ctrl Pts',(49.7,64.4735959547684,24.2610257263033));
#10824=CARTESIAN_POINT('Ctrl Pts',(49.7,64.5340650320429,24.2092711298392));
#10825=CARTESIAN_POINT('Ctrl Pts',(49.7,64.5945341093173,24.1575165333751));
#10826=CARTESIAN_POINT('',(50.,64.1716129285922,24.4167252125743));
#10827=CARTESIAN_POINT('Ctrl Pts',(50.,64.1716129285922,24.4167252125743));
#10828=CARTESIAN_POINT('Ctrl Pts',(50.,64.2525588600991,24.382788786361));
#10829=CARTESIAN_POINT('Ctrl Pts',(50.,64.4069647123201,24.3180544295719));
#10830=CARTESIAN_POINT('Ctrl Pts',(50.,64.5340650320429,24.2092711298392));
#10831=CARTESIAN_POINT('Ctrl Pts',(50.,64.5945341093173,24.1575165333751));
#10832=CARTESIAN_POINT('',(50.,64.1716129285922,24.4167252125743));
#10833=CARTESIAN_POINT('Ctrl Pts',(50.,63.5085851652255,24.5176802816394));
#10834=CARTESIAN_POINT('Ctrl Pts',(49.,63.5085851652255,24.5176802816394));
#10835=CARTESIAN_POINT('Ctrl Pts',(50.,63.632114975259,24.5153122075209));
#10836=CARTESIAN_POINT('Ctrl Pts',(49.,63.632114975259,24.5153122075209));
#10837=CARTESIAN_POINT('Ctrl Pts',(50.,63.8578488556767,24.5109848750353));
#10838=CARTESIAN_POINT('Ctrl Pts',(49.,63.8578488556767,24.5109848750353));
#10839=CARTESIAN_POINT('Ctrl Pts',(50.,64.0738262426844,24.4461018710336));
#10840=CARTESIAN_POINT('Ctrl Pts',(49.,64.0738262426844,24.4461018710336));
#10841=CARTESIAN_POINT('Ctrl Pts',(50.,64.1716129285922,24.4167252125743));
#10842=CARTESIAN_POINT('Ctrl Pts',(49.,64.1716129285922,24.4167252125743));
#10843=CARTESIAN_POINT('',(49.7,63.5085851652255,24.5176802816394));
#10844=CARTESIAN_POINT('Ctrl Pts',(49.7,63.5085851652255,24.5176802816394));
#10845=CARTESIAN_POINT('Ctrl Pts',(49.7,63.632114975259,24.5153122075209));
#10846=CARTESIAN_POINT('Ctrl Pts',(49.7,63.7556447852924,24.5129441334024));
#10847=CARTESIAN_POINT('Ctrl Pts',(49.7,63.8762528402438,24.4924415888789));
#10848=CARTESIAN_POINT('Ctrl Pts',(49.7,63.9760395567767,24.475478529493));
#10849=CARTESIAN_POINT('Ctrl Pts',(49.7,64.0738262426844,24.4461018710336));
#10850=CARTESIAN_POINT('Ctrl Pts',(49.7,64.1716129285922,24.4167252125743));
#10851=CARTESIAN_POINT('',(50.,63.5085851652255,24.5176802816394));
#10852=CARTESIAN_POINT('Ctrl Pts',(50.,63.5085851652255,24.5176802816394));
#10853=CARTESIAN_POINT('Ctrl Pts',(50.,63.632114975259,24.5153122075209));
#10854=CARTESIAN_POINT('Ctrl Pts',(50.,63.8578488556767,24.5109848750353));
#10855=CARTESIAN_POINT('Ctrl Pts',(50.,64.0738262426844,24.4461018710336));
#10856=CARTESIAN_POINT('Ctrl Pts',(50.,64.1716129285922,24.4167252125743));
#10857=CARTESIAN_POINT('',(50.,63.5085851652255,24.5176802816394));
#10858=CARTESIAN_POINT('Ctrl Pts',(50.,62.2561985952487,24.0620185675624));
#10859=CARTESIAN_POINT('Ctrl Pts',(49.,62.2561985952487,24.0620185675624));
#10860=CARTESIAN_POINT('Ctrl Pts',(50.,62.4220121756413,24.1946470019604));
#10861=CARTESIAN_POINT('Ctrl Pts',(49.,62.4220121756413,24.1946470019604));
#10862=CARTESIAN_POINT('Ctrl Pts',(50.,62.7858136025636,24.4856389313925));
#10863=CARTESIAN_POINT('Ctrl Pts',(49.,62.7858136025636,24.4856389313925));
#10864=CARTESIAN_POINT('Ctrl Pts',(50.,63.2538633469447,24.5063881508795));
#10865=CARTESIAN_POINT('Ctrl Pts',(49.,63.2538633469447,24.5063881508795));
#10866=CARTESIAN_POINT('Ctrl Pts',(50.,63.5085851652255,24.5176802816394));
#10867=CARTESIAN_POINT('Ctrl Pts',(49.,63.5085851652255,24.5176802816394));
#10868=CARTESIAN_POINT('',(49.7,62.2561985952487,24.0620185675624));
#10869=CARTESIAN_POINT('Ctrl Pts',(49.7,62.2561985952487,24.0620185675624));
#10870=CARTESIAN_POINT('Ctrl Pts',(49.7,62.4220121756413,24.1946470019604));
#10871=CARTESIAN_POINT('Ctrl Pts',(49.7,62.5878257560339,24.3272754363585));
#10872=CARTESIAN_POINT('Ctrl Pts',(49.7,62.7752954465976,24.4037647786143));
#10873=CARTESIAN_POINT('Ctrl Pts',(49.7,62.999141528664,24.4950960201197));
#10874=CARTESIAN_POINT('Ctrl Pts',(49.7,63.2538633469447,24.5063881508795));
#10875=CARTESIAN_POINT('Ctrl Pts',(49.7,63.5085851652255,24.5176802816394));
#10876=CARTESIAN_POINT('',(50.,62.2561985952487,24.0620185675624));
#10877=CARTESIAN_POINT('Ctrl Pts',(50.,62.2561985952487,24.0620185675624));
#10878=CARTESIAN_POINT('Ctrl Pts',(50.,62.4220121756413,24.1946470019604));
#10879=CARTESIAN_POINT('Ctrl Pts',(50.,62.7858136025636,24.4856389313925));
#10880=CARTESIAN_POINT('Ctrl Pts',(50.,63.2538633469447,24.5063881508795));
#10881=CARTESIAN_POINT('Ctrl Pts',(50.,63.5085851652255,24.5176802816394));
#10882=CARTESIAN_POINT('',(50.,62.2561985952487,24.0620185675624));
#10883=CARTESIAN_POINT('Ctrl Pts',(50.,61.8469197256198,22.4658383669856));
#10884=CARTESIAN_POINT('Ctrl Pts',(49.,61.8469197256198,22.4658383669856));
#10885=CARTESIAN_POINT('Ctrl Pts',(50.,61.8493345117594,22.7980616068961));
#10886=CARTESIAN_POINT('Ctrl Pts',(49.,61.8493345117594,22.7980616068961));
#10887=CARTESIAN_POINT('Ctrl Pts',(50.,61.8534785772827,23.3681969294212));
#10888=CARTESIAN_POINT('Ctrl Pts',(49.,61.8534785772827,23.3681969294212));
#10889=CARTESIAN_POINT('Ctrl Pts',(50.,62.1376263956779,23.8577377916533));
#10890=CARTESIAN_POINT('Ctrl Pts',(49.,62.1376263956779,23.8577377916533));
#10891=CARTESIAN_POINT('Ctrl Pts',(50.,62.2561985952487,24.0620185675624));
#10892=CARTESIAN_POINT('Ctrl Pts',(49.,62.2561985952487,24.0620185675624));
#10893=CARTESIAN_POINT('',(49.7,61.8469197256198,22.4658383669856));
#10894=CARTESIAN_POINT('Ctrl Pts',(49.7,61.8469197256198,22.4658383669856));
#10895=CARTESIAN_POINT('Ctrl Pts',(49.7,61.8493345117594,22.7980616068961));
#10896=CARTESIAN_POINT('Ctrl Pts',(49.7,61.851749297899,23.1302848468066));
#10897=CARTESIAN_POINT('Ctrl Pts',(49.7,61.949239443027,23.4351422133448));
#10898=CARTESIAN_POINT('Ctrl Pts',(49.7,62.0190541961071,23.6534570157442));
#10899=CARTESIAN_POINT('Ctrl Pts',(49.7,62.1376263956779,23.8577377916533));
#10900=CARTESIAN_POINT('Ctrl Pts',(49.7,62.2561985952487,24.0620185675624));
#10901=CARTESIAN_POINT('',(50.,61.8469197256198,22.4658383669856));
#10902=CARTESIAN_POINT('Ctrl Pts',(50.,61.8469197256198,22.4658383669856));
#10903=CARTESIAN_POINT('Ctrl Pts',(50.,61.8493345117594,22.7980616068961));
#10904=CARTESIAN_POINT('Ctrl Pts',(50.,61.8534785772827,23.3681969294212));
#10905=CARTESIAN_POINT('Ctrl Pts',(50.,62.1376263956779,23.8577377916533));
#10906=CARTESIAN_POINT('Ctrl Pts',(50.,62.2561985952487,24.0620185675624));
#10907=CARTESIAN_POINT('',(50.,61.8469197256198,22.4658383669856));
#10908=CARTESIAN_POINT('Ctrl Pts',(50.,56.0597474081149,21.4426459612849));
#10909=CARTESIAN_POINT('Ctrl Pts',(49.,56.0597474081149,21.4426459612849));
#10910=CARTESIAN_POINT('Ctrl Pts',(50.,56.1121716524933,21.4789224603225));
#10911=CARTESIAN_POINT('Ctrl Pts',(49.,56.1121716524933,21.4789224603225));
#10912=CARTESIAN_POINT('Ctrl Pts',(50.,56.2237939063405,21.5561627645419));
#10913=CARTESIAN_POINT('Ctrl Pts',(49.,56.2237939063405,21.5561627645419));
#10914=CARTESIAN_POINT('Ctrl Pts',(50.,56.2841936513218,21.6781093343243));
#10915=CARTESIAN_POINT('Ctrl Pts',(49.,56.2841936513218,21.6781093343243));
#10916=CARTESIAN_POINT('Ctrl Pts',(50.,56.3162261945834,21.7427827658656));
#10917=CARTESIAN_POINT('Ctrl Pts',(49.,56.3162261945834,21.7427827658656));
#10918=CARTESIAN_POINT('',(49.7,56.0597474081149,21.4426459612849));
#10919=CARTESIAN_POINT('',(49.7,56.3162261945834,21.7427827658656));
#10920=CARTESIAN_POINT('Ctrl Pts',(49.7,56.0597474081149,21.4426459612849));
#10921=CARTESIAN_POINT('Ctrl Pts',(49.7,56.1121716524933,21.4789224603225));
#10922=CARTESIAN_POINT('Ctrl Pts',(49.7,56.1645958968717,21.51519895936));
#10923=CARTESIAN_POINT('Ctrl Pts',(49.7,56.2057215673556,21.5613366904261));
#10924=CARTESIAN_POINT('Ctrl Pts',(49.7,56.2521611080602,21.613435902783));
#10925=CARTESIAN_POINT('Ctrl Pts',(49.7,56.2841936513218,21.6781093343243));
#10926=CARTESIAN_POINT('Ctrl Pts',(49.7,56.3162261945834,21.7427827658656));
#10927=CARTESIAN_POINT('',(50.,56.3162261945834,21.7427827658656));
#10928=CARTESIAN_POINT('',(50.,56.3162261945834,21.7427827658656));
#10929=CARTESIAN_POINT('',(50.,56.0597474081149,21.4426459612849));
#10930=CARTESIAN_POINT('Ctrl Pts',(50.,56.0597474081149,21.4426459612849));
#10931=CARTESIAN_POINT('Ctrl Pts',(50.,56.1121716524933,21.4789224603225));
#10932=CARTESIAN_POINT('Ctrl Pts',(50.,56.2237939063405,21.5561627645419));
#10933=CARTESIAN_POINT('Ctrl Pts',(50.,56.2841936513218,21.6781093343243));
#10934=CARTESIAN_POINT('Ctrl Pts',(50.,56.3162261945834,21.7427827658656));
#10935=CARTESIAN_POINT('',(50.,56.0597474081149,21.4426459612849));
#10936=CARTESIAN_POINT('Ctrl Pts',(50.,55.5085880262485,21.358062201977));
#10937=CARTESIAN_POINT('Ctrl Pts',(49.,55.5085880262485,21.358062201977));
#10938=CARTESIAN_POINT('Ctrl Pts',(50.,55.6203139095929,21.3580987175438));
#10939=CARTESIAN_POINT('Ctrl Pts',(49.,55.6203139095929,21.3580987175438));
#10940=CARTESIAN_POINT('Ctrl Pts',(50.,55.8089334300855,21.3581603643932));
#10941=CARTESIAN_POINT('Ctrl Pts',(49.,55.8089334300855,21.3581603643932));
#10942=CARTESIAN_POINT('Ctrl Pts',(50.,55.9871107102215,21.4181786057332));
#10943=CARTESIAN_POINT('Ctrl Pts',(49.,55.9871107102215,21.4181786057332));
#10944=CARTESIAN_POINT('Ctrl Pts',(50.,56.0597474081149,21.4426459612849));
#10945=CARTESIAN_POINT('Ctrl Pts',(49.,56.0597474081149,21.4426459612849));
#10946=CARTESIAN_POINT('',(49.7,55.5085880262485,21.358062201977));
#10947=CARTESIAN_POINT('Ctrl Pts',(49.7,55.5085880262485,21.358062201977));
#10948=CARTESIAN_POINT('Ctrl Pts',(49.7,55.6203139095929,21.3580987175438));
#10949=CARTESIAN_POINT('Ctrl Pts',(49.7,55.7320397929373,21.3581352331106));
#10950=CARTESIAN_POINT('Ctrl Pts',(49.7,55.8401019079318,21.379208141804));
#10951=CARTESIAN_POINT('Ctrl Pts',(49.7,55.914474012328,21.3937112501816));
#10952=CARTESIAN_POINT('Ctrl Pts',(49.7,55.9871107102215,21.4181786057332));
#10953=CARTESIAN_POINT('Ctrl Pts',(49.7,56.0597474081149,21.4426459612849));
#10954=CARTESIAN_POINT('',(50.,55.5085880262485,21.358062201977));
#10955=CARTESIAN_POINT('Ctrl Pts',(50.,55.5085880262485,21.358062201977));
#10956=CARTESIAN_POINT('Ctrl Pts',(50.,55.6203139095929,21.3580987175438));
#10957=CARTESIAN_POINT('Ctrl Pts',(50.,55.8089334300855,21.3581603643932));
#10958=CARTESIAN_POINT('Ctrl Pts',(50.,55.9871107102215,21.4181786057332));
#10959=CARTESIAN_POINT('Ctrl Pts',(50.,56.0597474081149,21.4426459612849));
#10960=CARTESIAN_POINT('',(50.,55.5085880262485,21.358062201977));
#10961=CARTESIAN_POINT('Origin',(50.,55.20572252103,21.358062201977));
#10962=CARTESIAN_POINT('',(49.7,55.20572252103,21.358062201977));
#10963=CARTESIAN_POINT('',(49.7,52.2398281236818,21.358062201977));
#10964=CARTESIAN_POINT('',(50.,55.20572252103,21.358062201977));
#10965=CARTESIAN_POINT('',(50.,41.102861260515,21.358062201977));
#10966=CARTESIAN_POINT('',(50.,55.20572252103,21.358062201977));
#10967=CARTESIAN_POINT('Origin',(50.,55.2057225210299,23.5436012091639));
#10968=CARTESIAN_POINT('',(49.7,55.2057225210299,23.5436012091639));
#10969=CARTESIAN_POINT('',(49.7,55.2057225210299,22.9958521815541));
#10970=CARTESIAN_POINT('',(50.,55.2057225210299,23.5436012091639));
#10971=CARTESIAN_POINT('',(50.,55.20572252103,11.771800604582));
#10972=CARTESIAN_POINT('',(50.,55.2057225210299,23.5436012091639));
#10973=CARTESIAN_POINT('Ctrl Pts',(50.,57.6504690153232,22.4631096663478));
#10974=CARTESIAN_POINT('Ctrl Pts',(49.,57.6504690153232,22.4631096663478));
#10975=CARTESIAN_POINT('Ctrl Pts',(50.,57.6481986909439,22.2716450568747));
#10976=CARTESIAN_POINT('Ctrl Pts',(49.,57.6481986909439,22.2716450568747));
#10977=CARTESIAN_POINT('Ctrl Pts',(50.,57.6441765235775,21.932441236012));
#10978=CARTESIAN_POINT('Ctrl Pts',(49.,57.6441765235775,21.932441236012));
#10979=CARTESIAN_POINT('Ctrl Pts',(50.,57.5459244842014,21.6083569974114));
#10980=CARTESIAN_POINT('Ctrl Pts',(49.,57.5459244842014,21.6083569974114));
#10981=CARTESIAN_POINT('Ctrl Pts',(50.,57.50313110181,21.4672030749324));
#10982=CARTESIAN_POINT('Ctrl Pts',(49.,57.50313110181,21.4672030749324));
#10983=CARTESIAN_POINT('',(49.7,57.6504690153232,22.4631096663478));
#10984=CARTESIAN_POINT('',(49.7,57.50313110181,21.4672030749324));
#10985=CARTESIAN_POINT('Ctrl Pts',(49.7,57.6504690153232,22.4631096663478));
#10986=CARTESIAN_POINT('Ctrl Pts',(49.7,57.6481986909439,22.2716450568747));
#10987=CARTESIAN_POINT('Ctrl Pts',(49.7,57.6459283665646,22.0801804474015));
#10988=CARTESIAN_POINT('Ctrl Pts',(49.7,57.6136357290378,21.8935330452922));
#10989=CARTESIAN_POINT('Ctrl Pts',(49.7,57.5887178665929,21.7495109198904));
#10990=CARTESIAN_POINT('Ctrl Pts',(49.7,57.5459244842014,21.6083569974114));
#10991=CARTESIAN_POINT('Ctrl Pts',(49.7,57.50313110181,21.4672030749324));
#10992=CARTESIAN_POINT('',(50.,57.50313110181,21.4672030749324));
#10993=CARTESIAN_POINT('',(50.,57.50313110181,21.4672030749324));
#10994=CARTESIAN_POINT('',(50.,57.6504690153232,22.4631096663478));
#10995=CARTESIAN_POINT('Ctrl Pts',(50.,57.6504690153232,22.4631096663478));
#10996=CARTESIAN_POINT('Ctrl Pts',(50.,57.6481986909439,22.2716450568747));
#10997=CARTESIAN_POINT('Ctrl Pts',(50.,57.6441765235775,21.932441236012));
#10998=CARTESIAN_POINT('Ctrl Pts',(50.,57.5459244842014,21.6083569974114));
#10999=CARTESIAN_POINT('Ctrl Pts',(50.,57.50313110181,21.4672030749324));
#11000=CARTESIAN_POINT('',(50.,57.6504690153232,22.4631096663478));
#11001=CARTESIAN_POINT('Ctrl Pts',(50.,57.5522429449191,23.2380075993541));
#11002=CARTESIAN_POINT('Ctrl Pts',(49.,57.5522429449191,23.2380075993541));
#11003=CARTESIAN_POINT('Ctrl Pts',(50.,57.5808887963191,23.1130197076058));
#11004=CARTESIAN_POINT('Ctrl Pts',(49.,57.5808887963191,23.1130197076058));
#11005=CARTESIAN_POINT('Ctrl Pts',(50.,57.6393336555398,22.8580124594174));
#11006=CARTESIAN_POINT('Ctrl Pts',(49.,57.6393336555398,22.8580124594174));
#11007=CARTESIAN_POINT('Ctrl Pts',(50.,57.6467087237086,22.59646410574));
#11008=CARTESIAN_POINT('Ctrl Pts',(49.,57.6467087237086,22.59646410574));
#11009=CARTESIAN_POINT('Ctrl Pts',(50.,57.6504690153232,22.4631096663478));
#11010=CARTESIAN_POINT('Ctrl Pts',(49.,57.6504690153232,22.4631096663478));
#11011=CARTESIAN_POINT('',(49.7,57.5522429449191,23.2380075993541));
#11012=CARTESIAN_POINT('Ctrl Pts',(49.7,57.5522429449191,23.2380075993541));
#11013=CARTESIAN_POINT('Ctrl Pts',(49.7,57.5808887963191,23.1130197076058));
#11014=CARTESIAN_POINT('Ctrl Pts',(49.7,57.6095346477191,22.9880318158576));
#11015=CARTESIAN_POINT('Ctrl Pts',(49.7,57.6259119016757,22.8614725413325));
#11016=CARTESIAN_POINT('Ctrl Pts',(49.7,57.6429484320941,22.7298185451323));
#11017=CARTESIAN_POINT('Ctrl Pts',(49.7,57.6467087237086,22.59646410574));
#11018=CARTESIAN_POINT('Ctrl Pts',(49.7,57.6504690153232,22.4631096663478));
#11019=CARTESIAN_POINT('',(50.,57.5522429449191,23.2380075993541));
#11020=CARTESIAN_POINT('Ctrl Pts',(50.,57.5522429449191,23.2380075993541));
#11021=CARTESIAN_POINT('Ctrl Pts',(50.,57.5808887963191,23.1130197076058));
#11022=CARTESIAN_POINT('Ctrl Pts',(50.,57.6393336555398,22.8580124594174));
#11023=CARTESIAN_POINT('Ctrl Pts',(50.,57.6467087237086,22.59646410574));
#11024=CARTESIAN_POINT('Ctrl Pts',(50.,57.6504690153232,22.4631096663478));
#11025=CARTESIAN_POINT('',(50.,57.5522429449191,23.2380075993541));
#11026=CARTESIAN_POINT('Ctrl Pts',(50.,57.2357351286044,23.879208141804));
#11027=CARTESIAN_POINT('Ctrl Pts',(49.,57.2357351286044,23.879208141804));
#11028=CARTESIAN_POINT('Ctrl Pts',(50.,57.3037904308828,23.7824737689893));
#11029=CARTESIAN_POINT('Ctrl Pts',(49.,57.3037904308828,23.7824737689893));
#11030=CARTESIAN_POINT('Ctrl Pts',(50.,57.4425508931905,23.5852384935086));
#11031=CARTESIAN_POINT('Ctrl Pts',(49.,57.4425508931905,23.5852384935086));
#11032=CARTESIAN_POINT('Ctrl Pts',(50.,57.5152163723251,23.3552154526733));
#11033=CARTESIAN_POINT('Ctrl Pts',(49.,57.5152163723251,23.3552154526733));
#11034=CARTESIAN_POINT('Ctrl Pts',(50.,57.5522429449191,23.2380075993541));
#11035=CARTESIAN_POINT('Ctrl Pts',(49.,57.5522429449191,23.2380075993541));
#11036=CARTESIAN_POINT('',(49.7,57.2357351286044,23.879208141804));
#11037=CARTESIAN_POINT('Ctrl Pts',(49.7,57.2357351286044,23.879208141804));
#11038=CARTESIAN_POINT('Ctrl Pts',(49.7,57.3037904308828,23.7824737689893));
#11039=CARTESIAN_POINT('Ctrl Pts',(49.7,57.3718457331613,23.6857393961746));
#11040=CARTESIAN_POINT('Ctrl Pts',(49.7,57.424002359592,23.5811181607249));
#11041=CARTESIAN_POINT('Ctrl Pts',(49.7,57.4781897997311,23.4724233059925));
#11042=CARTESIAN_POINT('Ctrl Pts',(49.7,57.5152163723251,23.3552154526733));
#11043=CARTESIAN_POINT('Ctrl Pts',(49.7,57.5522429449191,23.2380075993541));
#11044=CARTESIAN_POINT('',(50.,57.2357351286044,23.879208141804));
#11045=CARTESIAN_POINT('Ctrl Pts',(50.,57.2357351286044,23.879208141804));
#11046=CARTESIAN_POINT('Ctrl Pts',(50.,57.3037904308828,23.7824737689893));
#11047=CARTESIAN_POINT('Ctrl Pts',(50.,57.4425508931905,23.5852384935086));
#11048=CARTESIAN_POINT('Ctrl Pts',(50.,57.5152163723251,23.3552154526733));
#11049=CARTESIAN_POINT('Ctrl Pts',(50.,57.5522429449191,23.2380075993541));
#11050=CARTESIAN_POINT('',(50.,57.2357351286044,23.879208141804));
#11051=CARTESIAN_POINT('Ctrl Pts',(50.,56.681848238193,24.302127832413));
#11052=CARTESIAN_POINT('Ctrl Pts',(49.,56.681848238193,24.302127832413));
#11053=CARTESIAN_POINT('Ctrl Pts',(50.,56.7884220276558,24.2481817005341));
#11054=CARTESIAN_POINT('Ctrl Pts',(49.,56.7884220276558,24.2481817005341));
#11055=CARTESIAN_POINT('Ctrl Pts',(50.,56.9992715794134,24.1414526653458));
#11056=CARTESIAN_POINT('Ctrl Pts',(49.,56.9992715794134,24.1414526653458));
#11057=CARTESIAN_POINT('Ctrl Pts',(50.,57.157488742969,23.9659855169641));
#11058=CARTESIAN_POINT('Ctrl Pts',(49.,57.157488742969,23.9659855169641));
#11059=CARTESIAN_POINT('Ctrl Pts',(50.,57.2357351286044,23.879208141804));
#11060=CARTESIAN_POINT('Ctrl Pts',(49.,57.2357351286044,23.879208141804));
#11061=CARTESIAN_POINT('',(49.7,56.681848238193,24.302127832413));
#11062=CARTESIAN_POINT('Ctrl Pts',(49.7,56.681848238193,24.302127832413));
#11063=CARTESIAN_POINT('Ctrl Pts',(49.7,56.7884220276558,24.2481817005341));
#11064=CARTESIAN_POINT('Ctrl Pts',(49.7,56.8949958171186,24.1942355686552));
#11065=CARTESIAN_POINT('Ctrl Pts',(49.7,56.9881231290927,24.1227282824519));
#11066=CARTESIAN_POINT('Ctrl Pts',(49.7,57.0792423573336,24.0527628921241));
#11067=CARTESIAN_POINT('Ctrl Pts',(49.7,57.157488742969,23.9659855169641));
#11068=CARTESIAN_POINT('Ctrl Pts',(49.7,57.2357351286044,23.879208141804));
#11069=CARTESIAN_POINT('',(50.,56.681848238193,24.302127832413));
#11070=CARTESIAN_POINT('Ctrl Pts',(50.,56.681848238193,24.302127832413));
#11071=CARTESIAN_POINT('Ctrl Pts',(50.,56.7884220276558,24.2481817005341));
#11072=CARTESIAN_POINT('Ctrl Pts',(50.,56.9992715794134,24.1414526653458));
#11073=CARTESIAN_POINT('Ctrl Pts',(50.,57.157488742969,23.9659855169641));
#11074=CARTESIAN_POINT('Ctrl Pts',(50.,57.2357351286044,23.879208141804));
#11075=CARTESIAN_POINT('',(50.,56.681848238193,24.302127832413));
#11076=CARTESIAN_POINT('Ctrl Pts',(50.,55.8059961301913,24.4494675340655));
#11077=CARTESIAN_POINT('Ctrl Pts',(49.,55.8059961301913,24.4494675340655));
#11078=CARTESIAN_POINT('Ctrl Pts',(50.,55.9711020925407,24.4462538387305));
#11079=CARTESIAN_POINT('Ctrl Pts',(49.,55.9711020925407,24.4462538387305));
#11080=CARTESIAN_POINT('Ctrl Pts',(50.,56.2707987727579,24.4404204102497));
#11081=CARTESIAN_POINT('Ctrl Pts',(49.,56.2707987727579,24.4404204102497));
#11082=CARTESIAN_POINT('Ctrl Pts',(50.,56.5544592260411,24.3449863114039));
#11083=CARTESIAN_POINT('Ctrl Pts',(49.,56.5544592260411,24.3449863114039));
#11084=CARTESIAN_POINT('Ctrl Pts',(50.,56.681848238193,24.302127832413));
#11085=CARTESIAN_POINT('Ctrl Pts',(49.,56.681848238193,24.302127832413));
#11086=CARTESIAN_POINT('',(49.7,55.8059961301913,24.4494675340655));
#11087=CARTESIAN_POINT('Ctrl Pts',(49.7,55.8059961301913,24.4494675340655));
#11088=CARTESIAN_POINT('Ctrl Pts',(49.7,55.9558444702999,24.4465508198251));
#11089=CARTESIAN_POINT('Ctrl Pts',(49.7,56.1056928104085,24.4436341055847));
#11090=CARTESIAN_POINT('Ctrl Pts',(49.7,56.4006310563261,24.3967399223988));
#11091=CARTESIAN_POINT('Ctrl Pts',(49.7,56.522560166773,24.3557183607257));
#11092=CARTESIAN_POINT('Ctrl Pts',(49.7,56.681848238193,24.302127832413));
#11093=CARTESIAN_POINT('',(50.,55.8059961301913,24.4494675340655));
#11094=CARTESIAN_POINT('Ctrl Pts',(50.,55.8059961301913,24.4494675340655));
#11095=CARTESIAN_POINT('Ctrl Pts',(50.,55.9711020925407,24.4462538387305));
#11096=CARTESIAN_POINT('Ctrl Pts',(50.,56.2707987727579,24.4404204102497));
#11097=CARTESIAN_POINT('Ctrl Pts',(50.,56.5544592260411,24.3449863114039));
#11098=CARTESIAN_POINT('Ctrl Pts',(50.,56.681848238193,24.302127832413));
#11099=CARTESIAN_POINT('',(50.,55.8059961301913,24.4494675340655));
#11100=CARTESIAN_POINT('Origin',(50.,53.9697057706943,24.4494675340655));
#11101=CARTESIAN_POINT('',(49.7,53.9697057706943,24.4494675340655));
#11102=CARTESIAN_POINT('',(49.7,51.6218197485139,24.4494675340655));
#11103=CARTESIAN_POINT('',(50.,53.9697057706943,24.4494675340655));
#11104=CARTESIAN_POINT('',(50.,40.4848528853471,24.4494675340655));
#11105=CARTESIAN_POINT('',(50.,53.9697057706943,24.4494675340655));
#11106=CARTESIAN_POINT('Origin',(50.,33.9533335668674,23.3253200592997));
#11107=CARTESIAN_POINT('',(49.7,33.9533335668674,23.3253200592997));
#11108=CARTESIAN_POINT('',(49.7,32.7882585627666,23.2571073117258));
#11109=CARTESIAN_POINT('',(49.7,41.5618730005163,23.7707844096346));
#11110=CARTESIAN_POINT('',(50.,32.7882585627666,23.2571073117258));
#11111=CARTESIAN_POINT('',(50.,32.7882585627666,23.2571073117258));
#11112=CARTESIAN_POINT('',(50.,33.9533335668674,23.3253200592997));
#11113=CARTESIAN_POINT('',(50.,29.8080514569214,23.0826223092039));
#11114=CARTESIAN_POINT('',(50.,33.9533335668674,23.3253200592997));
#11115=CARTESIAN_POINT('Ctrl Pts',(50.,33.4731153351893,24.2311863842013));
#11116=CARTESIAN_POINT('Ctrl Pts',(49.,33.4731153351893,24.2311863842013));
#11117=CARTESIAN_POINT('Ctrl Pts',(50.,33.5947151862616,24.116246618437));
#11118=CARTESIAN_POINT('Ctrl Pts',(49.,33.5947151862616,24.116246618437));
#11119=CARTESIAN_POINT('Ctrl Pts',(50.,33.8555879701904,23.8696619687467));
#11120=CARTESIAN_POINT('Ctrl Pts',(49.,33.8555879701904,23.8696619687467));
#11121=CARTESIAN_POINT('Ctrl Pts',(50.,33.9193126705989,23.5147812756147));
#11122=CARTESIAN_POINT('Ctrl Pts',(49.,33.9193126705989,23.5147812756147));
#11123=CARTESIAN_POINT('Ctrl Pts',(50.,33.9533335668674,23.3253200592997));
#11124=CARTESIAN_POINT('Ctrl Pts',(49.,33.9533335668674,23.3253200592997));
#11125=CARTESIAN_POINT('',(49.7,33.4731153351893,24.2311863842013));
#11126=CARTESIAN_POINT('Ctrl Pts',(49.7,33.4731153351893,24.2311863842013));
#11127=CARTESIAN_POINT('Ctrl Pts',(49.7,33.5947151862616,24.116246618437));
#11128=CARTESIAN_POINT('Ctrl Pts',(49.7,33.716315037334,24.0013068526727));
#11129=CARTESIAN_POINT('Ctrl Pts',(49.7,33.79507965871,23.86283713007));
#11130=CARTESIAN_POINT('Ctrl Pts',(49.7,33.8852917743305,23.7042424919298));
#11131=CARTESIAN_POINT('Ctrl Pts',(49.7,33.9193126705989,23.5147812756147));
#11132=CARTESIAN_POINT('Ctrl Pts',(49.7,33.9533335668674,23.3253200592997));
#11133=CARTESIAN_POINT('',(50.,33.4731153351893,24.2311863842013));
#11134=CARTESIAN_POINT('Ctrl Pts',(50.,33.4731153351893,24.2311863842013));
#11135=CARTESIAN_POINT('Ctrl Pts',(50.,33.5947151862616,24.116246618437));
#11136=CARTESIAN_POINT('Ctrl Pts',(50.,33.8555879701904,23.8696619687467));
#11137=CARTESIAN_POINT('Ctrl Pts',(50.,33.9193126705989,23.5147812756147));
#11138=CARTESIAN_POINT('Ctrl Pts',(50.,33.9533335668674,23.3253200592997));
#11139=CARTESIAN_POINT('',(50.,33.4731153351893,24.2311863842013));
#11140=CARTESIAN_POINT('Ctrl Pts',(50.,32.3053116304507,24.5176802816393));
#11141=CARTESIAN_POINT('Ctrl Pts',(49.,32.3053116304507,24.5176802816393));
#11142=CARTESIAN_POINT('Ctrl Pts',(50.,32.5353334904001,24.5124089050289));
#11143=CARTESIAN_POINT('Ctrl Pts',(49.,32.5353334904001,24.5124089050289));
#11144=CARTESIAN_POINT('Ctrl Pts',(50.,32.9473585662568,24.5029665879021));
#11145=CARTESIAN_POINT('Ctrl Pts',(49.,32.9473585662568,24.5029665879021));
#11146=CARTESIAN_POINT('Ctrl Pts',(50.,33.3120297033138,24.3144566118643));
#11147=CARTESIAN_POINT('Ctrl Pts',(49.,33.3120297033138,24.3144566118643));
#11148=CARTESIAN_POINT('Ctrl Pts',(50.,33.4731153351893,24.2311863842013));
#11149=CARTESIAN_POINT('Ctrl Pts',(49.,33.4731153351893,24.2311863842013));
#11150=CARTESIAN_POINT('',(49.7,32.3053116304507,24.5176802816393));
#11151=CARTESIAN_POINT('Ctrl Pts',(49.7,32.3053116304507,24.5176802816393));
#11152=CARTESIAN_POINT('Ctrl Pts',(49.7,32.5353334904001,24.5124089050289));
#11153=CARTESIAN_POINT('Ctrl Pts',(49.7,32.7653553503495,24.5071375284186));
#11154=CARTESIAN_POINT('Ctrl Pts',(49.7,32.9806185466876,24.4460566582682));
#11155=CARTESIAN_POINT('Ctrl Pts',(49.7,33.1509440714383,24.3977268395274));
#11156=CARTESIAN_POINT('Ctrl Pts',(49.7,33.3120297033138,24.3144566118643));
#11157=CARTESIAN_POINT('Ctrl Pts',(49.7,33.4731153351893,24.2311863842013));
#11158=CARTESIAN_POINT('',(50.,32.3053116304507,24.5176802816393));
#11159=CARTESIAN_POINT('Ctrl Pts',(50.,32.3053116304507,24.5176802816393));
#11160=CARTESIAN_POINT('Ctrl Pts',(50.,32.5353334904001,24.5124089050289));
#11161=CARTESIAN_POINT('Ctrl Pts',(50.,32.9473585662568,24.5029665879021));
#11162=CARTESIAN_POINT('Ctrl Pts',(50.,33.3120297033138,24.3144566118643));
#11163=CARTESIAN_POINT('Ctrl Pts',(50.,33.4731153351893,24.2311863842013));
#11164=CARTESIAN_POINT('',(50.,32.3053116304507,24.5176802816393));
#11165=CARTESIAN_POINT('Ctrl Pts',(50.,31.3203185004821,24.359426373482));
#11166=CARTESIAN_POINT('Ctrl Pts',(49.,31.3203185004821,24.359426373482));
#11167=CARTESIAN_POINT('Ctrl Pts',(50.,31.4613171221327,24.405421586027));
#11168=CARTESIAN_POINT('Ctrl Pts',(49.,31.4613171221327,24.405421586027));
#11169=CARTESIAN_POINT('Ctrl Pts',(50.,31.7807569257821,24.5096261625837));
#11170=CARTESIAN_POINT('Ctrl Pts',(49.,31.7807569257821,24.5096261625837));
#11171=CARTESIAN_POINT('Ctrl Pts',(50.,32.1173105534419,24.5147936750693));
#11172=CARTESIAN_POINT('Ctrl Pts',(49.,32.1173105534419,24.5147936750693));
#11173=CARTESIAN_POINT('Ctrl Pts',(50.,32.3053116304507,24.5176802816393));
#11174=CARTESIAN_POINT('Ctrl Pts',(49.,32.3053116304507,24.5176802816393));
#11175=CARTESIAN_POINT('',(49.7,31.3203185004821,24.359426373482));
#11176=CARTESIAN_POINT('Ctrl Pts',(49.7,31.3203185004821,24.359426373482));
#11177=CARTESIAN_POINT('Ctrl Pts',(49.7,31.4613171221327,24.405421586027));
#11178=CARTESIAN_POINT('Ctrl Pts',(49.7,31.6023157437833,24.4514167985719));
#11179=CARTESIAN_POINT('Ctrl Pts',(49.7,31.7466486198535,24.4781168046));
#11180=CARTESIAN_POINT('Ctrl Pts',(49.7,31.929309476433,24.5119070684993));
#11181=CARTESIAN_POINT('Ctrl Pts',(49.7,32.1173105534419,24.5147936750693));
#11182=CARTESIAN_POINT('Ctrl Pts',(49.7,32.3053116304507,24.5176802816393));
#11183=CARTESIAN_POINT('',(50.,31.3203185004821,24.359426373482));
#11184=CARTESIAN_POINT('Ctrl Pts',(50.,31.3203185004821,24.359426373482));
#11185=CARTESIAN_POINT('Ctrl Pts',(50.,31.4613171221327,24.405421586027));
#11186=CARTESIAN_POINT('Ctrl Pts',(50.,31.7807569257821,24.5096261625837));
#11187=CARTESIAN_POINT('Ctrl Pts',(50.,32.1173105534419,24.5147936750693));
#11188=CARTESIAN_POINT('Ctrl Pts',(50.,32.3053116304507,24.5176802816393));
#11189=CARTESIAN_POINT('',(50.,31.3203185004821,24.359426373482));
#11190=CARTESIAN_POINT('Ctrl Pts',(50.,30.7828015042176,23.9283214750292));
#11191=CARTESIAN_POINT('Ctrl Pts',(49.,30.7828015042176,23.9283214750292));
#11192=CARTESIAN_POINT('Ctrl Pts',(50.,30.8526918381769,24.0162235706648));
#11193=CARTESIAN_POINT('Ctrl Pts',(49.,30.8526918381769,24.0162235706648));
#11194=CARTESIAN_POINT('Ctrl Pts',(50.,30.999043311838,24.2002919604607));
#11195=CARTESIAN_POINT('Ctrl Pts',(49.,30.999043311838,24.2002919604607));
#11196=CARTESIAN_POINT('Ctrl Pts',(50.,31.2100686061386,24.3048172631549));
#11197=CARTESIAN_POINT('Ctrl Pts',(49.,31.2100686061386,24.3048172631549));
#11198=CARTESIAN_POINT('Ctrl Pts',(50.,31.3203185004821,24.359426373482));
#11199=CARTESIAN_POINT('Ctrl Pts',(49.,31.3203185004821,24.359426373482));
#11200=CARTESIAN_POINT('',(49.7,30.7828015042176,23.9283214750292));
#11201=CARTESIAN_POINT('Ctrl Pts',(49.7,30.7828015042176,23.9283214750292));
#11202=CARTESIAN_POINT('Ctrl Pts',(49.7,30.8526918381769,24.0162235706648));
#11203=CARTESIAN_POINT('Ctrl Pts',(49.7,30.9225821721361,24.1041256663005));
#11204=CARTESIAN_POINT('Ctrl Pts',(49.7,31.0072217089763,24.173887545109));
#11205=CARTESIAN_POINT('Ctrl Pts',(49.7,31.0998187117951,24.2502081528279));
#11206=CARTESIAN_POINT('Ctrl Pts',(49.7,31.2100686061386,24.3048172631549));
#11207=CARTESIAN_POINT('Ctrl Pts',(49.7,31.3203185004821,24.359426373482));
#11208=CARTESIAN_POINT('',(50.,30.7828015042176,23.9283214750292));
#11209=CARTESIAN_POINT('Ctrl Pts',(50.,30.7828015042176,23.9283214750292));
#11210=CARTESIAN_POINT('Ctrl Pts',(50.,30.8526918381769,24.0162235706648));
#11211=CARTESIAN_POINT('Ctrl Pts',(50.,30.999043311838,24.2002919604607));
#11212=CARTESIAN_POINT('Ctrl Pts',(50.,31.2100686061386,24.3048172631549));
#11213=CARTESIAN_POINT('Ctrl Pts',(50.,31.3203185004821,24.359426373482));
#11214=CARTESIAN_POINT('',(50.,30.7828015042176,23.9283214750292));
#11215=CARTESIAN_POINT('Ctrl Pts',(50.,30.6054481444588,23.3471478762629));
#11216=CARTESIAN_POINT('Ctrl Pts',(49.,30.6054481444588,23.3471478762629));
#11217=CARTESIAN_POINT('Ctrl Pts',(50.,30.6132534591851,23.44907803336));
#11218=CARTESIAN_POINT('Ctrl Pts',(49.,30.6132534591851,23.44907803336));
#11219=CARTESIAN_POINT('Ctrl Pts',(50.,30.6290915944177,23.6559093616251));
#11220=CARTESIAN_POINT('Ctrl Pts',(49.,30.6290915944177,23.6559093616251));
#11221=CARTESIAN_POINT('Ctrl Pts',(50.,30.7310765490479,23.8366520155138));
#11222=CARTESIAN_POINT('Ctrl Pts',(49.,30.7310765490479,23.8366520155138));
#11223=CARTESIAN_POINT('Ctrl Pts',(50.,30.7828015042176,23.9283214750292));
#11224=CARTESIAN_POINT('Ctrl Pts',(49.,30.7828015042176,23.9283214750292));
#11225=CARTESIAN_POINT('',(49.7,30.6054481444588,23.3471478762629));
#11226=CARTESIAN_POINT('Ctrl Pts',(49.7,30.6054481444588,23.3471478762629));
#11227=CARTESIAN_POINT('Ctrl Pts',(49.7,30.6132534591851,23.44907803336));
#11228=CARTESIAN_POINT('Ctrl Pts',(49.7,30.6210587739115,23.5510081904572));
#11229=CARTESIAN_POINT('Ctrl Pts',(49.7,30.6497865123382,23.6466022076609));
#11230=CARTESIAN_POINT('Ctrl Pts',(49.7,30.6793515938781,23.7449825559983));
#11231=CARTESIAN_POINT('Ctrl Pts',(49.7,30.7310765490479,23.8366520155138));
#11232=CARTESIAN_POINT('Ctrl Pts',(49.7,30.7828015042176,23.9283214750292));
#11233=CARTESIAN_POINT('',(50.,30.6054481444588,23.3471478762629));
#11234=CARTESIAN_POINT('Ctrl Pts',(50.,30.6054481444588,23.3471478762629));
#11235=CARTESIAN_POINT('Ctrl Pts',(50.,30.6132534591851,23.44907803336));
#11236=CARTESIAN_POINT('Ctrl Pts',(50.,30.6290915944177,23.6559093616251));
#11237=CARTESIAN_POINT('Ctrl Pts',(50.,30.7310765490479,23.8366520155138));
#11238=CARTESIAN_POINT('Ctrl Pts',(50.,30.7828015042176,23.9283214750292));
#11239=CARTESIAN_POINT('',(50.,30.6054481444588,23.3471478762629));
#11240=CARTESIAN_POINT('Ctrl Pts',(50.,30.954697797977,22.5749792399409));
#11241=CARTESIAN_POINT('Ctrl Pts',(49.,30.954697797977,22.5749792399409));
#11242=CARTESIAN_POINT('Ctrl Pts',(50.,30.8528338452025,22.683205066118));
#11243=CARTESIAN_POINT('Ctrl Pts',(49.,30.8528338452025,22.683205066118));
#11244=CARTESIAN_POINT('Ctrl Pts',(50.,30.6482198685478,22.9005981288029));
#11245=CARTESIAN_POINT('Ctrl Pts',(49.,30.6482198685478,22.9005981288029));
#11246=CARTESIAN_POINT('Ctrl Pts',(50.,30.6197464866976,23.1978688548572));
#11247=CARTESIAN_POINT('Ctrl Pts',(49.,30.6197464866976,23.1978688548572));
#11248=CARTESIAN_POINT('Ctrl Pts',(50.,30.6054481444588,23.3471478762629));
#11249=CARTESIAN_POINT('Ctrl Pts',(49.,30.6054481444588,23.3471478762629));
#11250=CARTESIAN_POINT('',(49.7,30.954697797977,22.5749792399409));
#11251=CARTESIAN_POINT('Ctrl Pts',(49.7,30.954697797977,22.5749792399409));
#11252=CARTESIAN_POINT('Ctrl Pts',(49.7,30.8528338452025,22.683205066118));
#11253=CARTESIAN_POINT('Ctrl Pts',(49.7,30.750969892428,22.7914308922952));
#11254=CARTESIAN_POINT('Ctrl Pts',(49.7,30.6927605298986,22.9194535555842));
#11255=CARTESIAN_POINT('Ctrl Pts',(49.7,30.6340448289364,23.0485898334514));
#11256=CARTESIAN_POINT('Ctrl Pts',(49.7,30.6197464866976,23.1978688548572));
#11257=CARTESIAN_POINT('Ctrl Pts',(49.7,30.6054481444588,23.3471478762629));
#11258=CARTESIAN_POINT('',(50.,30.954697797977,22.5749792399409));
#11259=CARTESIAN_POINT('Ctrl Pts',(50.,30.954697797977,22.5749792399409));
#11260=CARTESIAN_POINT('Ctrl Pts',(50.,30.8528338452025,22.683205066118));
#11261=CARTESIAN_POINT('Ctrl Pts',(50.,30.6482198685478,22.9005981288029));
#11262=CARTESIAN_POINT('Ctrl Pts',(50.,30.6197464866976,23.1978688548572));
#11263=CARTESIAN_POINT('Ctrl Pts',(50.,30.6054481444588,23.3471478762629));
#11264=CARTESIAN_POINT('',(50.,30.954697797977,22.5749792399409));
#11265=CARTESIAN_POINT('Ctrl Pts',(50.,32.114315847837,22.0893039050104));
#11266=CARTESIAN_POINT('Ctrl Pts',(49.,32.114315847837,22.0893039050104));
#11267=CARTESIAN_POINT('Ctrl Pts',(50.,31.875549446806,22.1452086163879));
#11268=CARTESIAN_POINT('Ctrl Pts',(49.,31.875549446806,22.1452086163879));
#11269=CARTESIAN_POINT('Ctrl Pts',(50.,31.4605359442246,22.242379784439));
#11270=CARTESIAN_POINT('Ctrl Pts',(49.,31.4605359442246,22.242379784439));
#11271=CARTESIAN_POINT('Ctrl Pts',(50.,31.1054815750573,22.47583566501));
#11272=CARTESIAN_POINT('Ctrl Pts',(49.,31.1054815750573,22.47583566501));
#11273=CARTESIAN_POINT('Ctrl Pts',(50.,30.954697797977,22.5749792399409));
#11274=CARTESIAN_POINT('Ctrl Pts',(49.,30.954697797977,22.5749792399409));
#11275=CARTESIAN_POINT('',(49.7,32.114315847837,22.0893039050104));
#11276=CARTESIAN_POINT('Ctrl Pts',(49.7,32.114315847837,22.0893039050104));
#11277=CARTESIAN_POINT('Ctrl Pts',(49.7,31.875549446806,22.1452086163879));
#11278=CARTESIAN_POINT('Ctrl Pts',(49.7,31.6367830457749,22.2011133277653));
#11279=CARTESIAN_POINT('Ctrl Pts',(49.7,31.4178628427615,22.302127653599));
#11280=CARTESIAN_POINT('Ctrl Pts',(49.7,31.2562653521375,22.3766920900791));
#11281=CARTESIAN_POINT('Ctrl Pts',(49.7,31.1054815750573,22.47583566501));
#11282=CARTESIAN_POINT('Ctrl Pts',(49.7,30.954697797977,22.5749792399409));
#11283=CARTESIAN_POINT('',(50.,32.114315847837,22.0893039050104));
#11284=CARTESIAN_POINT('Ctrl Pts',(50.,32.114315847837,22.0893039050104));
#11285=CARTESIAN_POINT('Ctrl Pts',(50.,31.875549446806,22.1452086163879));
#11286=CARTESIAN_POINT('Ctrl Pts',(50.,31.4605359442246,22.242379784439));
#11287=CARTESIAN_POINT('Ctrl Pts',(50.,31.1054815750573,22.47583566501));
#11288=CARTESIAN_POINT('Ctrl Pts',(50.,30.954697797977,22.5749792399409));
#11289=CARTESIAN_POINT('',(50.,32.114315847837,22.0893039050104));
#11290=CARTESIAN_POINT('Ctrl Pts',(50.,32.7473307354083,21.8573798480036));
#11291=CARTESIAN_POINT('Ctrl Pts',(49.,32.7473307354083,21.8573798480036));
#11292=CARTESIAN_POINT('Ctrl Pts',(50.,32.6731168012225,21.9003852453939));
#11293=CARTESIAN_POINT('Ctrl Pts',(49.,32.6731168012225,21.9003852453939));
#11294=CARTESIAN_POINT('Ctrl Pts',(50.,32.4766130132924,22.0142550136707));
#11295=CARTESIAN_POINT('Ctrl Pts',(49.,32.4766130132924,22.0142550136707));
#11296=CARTESIAN_POINT('Ctrl Pts',(50.,32.2532937369279,22.0605150060305));
#11297=CARTESIAN_POINT('Ctrl Pts',(49.,32.2532937369279,22.0605150060305));
#11298=CARTESIAN_POINT('Ctrl Pts',(50.,32.114315847837,22.0893039050104));
#11299=CARTESIAN_POINT('Ctrl Pts',(49.,32.114315847837,22.0893039050104));
#11300=CARTESIAN_POINT('',(49.7,32.7473307354083,21.8573798480036));
#11301=CARTESIAN_POINT('Ctrl Pts',(49.7,32.7473307354083,21.8573798480036));
#11302=CARTESIAN_POINT('Ctrl Pts',(49.7,32.6731168012225,21.9003852453939));
#11303=CARTESIAN_POINT('Ctrl Pts',(49.7,32.5989028670367,21.9433906427843));
#11304=CARTESIAN_POINT('Ctrl Pts',(49.7,32.5208640796771,21.9767524542811));
#11305=CARTESIAN_POINT('Ctrl Pts',(49.7,32.3922716260188,22.0317261070505));
#11306=CARTESIAN_POINT('Ctrl Pts',(49.7,32.2532937369279,22.0605150060305));
#11307=CARTESIAN_POINT('Ctrl Pts',(49.7,32.114315847837,22.0893039050104));
#11308=CARTESIAN_POINT('',(50.,32.7473307354083,21.8573798480036));
#11309=CARTESIAN_POINT('Ctrl Pts',(50.,32.7473307354083,21.8573798480036));
#11310=CARTESIAN_POINT('Ctrl Pts',(50.,32.6731168012225,21.9003852453939));
#11311=CARTESIAN_POINT('Ctrl Pts',(50.,32.4766130132924,22.0142550136707));
#11312=CARTESIAN_POINT('Ctrl Pts',(50.,32.2532937369279,22.0605150060305));
#11313=CARTESIAN_POINT('Ctrl Pts',(50.,32.114315847837,22.0893039050104));
#11314=CARTESIAN_POINT('',(50.,32.7473307354083,21.8573798480036));
#11315=CARTESIAN_POINT('Ctrl Pts',(50.,32.8837565285792,21.579072052479));
#11316=CARTESIAN_POINT('Ctrl Pts',(49.,32.8837565285792,21.579072052479));
#11317=CARTESIAN_POINT('Ctrl Pts',(50.,32.877072624756,21.6304215299083));
#11318=CARTESIAN_POINT('Ctrl Pts',(49.,32.877072624756,21.6304215299083));
#11319=CARTESIAN_POINT('Ctrl Pts',(50.,32.8630435474605,21.7382007270658));
#11320=CARTESIAN_POINT('Ctrl Pts',(49.,32.8630435474605,21.7382007270658));
#11321=CARTESIAN_POINT('Ctrl Pts',(50.,32.7870949679293,21.8164244326734));
#11322=CARTESIAN_POINT('Ctrl Pts',(49.,32.7870949679293,21.8164244326734));
#11323=CARTESIAN_POINT('Ctrl Pts',(50.,32.7473307354083,21.8573798480036));
#11324=CARTESIAN_POINT('Ctrl Pts',(49.,32.7473307354083,21.8573798480036));
#11325=CARTESIAN_POINT('',(49.7,32.8837565285792,21.579072052479));
#11326=CARTESIAN_POINT('Ctrl Pts',(49.7,32.8837565285792,21.579072052479));
#11327=CARTESIAN_POINT('Ctrl Pts',(49.7,32.877072624756,21.6304215299083));
#11328=CARTESIAN_POINT('Ctrl Pts',(49.7,32.8703887209328,21.6817710073377));
#11329=CARTESIAN_POINT('Ctrl Pts',(49.7,32.8496498567691,21.7264117541315));
#11330=CARTESIAN_POINT('Ctrl Pts',(49.7,32.8268592004503,21.7754690173433));
#11331=CARTESIAN_POINT('Ctrl Pts',(49.7,32.7870949679293,21.8164244326734));
#11332=CARTESIAN_POINT('Ctrl Pts',(49.7,32.7473307354083,21.8573798480036));
#11333=CARTESIAN_POINT('',(50.,32.8837565285792,21.579072052479));
#11334=CARTESIAN_POINT('Ctrl Pts',(50.,32.8837565285792,21.579072052479));
#11335=CARTESIAN_POINT('Ctrl Pts',(50.,32.877072624756,21.6304215299083));
#11336=CARTESIAN_POINT('Ctrl Pts',(50.,32.8630435474605,21.7382007270658));
#11337=CARTESIAN_POINT('Ctrl Pts',(50.,32.7870949679293,21.8164244326734));
#11338=CARTESIAN_POINT('Ctrl Pts',(50.,32.7473307354083,21.8573798480036));
#11339=CARTESIAN_POINT('',(50.,32.8837565285792,21.579072052479));
#11340=CARTESIAN_POINT('Ctrl Pts',(50.,32.7391452295413,21.2898494544032));
#11341=CARTESIAN_POINT('Ctrl Pts',(49.,32.7391452295413,21.2898494544032));
#11342=CARTESIAN_POINT('Ctrl Pts',(50.,32.781298089039,21.3319459679471));
#11343=CARTESIAN_POINT('Ctrl Pts',(49.,32.781298089039,21.3319459679471));
#11344=CARTESIAN_POINT('Ctrl Pts',(50.,32.861983757089,21.412523783031));
#11345=CARTESIAN_POINT('Ctrl Pts',(49.,32.861983757089,21.412523783031));
#11346=CARTESIAN_POINT('Ctrl Pts',(50.,32.8767193137163,21.5252417003033));
#11347=CARTESIAN_POINT('Ctrl Pts',(49.,32.8767193137163,21.5252417003033));
#11348=CARTESIAN_POINT('Ctrl Pts',(50.,32.8837565285792,21.579072052479));
#11349=CARTESIAN_POINT('Ctrl Pts',(49.,32.8837565285792,21.579072052479));
#11350=CARTESIAN_POINT('',(49.7,32.7391452295413,21.2898494544032));
#11351=CARTESIAN_POINT('Ctrl Pts',(49.7,32.7391452295413,21.2898494544032));
#11352=CARTESIAN_POINT('Ctrl Pts',(49.7,32.781298089039,21.3319459679471));
#11353=CARTESIAN_POINT('Ctrl Pts',(49.7,32.8234509485367,21.374042481491));
#11354=CARTESIAN_POINT('Ctrl Pts',(49.7,32.8476036293139,21.4249111952784));
#11355=CARTESIAN_POINT('Ctrl Pts',(49.7,32.8696820988533,21.4714113481276));
#11356=CARTESIAN_POINT('Ctrl Pts',(49.7,32.8767193137163,21.5252417003033));
#11357=CARTESIAN_POINT('Ctrl Pts',(49.7,32.8837565285792,21.579072052479));
#11358=CARTESIAN_POINT('',(50.,32.7391452295413,21.2898494544032));
#11359=CARTESIAN_POINT('Ctrl Pts',(50.,32.7391452295413,21.2898494544032));
#11360=CARTESIAN_POINT('Ctrl Pts',(50.,32.781298089039,21.3319459679471));
#11361=CARTESIAN_POINT('Ctrl Pts',(50.,32.861983757089,21.412523783031));
#11362=CARTESIAN_POINT('Ctrl Pts',(50.,32.8767193137163,21.5252417003033));
#11363=CARTESIAN_POINT('Ctrl Pts',(50.,32.8837565285792,21.579072052479));
#11364=CARTESIAN_POINT('',(50.,32.7391452295413,21.2898494544032));
#11365=CARTESIAN_POINT('Ctrl Pts',(50.,32.3325968486896,21.1670662703516));
#11366=CARTESIAN_POINT('Ctrl Pts',(49.,32.3325968486896,21.1670662703516));
#11367=CARTESIAN_POINT('Ctrl Pts',(50.,32.4129360367489,21.1699724113952));
#11368=CARTESIAN_POINT('Ctrl Pts',(49.,32.4129360367489,21.1699724113952));
#11369=CARTESIAN_POINT('Ctrl Pts',(50.,32.5598718851681,21.1752875796235));
#11370=CARTESIAN_POINT('Ctrl Pts',(49.,32.5598718851681,21.1752875796235));
#11371=CARTESIAN_POINT('Ctrl Pts',(50.,32.6832333400822,21.2541198209693));
#11372=CARTESIAN_POINT('Ctrl Pts',(49.,32.6832333400822,21.2541198209693));
#11373=CARTESIAN_POINT('Ctrl Pts',(50.,32.7391452295413,21.2898494544032));
#11374=CARTESIAN_POINT('Ctrl Pts',(49.,32.7391452295413,21.2898494544032));
#11375=CARTESIAN_POINT('',(49.7,32.3325968486896,21.1670662703516));
#11376=CARTESIAN_POINT('Ctrl Pts',(49.7,32.3325968486896,21.1670662703516));
#11377=CARTESIAN_POINT('Ctrl Pts',(49.7,32.4129360367489,21.1699724113952));
#11378=CARTESIAN_POINT('Ctrl Pts',(49.7,32.4932752248083,21.1728785524387));
#11379=CARTESIAN_POINT('Ctrl Pts',(49.7,32.5665668351283,21.197762662411));
#11380=CARTESIAN_POINT('Ctrl Pts',(49.7,32.627321450623,21.2183901875354));
#11381=CARTESIAN_POINT('Ctrl Pts',(49.7,32.6832333400822,21.2541198209693));
#11382=CARTESIAN_POINT('Ctrl Pts',(49.7,32.7391452295413,21.2898494544032));
#11383=CARTESIAN_POINT('',(50.,32.3325968486896,21.1670662703516));
#11384=CARTESIAN_POINT('Ctrl Pts',(50.,32.3325968486896,21.1670662703516));
#11385=CARTESIAN_POINT('Ctrl Pts',(50.,32.4129360367489,21.1699724113952));
#11386=CARTESIAN_POINT('Ctrl Pts',(50.,32.5598718851681,21.1752875796235));
#11387=CARTESIAN_POINT('Ctrl Pts',(50.,32.6832333400822,21.2541198209693));
#11388=CARTESIAN_POINT('Ctrl Pts',(50.,32.7391452295413,21.2898494544032));
#11389=CARTESIAN_POINT('',(50.,32.3325968486896,21.1670662703516));
#11390=CARTESIAN_POINT('Ctrl Pts',(50.,31.7868942720523,21.4099039378168));
#11391=CARTESIAN_POINT('Ctrl Pts',(49.,31.7868942720523,21.4099039378168));
#11392=CARTESIAN_POINT('Ctrl Pts',(50.,31.8595955122256,21.3391078873434));
#11393=CARTESIAN_POINT('Ctrl Pts',(49.,31.8595955122256,21.3391078873434));
#11394=CARTESIAN_POINT('Ctrl Pts',(50.,32.011089869798,21.1915835513132));
#11395=CARTESIAN_POINT('Ctrl Pts',(49.,32.011089869798,21.1915835513132));
#11396=CARTESIAN_POINT('Ctrl Pts',(50.,32.2225928758918,21.175454885483));
#11397=CARTESIAN_POINT('Ctrl Pts',(49.,32.2225928758918,21.175454885483));
#11398=CARTESIAN_POINT('Ctrl Pts',(50.,32.3325968486896,21.1670662703516));
#11399=CARTESIAN_POINT('Ctrl Pts',(49.,32.3325968486896,21.1670662703516));
#11400=CARTESIAN_POINT('',(49.7,31.7868942720523,21.4099039378168));
#11401=CARTESIAN_POINT('Ctrl Pts',(49.7,31.7868942720523,21.4099039378168));
#11402=CARTESIAN_POINT('Ctrl Pts',(49.7,31.8676327974363,21.3312812251284));
#11403=CARTESIAN_POINT('Ctrl Pts',(49.7,31.9381618982207,21.2626003915267));
#11404=CARTESIAN_POINT('Ctrl Pts',(49.7,32.1210938425957,21.1831949361818));
#11405=CARTESIAN_POINT('Ctrl Pts',(49.7,32.2268453456426,21.1751306032667));
#11406=CARTESIAN_POINT('Ctrl Pts',(49.7,32.3325968486896,21.1670662703516));
#11407=CARTESIAN_POINT('',(50.,31.7868942720523,21.4099039378168));
#11408=CARTESIAN_POINT('Ctrl Pts',(50.,31.7868942720523,21.4099039378168));
#11409=CARTESIAN_POINT('Ctrl Pts',(50.,31.8595955122256,21.3391078873434));
#11410=CARTESIAN_POINT('Ctrl Pts',(50.,32.011089869798,21.1915835513132));
#11411=CARTESIAN_POINT('Ctrl Pts',(50.,32.2225928758918,21.175454885483));
#11412=CARTESIAN_POINT('Ctrl Pts',(50.,32.3325968486896,21.1670662703516));
#11413=CARTESIAN_POINT('',(50.,31.7868942720523,21.4099039378168));
#11414=CARTESIAN_POINT('Ctrl Pts',(50.,31.6313690645328,21.8464662375452));
#11415=CARTESIAN_POINT('Ctrl Pts',(49.,31.6313690645328,21.8464662375452));
#11416=CARTESIAN_POINT('Ctrl Pts',(50.,31.6448575846531,21.7601631555541));
#11417=CARTESIAN_POINT('Ctrl Pts',(49.,31.6448575846531,21.7601631555541));
#11418=CARTESIAN_POINT('Ctrl Pts',(50.,31.6692016002873,21.6044037721273));
#11419=CARTESIAN_POINT('Ctrl Pts',(49.,31.6692016002873,21.6044037721273));
#11420=CARTESIAN_POINT('Ctrl Pts',(50.,31.7505979648397,21.4698875003706));
#11421=CARTESIAN_POINT('Ctrl Pts',(49.,31.7505979648397,21.4698875003706));
#11422=CARTESIAN_POINT('Ctrl Pts',(50.,31.7868942720523,21.4099039378168));
#11423=CARTESIAN_POINT('Ctrl Pts',(49.,31.7868942720523,21.4099039378168));
#11424=CARTESIAN_POINT('',(49.7,31.6313690645328,21.8464662375452));
#11425=CARTESIAN_POINT('Ctrl Pts',(49.7,31.6313690645328,21.8464662375452));
#11426=CARTESIAN_POINT('Ctrl Pts',(49.7,31.6448575846531,21.7601631555541));
#11427=CARTESIAN_POINT('Ctrl Pts',(49.7,31.6583461047734,21.6738600735629));
#11428=CARTESIAN_POINT('Ctrl Pts',(49.7,31.6893499297729,21.5940787138941));
#11429=CARTESIAN_POINT('Ctrl Pts',(49.7,31.714301657627,21.5298710629244));
#11430=CARTESIAN_POINT('Ctrl Pts',(49.7,31.7505979648397,21.4698875003706));
#11431=CARTESIAN_POINT('Ctrl Pts',(49.7,31.7868942720523,21.4099039378168));
#11432=CARTESIAN_POINT('',(50.,31.6313690645328,21.8464662375452));
#11433=CARTESIAN_POINT('Ctrl Pts',(50.,31.6313690645328,21.8464662375452));
#11434=CARTESIAN_POINT('Ctrl Pts',(50.,31.6448575846531,21.7601631555541));
#11435=CARTESIAN_POINT('Ctrl Pts',(50.,31.6692016002873,21.6044037721273));
#11436=CARTESIAN_POINT('Ctrl Pts',(50.,31.7505979648397,21.4698875003706));
#11437=CARTESIAN_POINT('Ctrl Pts',(50.,31.7868942720523,21.4099039378168));
#11438=CARTESIAN_POINT('',(50.,31.6313690645328,21.8464662375452));
#11439=CARTESIAN_POINT('Origin',(50.,30.4553799284329,21.7727960886957));
#11440=CARTESIAN_POINT('',(49.7,30.4553799284329,21.7727960886957));
#11441=CARTESIAN_POINT('',(49.7,39.8489448432992,22.3612584343605));
#11442=CARTESIAN_POINT('',(50.,30.4553799284329,21.7727960886957));
#11443=CARTESIAN_POINT('',(50.,28.0551283114015,21.6224316946084));
#11444=CARTESIAN_POINT('',(50.,30.4553799284329,21.7727960886957));
#11445=CARTESIAN_POINT('Origin',(50.,40.8128149015536,23.4126325192454));
#11446=CARTESIAN_POINT('',(49.7,40.8128149015536,23.4126325192454));
#11447=CARTESIAN_POINT('',(49.7,40.3735239011874,21.974706226826));
#11448=CARTESIAN_POINT('',(49.7,41.0391998195295,24.153655725943));
#11449=CARTESIAN_POINT('',(50.,40.3735239011874,21.974706226826));
#11450=CARTESIAN_POINT('',(50.,40.3735239011874,21.974706226826));
#11451=CARTESIAN_POINT('',(50.,40.8128149015536,23.4126325192454));
#11452=CARTESIAN_POINT('',(50.,36.9522256784366,10.7758092209684));
#11453=CARTESIAN_POINT('',(50.,40.8128149015536,23.4126325192454));
#11454=CARTESIAN_POINT('Origin',(50.,41.2548334104648,21.974706226826));
#11455=CARTESIAN_POINT('',(49.7,41.2548334104648,21.974706226826));
#11456=CARTESIAN_POINT('',(49.7,41.5345244018115,21.0648460691573));
#11457=CARTESIAN_POINT('',(50.,41.2548334104648,21.974706226826));
#11458=CARTESIAN_POINT('',(50.,43.7253876760775,13.937769167053));
#11459=CARTESIAN_POINT('',(50.,41.2548334104648,21.974706226826));
#11460=CARTESIAN_POINT('Origin',(50.,38.6491037113299,20.4494674744608));
#11461=CARTESIAN_POINT('',(49.7,38.6491037113299,20.4494674744608));
#11462=CARTESIAN_POINT('',(49.7,40.1525146467319,24.4494675340655));
#11463=CARTESIAN_POINT('',(49.7,39.6357771174693,23.0746270967784));
#11464=CARTESIAN_POINT('',(50.,40.1525146467319,24.4494675340655));
#11465=CARTESIAN_POINT('',(50.,40.1525146467319,24.4494675340655));
#11466=CARTESIAN_POINT('',(50.,38.6491037113299,20.4494674744608));
#11467=CARTESIAN_POINT('',(50.,34.5608333593613,9.57214759705642));
#11468=CARTESIAN_POINT('',(50.,38.6491037113299,20.4494674744608));
#11469=CARTESIAN_POINT('Origin',(50.,39.912405083858,20.4494674744608));
#11470=CARTESIAN_POINT('',(49.7,39.912405083858,20.4494674744608));
#11471=CARTESIAN_POINT('',(49.7,44.5931694050958,20.4494674744608));
#11472=CARTESIAN_POINT('',(50.,39.912405083858,20.4494674744608));
#11473=CARTESIAN_POINT('',(50.,33.456202541929,20.4494674744608));
#11474=CARTESIAN_POINT('',(50.,39.912405083858,20.4494674744608));
#11475=CARTESIAN_POINT('Origin',(50.,40.1061297161212,21.1097677292826));
#11476=CARTESIAN_POINT('',(49.7,40.1061297161212,21.1097677292826));
#11477=CARTESIAN_POINT('',(49.7,40.65019287861,22.9641785010756));
#11478=CARTESIAN_POINT('',(50.,40.1061297161212,21.1097677292826));
#11479=CARTESIAN_POINT('',(50.,36.7355108984957,9.62119016336124));
#11480=CARTESIAN_POINT('',(50.,40.1061297161212,21.1097677292826));
#11481=CARTESIAN_POINT('Origin',(50.,41.514042089664,21.1097677292826));
#11482=CARTESIAN_POINT('',(49.7,41.514042089664,21.1097677292826));
#11483=CARTESIAN_POINT('',(49.7,45.3939879079988,21.1097677292826));
#11484=CARTESIAN_POINT('',(50.,41.514042089664,21.1097677292826));
#11485=CARTESIAN_POINT('',(50.,34.257021044832,21.1097677292826));
#11486=CARTESIAN_POINT('',(50.,41.514042089664,21.1097677292826));
#11487=CARTESIAN_POINT('Ctrl Pts',(50.,37.7705229026904,24.2120866718295));
#11488=CARTESIAN_POINT('Ctrl Pts',(49.,37.7705229026904,24.2120866718295));
#11489=CARTESIAN_POINT('Ctrl Pts',(50.,37.9076461958498,24.0907564367068));
#11490=CARTESIAN_POINT('Ctrl Pts',(49.,37.9076461958498,24.0907564367068));
#11491=CARTESIAN_POINT('Ctrl Pts',(50.,38.1998250393606,23.832229041658));
#11492=CARTESIAN_POINT('Ctrl Pts',(49.,38.1998250393606,23.832229041658));
#11493=CARTESIAN_POINT('Ctrl Pts',(50.,38.3400412226412,23.4671964303596));
#11494=CARTESIAN_POINT('Ctrl Pts',(49.,38.3400412226412,23.4671964303596));
#11495=CARTESIAN_POINT('Ctrl Pts',(50.,38.4144521457782,23.2734783234599));
#11496=CARTESIAN_POINT('Ctrl Pts',(49.,38.4144521457782,23.2734783234599));
#11497=CARTESIAN_POINT('',(49.7,37.7705229026904,24.2120866718295));
#11498=CARTESIAN_POINT('',(49.7,38.4144521457782,23.2734783234599));
#11499=CARTESIAN_POINT('Ctrl Pts',(49.7,37.7705229026904,24.2120866718295));
#11500=CARTESIAN_POINT('Ctrl Pts',(49.7,37.9076461958498,24.0907564367068));
#11501=CARTESIAN_POINT('Ctrl Pts',(49.7,38.0447694890092,23.9694262015842));
#11502=CARTESIAN_POINT('Ctrl Pts',(49.7,38.1484223110309,23.8246377053263));
#11503=CARTESIAN_POINT('Ctrl Pts',(49.7,38.2656302995042,23.6609145372594));
#11504=CARTESIAN_POINT('Ctrl Pts',(49.7,38.3400412226412,23.4671964303596));
#11505=CARTESIAN_POINT('Ctrl Pts',(49.7,38.4144521457782,23.2734783234599));
#11506=CARTESIAN_POINT('',(50.,38.4144521457782,23.2734783234599));
#11507=CARTESIAN_POINT('',(50.,38.4144521457782,23.2734783234599));
#11508=CARTESIAN_POINT('',(50.,37.7705229026904,24.2120866718295));
#11509=CARTESIAN_POINT('Ctrl Pts',(50.,37.7705229026904,24.2120866718295));
#11510=CARTESIAN_POINT('Ctrl Pts',(50.,37.9076461958498,24.0907564367068));
#11511=CARTESIAN_POINT('Ctrl Pts',(50.,38.1998250393606,23.832229041658));
#11512=CARTESIAN_POINT('Ctrl Pts',(50.,38.3400412226412,23.4671964303596));
#11513=CARTESIAN_POINT('Ctrl Pts',(50.,38.4144521457782,23.2734783234599));
#11514=CARTESIAN_POINT('',(50.,37.7705229026904,24.2120866718295));
#11515=CARTESIAN_POINT('Ctrl Pts',(50.,36.5836197836032,24.5176802816393));
#11516=CARTESIAN_POINT('Ctrl Pts',(49.,36.5836197836032,24.5176802816393));
#11517=CARTESIAN_POINT('Ctrl Pts',(50.,36.8135028992504,24.510542691901));
#11518=CARTESIAN_POINT('Ctrl Pts',(49.,36.8135028992504,24.510542691901));
#11519=CARTESIAN_POINT('Ctrl Pts',(50.,37.2334083460744,24.4975051410575));
#11520=CARTESIAN_POINT('Ctrl Pts',(49.,37.2334083460744,24.4975051410575));
#11521=CARTESIAN_POINT('Ctrl Pts',(50.,37.6031854508831,24.301008483296));
#11522=CARTESIAN_POINT('Ctrl Pts',(49.,37.6031854508831,24.301008483296));
#11523=CARTESIAN_POINT('Ctrl Pts',(50.,37.7705229026904,24.2120866718295));
#11524=CARTESIAN_POINT('Ctrl Pts',(49.,37.7705229026904,24.2120866718295));
#11525=CARTESIAN_POINT('',(49.7,36.5836197836032,24.5176802816393));
#11526=CARTESIAN_POINT('Ctrl Pts',(49.7,36.5836197836032,24.5176802816393));
#11527=CARTESIAN_POINT('Ctrl Pts',(49.7,36.8135028992504,24.510542691901));
#11528=CARTESIAN_POINT('Ctrl Pts',(49.7,37.0433860148976,24.5034051021627));
#11529=CARTESIAN_POINT('Ctrl Pts',(49.7,37.2582448227038,24.4412817301753));
#11530=CARTESIAN_POINT('Ctrl Pts',(49.7,37.4358479990757,24.3899302947626));
#11531=CARTESIAN_POINT('Ctrl Pts',(49.7,37.6031854508831,24.301008483296));
#11532=CARTESIAN_POINT('Ctrl Pts',(49.7,37.7705229026904,24.2120866718295));
#11533=CARTESIAN_POINT('',(50.,36.5836197836032,24.5176802816393));
#11534=CARTESIAN_POINT('Ctrl Pts',(50.,36.5836197836032,24.5176802816393));
#11535=CARTESIAN_POINT('Ctrl Pts',(50.,36.8135028992504,24.510542691901));
#11536=CARTESIAN_POINT('Ctrl Pts',(50.,37.2334083460744,24.4975051410575));
#11537=CARTESIAN_POINT('Ctrl Pts',(50.,37.6031854508831,24.301008483296));
#11538=CARTESIAN_POINT('Ctrl Pts',(50.,37.7705229026904,24.2120866718295));
#11539=CARTESIAN_POINT('',(50.,36.5836197836032,24.5176802816393));
#11540=CARTESIAN_POINT('Ctrl Pts',(50.,35.0883946520915,23.9828916134837));
#11541=CARTESIAN_POINT('Ctrl Pts',(49.,35.0883946520915,23.9828916134837));
#11542=CARTESIAN_POINT('Ctrl Pts',(50.,35.2929618220425,24.1386688425863));
#11543=CARTESIAN_POINT('Ctrl Pts',(49.,35.2929618220425,24.1386688425863));
#11544=CARTESIAN_POINT('Ctrl Pts',(50.,35.7327861517875,24.4735936274187));
#11545=CARTESIAN_POINT('Ctrl Pts',(49.,35.7327861517875,24.4735936274187));
#11546=CARTESIAN_POINT('Ctrl Pts',(50.,36.2871152774363,24.50231665337));
#11547=CARTESIAN_POINT('Ctrl Pts',(49.,36.2871152774363,24.50231665337));
#11548=CARTESIAN_POINT('Ctrl Pts',(50.,36.5836197836032,24.5176802816393));
#11549=CARTESIAN_POINT('Ctrl Pts',(49.,36.5836197836032,24.5176802816393));
#11550=CARTESIAN_POINT('',(49.7,35.0883946520915,23.9828916134837));
#11551=CARTESIAN_POINT('Ctrl Pts',(49.7,35.0883946520915,23.9828916134837));
#11552=CARTESIAN_POINT('Ctrl Pts',(49.7,35.2929618220425,24.1386688425863));
#11553=CARTESIAN_POINT('Ctrl Pts',(49.7,35.4975289919935,24.294446071689));
#11554=CARTESIAN_POINT('Ctrl Pts',(49.7,35.7268667919269,24.3839831891062));
#11555=CARTESIAN_POINT('Ctrl Pts',(49.7,35.9906107712694,24.4869530251007));
#11556=CARTESIAN_POINT('Ctrl Pts',(49.7,36.2871152774363,24.50231665337));
#11557=CARTESIAN_POINT('Ctrl Pts',(49.7,36.5836197836032,24.5176802816393));
#11558=CARTESIAN_POINT('',(50.,35.0883946520915,23.9828916134837));
#11559=CARTESIAN_POINT('Ctrl Pts',(50.,35.0883946520915,23.9828916134837));
#11560=CARTESIAN_POINT('Ctrl Pts',(50.,35.2929618220425,24.1386688425863));
#11561=CARTESIAN_POINT('Ctrl Pts',(50.,35.7327861517875,24.4735936274187));
#11562=CARTESIAN_POINT('Ctrl Pts',(50.,36.2871152774363,24.50231665337));
#11563=CARTESIAN_POINT('Ctrl Pts',(50.,36.5836197836032,24.5176802816393));
#11564=CARTESIAN_POINT('',(50.,35.0883946520915,23.9828916134837));
#11565=CARTESIAN_POINT('Ctrl Pts',(50.,34.5617917878261,22.4576528611185));
#11566=CARTESIAN_POINT('Ctrl Pts',(49.,34.5617917878261,22.4576528611185));
#11567=CARTESIAN_POINT('Ctrl Pts',(50.,34.5759505142722,22.761080288133));
#11568=CARTESIAN_POINT('Ctrl Pts',(49.,34.5759505142722,22.761080288133));
#11569=CARTESIAN_POINT('Ctrl Pts',(50.,34.6022040236148,23.3237039690315));
#11570=CARTESIAN_POINT('Ctrl Pts',(49.,34.6022040236148,23.3237039690315));
#11571=CARTESIAN_POINT('Ctrl Pts',(50.,34.9350535316816,23.7749884453841));
#11572=CARTESIAN_POINT('Ctrl Pts',(49.,34.9350535316816,23.7749884453841));
#11573=CARTESIAN_POINT('Ctrl Pts',(50.,35.0883946520915,23.9828916134837));
#11574=CARTESIAN_POINT('Ctrl Pts',(49.,35.0883946520915,23.9828916134837));
#11575=CARTESIAN_POINT('',(49.7,34.5617917878261,22.4576528611185));
#11576=CARTESIAN_POINT('Ctrl Pts',(49.7,34.5617917878261,22.4576528611185));
#11577=CARTESIAN_POINT('Ctrl Pts',(49.7,34.5759505142722,22.761080288133));
#11578=CARTESIAN_POINT('Ctrl Pts',(49.7,34.5901092407182,23.0645077151474));
#11579=CARTESIAN_POINT('Ctrl Pts',(49.7,34.6934423548808,23.3355517926218));
#11580=CARTESIAN_POINT('Ctrl Pts',(49.7,34.7817124112718,23.5670852772845));
#11581=CARTESIAN_POINT('Ctrl Pts',(49.7,34.9350535316816,23.7749884453841));
#11582=CARTESIAN_POINT('Ctrl Pts',(49.7,35.0883946520915,23.9828916134837));
#11583=CARTESIAN_POINT('',(50.,34.5617917878261,22.4576528611185));
#11584=CARTESIAN_POINT('Ctrl Pts',(50.,34.5617917878261,22.4576528611185));
#11585=CARTESIAN_POINT('Ctrl Pts',(50.,34.5759505142722,22.761080288133));
#11586=CARTESIAN_POINT('Ctrl Pts',(50.,34.6022040236148,23.3237039690315));
#11587=CARTESIAN_POINT('Ctrl Pts',(50.,34.9350535316816,23.7749884453841));
#11588=CARTESIAN_POINT('Ctrl Pts',(50.,35.0883946520915,23.9828916134837));
#11589=CARTESIAN_POINT('',(50.,34.5617917878261,22.4576528611185));
#11590=CARTESIAN_POINT('Ctrl Pts',(50.,34.8619282943835,21.2352790179255));
#11591=CARTESIAN_POINT('Ctrl Pts',(49.,34.8619282943835,21.2352790179255));
#11592=CARTESIAN_POINT('Ctrl Pts',(50.,34.7745135872324,21.4135484080858));
#11593=CARTESIAN_POINT('Ctrl Pts',(49.,34.7745135872324,21.4135484080858));
#11594=CARTESIAN_POINT('Ctrl Pts',(50.,34.585863812258,21.7982717736908));
#11595=CARTESIAN_POINT('Ctrl Pts',(49.,34.585863812258,21.7982717736908));
#11596=CARTESIAN_POINT('Ctrl Pts',(50.,34.5701983433482,22.2273804244403));
#11597=CARTESIAN_POINT('Ctrl Pts',(49.,34.5701983433482,22.2273804244403));
#11598=CARTESIAN_POINT('Ctrl Pts',(50.,34.5617917878261,22.4576528611185));
#11599=CARTESIAN_POINT('Ctrl Pts',(49.,34.5617917878261,22.4576528611185));
#11600=CARTESIAN_POINT('',(49.7,34.8619282943835,21.2352790179255));
#11601=CARTESIAN_POINT('Ctrl Pts',(49.7,34.8619282943835,21.2352790179255));
#11602=CARTESIAN_POINT('Ctrl Pts',(49.7,34.7745135872324,21.4135484080858));
#11603=CARTESIAN_POINT('Ctrl Pts',(49.7,34.6870988800812,21.5918177982462));
#11604=CARTESIAN_POINT('Ctrl Pts',(49.7,34.6368259889712,21.7796172442439));
#11605=CARTESIAN_POINT('Ctrl Pts',(49.7,34.5786048988704,21.9971079877621));
#11606=CARTESIAN_POINT('Ctrl Pts',(49.7,34.5701983433482,22.2273804244403));
#11607=CARTESIAN_POINT('Ctrl Pts',(49.7,34.5617917878261,22.4576528611185));
#11608=CARTESIAN_POINT('',(50.,34.8619282943835,21.2352790179255));
#11609=CARTESIAN_POINT('Ctrl Pts',(50.,34.8619282943835,21.2352790179255));
#11610=CARTESIAN_POINT('Ctrl Pts',(50.,34.7745135872324,21.4135484080858));
#11611=CARTESIAN_POINT('Ctrl Pts',(50.,34.585863812258,21.7982717736908));
#11612=CARTESIAN_POINT('Ctrl Pts',(50.,34.5701983433482,22.2273804244403));
#11613=CARTESIAN_POINT('Ctrl Pts',(50.,34.5617917878261,22.4576528611185));
#11614=CARTESIAN_POINT('',(50.,34.8619282943835,21.2352790179255));
#11615=CARTESIAN_POINT('Ctrl Pts',(50.,35.5740702850451,20.5667932572367));
#11616=CARTESIAN_POINT('Ctrl Pts',(49.,35.5740702850451,20.5667932572367));
#11617=CARTESIAN_POINT('Ctrl Pts',(50.,35.4388659493624,20.646541570539));
#11618=CARTESIAN_POINT('Ctrl Pts',(49.,35.4388659493624,20.646541570539));
#11619=CARTESIAN_POINT('Ctrl Pts',(50.,35.1519934778927,20.8157491304668));
#11620=CARTESIAN_POINT('Ctrl Pts',(49.,35.1519934778927,20.8157491304668));
#11621=CARTESIAN_POINT('Ctrl Pts',(50.,34.9622465885427,21.0901856904551));
#11622=CARTESIAN_POINT('Ctrl Pts',(49.,34.9622465885427,21.0901856904551));
#11623=CARTESIAN_POINT('Ctrl Pts',(50.,34.8619282943835,21.2352790179255));
#11624=CARTESIAN_POINT('Ctrl Pts',(49.,34.8619282943835,21.2352790179255));
#11625=CARTESIAN_POINT('',(49.7,35.5740702850451,20.5667932572367));
#11626=CARTESIAN_POINT('Ctrl Pts',(49.7,35.5740702850451,20.5667932572367));
#11627=CARTESIAN_POINT('Ctrl Pts',(49.7,35.4388659493624,20.646541570539));
#11628=CARTESIAN_POINT('Ctrl Pts',(49.7,35.3036616136796,20.7262898838412));
#11629=CARTESIAN_POINT('Ctrl Pts',(49.7,35.1900315982928,20.82941251421));
#11630=CARTESIAN_POINT('Ctrl Pts',(49.7,35.0625648827019,20.9450923629847));
#11631=CARTESIAN_POINT('Ctrl Pts',(49.7,34.9622465885427,21.0901856904551));
#11632=CARTESIAN_POINT('Ctrl Pts',(49.7,34.8619282943835,21.2352790179255));
#11633=CARTESIAN_POINT('',(50.,35.5740702850451,20.5667932572367));
#11634=CARTESIAN_POINT('Ctrl Pts',(50.,35.5740702850451,20.5667932572367));
#11635=CARTESIAN_POINT('Ctrl Pts',(50.,35.4388659493624,20.646541570539));
#11636=CARTESIAN_POINT('Ctrl Pts',(50.,35.1519934778927,20.8157491304668));
#11637=CARTESIAN_POINT('Ctrl Pts',(50.,34.9622465885427,21.0901856904551));
#11638=CARTESIAN_POINT('Ctrl Pts',(50.,34.8619282943835,21.2352790179255));
#11639=CARTESIAN_POINT('',(50.,35.5740702850451,20.5667932572367));
#11640=CARTESIAN_POINT('Ctrl Pts',(50.,36.6409183246722,20.3785260262492));
#11641=CARTESIAN_POINT('Ctrl Pts',(49.,36.6409183246722,20.3785260262492));
#11642=CARTESIAN_POINT('Ctrl Pts',(50.,36.4412473324517,20.3830540988033));
#11643=CARTESIAN_POINT('Ctrl Pts',(49.,36.4412473324517,20.3830540988033));
#11644=CARTESIAN_POINT('Ctrl Pts',(50.,36.075475842972,20.3913489433583));
#11645=CARTESIAN_POINT('Ctrl Pts',(49.,36.075475842972,20.3913489433583));
#11646=CARTESIAN_POINT('Ctrl Pts',(50.,35.7306562955452,20.5120030285669));
#11647=CARTESIAN_POINT('Ctrl Pts',(49.,35.7306562955452,20.5120030285669));
#11648=CARTESIAN_POINT('Ctrl Pts',(50.,35.5740702850451,20.5667932572367));
#11649=CARTESIAN_POINT('Ctrl Pts',(49.,35.5740702850451,20.5667932572367));
#11650=CARTESIAN_POINT('',(49.7,36.6409183246722,20.3785260262492));
#11651=CARTESIAN_POINT('Ctrl Pts',(49.7,36.6409183246722,20.3785260262492));
#11652=CARTESIAN_POINT('Ctrl Pts',(49.7,36.4412473324517,20.3830540988033));
#11653=CARTESIAN_POINT('Ctrl Pts',(49.7,36.2415763402312,20.3875821713575));
#11654=CARTESIAN_POINT('Ctrl Pts',(49.7,36.0481489402881,20.425592833996));
#11655=CARTESIAN_POINT('Ctrl Pts',(49.7,35.8872423060453,20.457212799897));
#11656=CARTESIAN_POINT('Ctrl Pts',(49.7,35.7306562955452,20.5120030285669));
#11657=CARTESIAN_POINT('Ctrl Pts',(49.7,35.5740702850451,20.5667932572367));
#11658=CARTESIAN_POINT('',(50.,36.6409183246722,20.3785260262492));
#11659=CARTESIAN_POINT('Ctrl Pts',(50.,36.6409183246722,20.3785260262492));
#11660=CARTESIAN_POINT('Ctrl Pts',(50.,36.4412473324517,20.3830540988033));
#11661=CARTESIAN_POINT('Ctrl Pts',(50.,36.075475842972,20.3913489433583));
#11662=CARTESIAN_POINT('Ctrl Pts',(50.,35.7306562955452,20.5120030285669));
#11663=CARTESIAN_POINT('Ctrl Pts',(50.,35.5740702850451,20.5667932572367));
#11664=CARTESIAN_POINT('',(50.,36.6409183246722,20.3785260262492));
#11665=CARTESIAN_POINT('Ctrl Pts',(50.,37.5249565345874,20.5340512337687));
#11666=CARTESIAN_POINT('Ctrl Pts',(49.,37.5249565345874,20.5340512337687));
#11667=CARTESIAN_POINT('Ctrl Pts',(50.,37.3947180370759,20.4887835952708));
#11668=CARTESIAN_POINT('Ctrl Pts',(49.,37.3947180370759,20.4887835952708));
#11669=CARTESIAN_POINT('Ctrl Pts',(50.,37.1088539533281,20.3894244023296));
#11670=CARTESIAN_POINT('Ctrl Pts',(49.,37.1088539533281,20.3894244023296));
#11671=CARTESIAN_POINT('Ctrl Pts',(50.,36.8058661399473,20.3823677156065));
#11672=CARTESIAN_POINT('Ctrl Pts',(49.,36.8058661399473,20.3823677156065));
#11673=CARTESIAN_POINT('Ctrl Pts',(50.,36.6409183246722,20.3785260262492));
#11674=CARTESIAN_POINT('Ctrl Pts',(49.,36.6409183246722,20.3785260262492));
#11675=CARTESIAN_POINT('',(49.7,37.5249565345874,20.5340512337687));
#11676=CARTESIAN_POINT('Ctrl Pts',(49.7,37.5249565345874,20.5340512337687));
#11677=CARTESIAN_POINT('Ctrl Pts',(49.7,37.3947180370759,20.4887835952708));
#11678=CARTESIAN_POINT('Ctrl Pts',(49.7,37.2644795395643,20.4435159567729));
#11679=CARTESIAN_POINT('Ctrl Pts',(49.7,37.1306867105594,20.417407328129));
#11680=CARTESIAN_POINT('Ctrl Pts',(49.7,36.9708139552225,20.3862094049638));
#11681=CARTESIAN_POINT('Ctrl Pts',(49.7,36.8058661399473,20.3823677156065));
#11682=CARTESIAN_POINT('Ctrl Pts',(49.7,36.6409183246722,20.3785260262492));
#11683=CARTESIAN_POINT('',(50.,37.5249565345874,20.5340512337687));
#11684=CARTESIAN_POINT('Ctrl Pts',(50.,37.5249565345874,20.5340512337687));
#11685=CARTESIAN_POINT('Ctrl Pts',(50.,37.3947180370759,20.4887835952708));
#11686=CARTESIAN_POINT('Ctrl Pts',(50.,37.1088539533281,20.3894244023296));
#11687=CARTESIAN_POINT('Ctrl Pts',(50.,36.8058661399473,20.3823677156065));
#11688=CARTESIAN_POINT('Ctrl Pts',(50.,36.6409183246722,20.3785260262492));
#11689=CARTESIAN_POINT('',(50.,37.5249565345874,20.5340512337687));
#11690=CARTESIAN_POINT('Ctrl Pts',(50.,38.1088585359683,20.9951700510981));
#11691=CARTESIAN_POINT('Ctrl Pts',(49.,38.1088585359683,20.9951700510981));
#11692=CARTESIAN_POINT('Ctrl Pts',(50.,38.0259848476874,20.8996115059125));
#11693=CARTESIAN_POINT('Ctrl Pts',(49.,38.0259848476874,20.8996115059125));
#11694=CARTESIAN_POINT('Ctrl Pts',(50.,37.860573461123,20.7088818330196));
#11695=CARTESIAN_POINT('Ctrl Pts',(49.,37.860573461123,20.7088818330196));
#11696=CARTESIAN_POINT('Ctrl Pts',(50.,37.6366772478872,20.592249130569));
#11697=CARTESIAN_POINT('Ctrl Pts',(49.,37.6366772478872,20.592249130569));
#11698=CARTESIAN_POINT('Ctrl Pts',(50.,37.5249565345874,20.5340512337687));
#11699=CARTESIAN_POINT('Ctrl Pts',(49.,37.5249565345874,20.5340512337687));
#11700=CARTESIAN_POINT('',(49.7,38.1088585359683,20.9951700510981));
#11701=CARTESIAN_POINT('Ctrl Pts',(49.7,38.1088585359683,20.9951700510981));
#11702=CARTESIAN_POINT('Ctrl Pts',(49.7,38.0259848476874,20.8996115059125));
#11703=CARTESIAN_POINT('Ctrl Pts',(49.7,37.9431111594066,20.8040529607268));
#11704=CARTESIAN_POINT('Ctrl Pts',(49.7,37.8455568058124,20.7270939888956));
#11705=CARTESIAN_POINT('Ctrl Pts',(49.7,37.748397961187,20.6504470273692));
#11706=CARTESIAN_POINT('Ctrl Pts',(49.7,37.6366772478872,20.592249130569));
#11707=CARTESIAN_POINT('Ctrl Pts',(49.7,37.5249565345874,20.5340512337687));
#11708=CARTESIAN_POINT('',(50.,38.1088585359683,20.9951700510981));
#11709=CARTESIAN_POINT('Ctrl Pts',(50.,38.1088585359683,20.9951700510981));
#11710=CARTESIAN_POINT('Ctrl Pts',(50.,38.0259848476874,20.8996115059125));
#11711=CARTESIAN_POINT('Ctrl Pts',(50.,37.860573461123,20.7088818330196));
#11712=CARTESIAN_POINT('Ctrl Pts',(50.,37.6366772478872,20.592249130569));
#11713=CARTESIAN_POINT('Ctrl Pts',(50.,37.5249565345874,20.5340512337687));
#11714=CARTESIAN_POINT('',(50.,38.1088585359683,20.9951700510981));
#11715=CARTESIAN_POINT('Ctrl Pts',(50.,38.4526509744754,21.7564250769618));
#11716=CARTESIAN_POINT('Ctrl Pts',(49.,38.4526509744754,21.7564250769618));
#11717=CARTESIAN_POINT('Ctrl Pts',(50.,38.4131929474834,21.6136626559562));
#11718=CARTESIAN_POINT('Ctrl Pts',(49.,38.4131929474834,21.6136626559562));
#11719=CARTESIAN_POINT('Ctrl Pts',(50.,38.3380622574878,21.3418335754562));
#11720=CARTESIAN_POINT('Ctrl Pts',(49.,38.3380622574878,21.3418335754562));
#11721=CARTESIAN_POINT('Ctrl Pts',(50.,38.1826496884525,21.1067768819865));
#11722=CARTESIAN_POINT('Ctrl Pts',(49.,38.1826496884525,21.1067768819865));
#11723=CARTESIAN_POINT('Ctrl Pts',(50.,38.1088585359683,20.9951700510981));
#11724=CARTESIAN_POINT('Ctrl Pts',(49.,38.1088585359683,20.9951700510981));
#11725=CARTESIAN_POINT('',(49.7,38.4526509744754,21.7564250769617));
#11726=CARTESIAN_POINT('Ctrl Pts',(49.7,38.4526509744754,21.7564250769618));
#11727=CARTESIAN_POINT('Ctrl Pts',(49.7,38.4131929474834,21.6136626559562));
#11728=CARTESIAN_POINT('Ctrl Pts',(49.7,38.3737349204914,21.4709002349506));
#11729=CARTESIAN_POINT('Ctrl Pts',(49.7,38.3121330244174,21.338280612469));
#11730=CARTESIAN_POINT('Ctrl Pts',(49.7,38.2564408409368,21.218383712875));
#11731=CARTESIAN_POINT('Ctrl Pts',(49.7,38.1826496884525,21.1067768819865));
#11732=CARTESIAN_POINT('Ctrl Pts',(49.7,38.1088585359683,20.9951700510981));
#11733=CARTESIAN_POINT('',(50.,38.4526509744754,21.7564250769617));
#11734=CARTESIAN_POINT('Ctrl Pts',(50.,38.4526509744754,21.7564250769618));
#11735=CARTESIAN_POINT('Ctrl Pts',(50.,38.4131929474834,21.6136626559562));
#11736=CARTESIAN_POINT('Ctrl Pts',(50.,38.3380622574878,21.3418335754562));
#11737=CARTESIAN_POINT('Ctrl Pts',(50.,38.1826496884525,21.1067768819865));
#11738=CARTESIAN_POINT('Ctrl Pts',(50.,38.1088585359683,20.9951700510981));
#11739=CARTESIAN_POINT('',(50.,38.4526509744754,21.7564250769617));
#11740=CARTESIAN_POINT('Origin',(50.,37.3694313270679,22.0838465037348));
#11741=CARTESIAN_POINT('',(49.7,37.3694313270679,22.0838465037348));
#11742=CARTESIAN_POINT('',(49.7,42.7729382988283,20.4505452923819));
#11743=CARTESIAN_POINT('',(50.,37.3694313270679,22.0838465037348));
#11744=CARTESIAN_POINT('',(50.,35.6769567823691,22.5954255094597));
#11745=CARTESIAN_POINT('',(50.,37.3694313270679,22.0838465037348));
#11746=CARTESIAN_POINT('Origin',(50.,49.5058578950992,23.4126325192454));
#11747=CARTESIAN_POINT('',(49.7,49.5058578950992,23.4126325192454));
#11748=CARTESIAN_POINT('',(49.7,49.0665680868258,21.974706226826));
#11749=CARTESIAN_POINT('',(49.7,49.361202878183,22.9391335938509));
#11750=CARTESIAN_POINT('',(50.,49.0665680868258,21.974706226826));
#11751=CARTESIAN_POINT('',(50.,49.0665680868258,21.974706226826));
#11752=CARTESIAN_POINT('',(50.,49.5058578950992,23.4126325192454));
#11753=CARTESIAN_POINT('',(50.,45.2742405142003,9.56128933564077));
#11754=CARTESIAN_POINT('',(50.,49.5058578950992,23.4126325192454));
#11755=CARTESIAN_POINT('Origin',(50.,49.9478775961032,21.974706226826));
#11756=CARTESIAN_POINT('',(49.7,49.9478775961032,21.974706226826));
#11757=CARTESIAN_POINT('',(49.7,49.85230518775,22.2856110993662));
#11758=CARTESIAN_POINT('',(50.,49.9478775961032,21.974706226826));
#11759=CARTESIAN_POINT('',(50.,52.0431707571882,15.1585459520528));
#11760=CARTESIAN_POINT('',(50.,49.9478775961032,21.974706226826));
#11761=CARTESIAN_POINT('Ctrl Pts',(50.,45.7050377828708,23.0088128390315));
#11762=CARTESIAN_POINT('Ctrl Pts',(49.,45.7050377828708,23.0088128390315));
#11763=CARTESIAN_POINT('Ctrl Pts',(50.,45.7281159963061,23.0438373025764));
#11764=CARTESIAN_POINT('Ctrl Pts',(49.,45.7281159963061,23.0438373025764));
#11765=CARTESIAN_POINT('Ctrl Pts',(50.,45.7745351182443,23.1142849067061));
#11766=CARTESIAN_POINT('Ctrl Pts',(49.,45.7745351182443,23.1142849067061));
#11767=CARTESIAN_POINT('Ctrl Pts',(50.,45.7809431732583,23.198427109728));
#11768=CARTESIAN_POINT('Ctrl Pts',(49.,45.7809431732583,23.198427109728));
#11769=CARTESIAN_POINT('Ctrl Pts',(50.,45.7841653329959,23.2407362999919));
#11770=CARTESIAN_POINT('Ctrl Pts',(49.,45.7841653329959,23.2407362999919));
#11771=CARTESIAN_POINT('',(49.7,45.7050377828708,23.0088128390315));
#11772=CARTESIAN_POINT('',(49.7,45.7841653329959,23.2407362999919));
#11773=CARTESIAN_POINT('Ctrl Pts',(49.7,45.7050377828708,23.0088128390315));
#11774=CARTESIAN_POINT('Ctrl Pts',(49.7,45.7281159963061,23.0438373025764));
#11775=CARTESIAN_POINT('Ctrl Pts',(49.7,45.7511942097415,23.0788617661214));
#11776=CARTESIAN_POINT('Ctrl Pts',(49.7,45.7643825513949,23.1172712388041));
#11777=CARTESIAN_POINT('Ctrl Pts',(49.7,45.7777210135207,23.1561179194642));
#11778=CARTESIAN_POINT('Ctrl Pts',(49.7,45.7809431732583,23.198427109728));
#11779=CARTESIAN_POINT('Ctrl Pts',(49.7,45.7841653329959,23.2407362999919));
#11780=CARTESIAN_POINT('',(50.,45.7841653329959,23.2407362999919));
#11781=CARTESIAN_POINT('',(50.,45.7841653329959,23.2407362999919));
#11782=CARTESIAN_POINT('',(50.,45.7050377828708,23.0088128390315));
#11783=CARTESIAN_POINT('Ctrl Pts',(50.,45.7050377828708,23.0088128390315));
#11784=CARTESIAN_POINT('Ctrl Pts',(50.,45.7281159963061,23.0438373025764));
#11785=CARTESIAN_POINT('Ctrl Pts',(50.,45.7745351182443,23.1142849067061));
#11786=CARTESIAN_POINT('Ctrl Pts',(50.,45.7809431732583,23.198427109728));
#11787=CARTESIAN_POINT('Ctrl Pts',(50.,45.7841653329959,23.2407362999919));
#11788=CARTESIAN_POINT('',(50.,45.7050377828708,23.0088128390315));
#11789=CARTESIAN_POINT('Ctrl Pts',(50.,45.5058569414248,22.8833009543421));
#11790=CARTESIAN_POINT('Ctrl Pts',(49.,45.5058569414248,22.8833009543421));
#11791=CARTESIAN_POINT('Ctrl Pts',(50.,45.5448903335548,22.8947207845284));
#11792=CARTESIAN_POINT('Ctrl Pts',(49.,45.5448903335548,22.8947207845284));
#11793=CARTESIAN_POINT('Ctrl Pts',(50.,45.6231958226276,22.9176302817324));
#11794=CARTESIAN_POINT('Ctrl Pts',(49.,45.6231958226276,22.9176302817324));
#11795=CARTESIAN_POINT('Ctrl Pts',(50.,45.6777017445528,22.9783569473));
#11796=CARTESIAN_POINT('Ctrl Pts',(49.,45.6777017445528,22.9783569473));
#11797=CARTESIAN_POINT('Ctrl Pts',(50.,45.7050377828708,23.0088128390315));
#11798=CARTESIAN_POINT('Ctrl Pts',(49.,45.7050377828708,23.0088128390315));
#11799=CARTESIAN_POINT('',(49.7,45.5058569414248,22.8833009543421));
#11800=CARTESIAN_POINT('Ctrl Pts',(49.7,45.5058569414248,22.8833009543421));
#11801=CARTESIAN_POINT('Ctrl Pts',(49.7,45.5448903335548,22.8947207845284));
#11802=CARTESIAN_POINT('Ctrl Pts',(49.7,45.5839237256848,22.9061406147147));
#11803=CARTESIAN_POINT('Ctrl Pts',(49.7,45.6170434457889,22.926957184315));
#11804=CARTESIAN_POINT('Ctrl Pts',(49.7,45.6503657062348,22.9479010555685));
#11805=CARTESIAN_POINT('Ctrl Pts',(49.7,45.6777017445528,22.9783569473));
#11806=CARTESIAN_POINT('Ctrl Pts',(49.7,45.7050377828708,23.0088128390315));
#11807=CARTESIAN_POINT('',(50.,45.5058569414248,22.8833009543421));
#11808=CARTESIAN_POINT('Ctrl Pts',(50.,45.5058569414248,22.8833009543421));
#11809=CARTESIAN_POINT('Ctrl Pts',(50.,45.5448903335548,22.8947207845284));
#11810=CARTESIAN_POINT('Ctrl Pts',(50.,45.6231958226276,22.9176302817324));
#11811=CARTESIAN_POINT('Ctrl Pts',(50.,45.6777017445528,22.9783569473));
#11812=CARTESIAN_POINT('Ctrl Pts',(50.,45.7050377828708,23.0088128390315));
#11813=CARTESIAN_POINT('',(50.,45.5058569414248,22.8833009543421));
#11814=CARTESIAN_POINT('Ctrl Pts',(50.,45.1784355146518,22.8287305178645));
#11815=CARTESIAN_POINT('Ctrl Pts',(49.,45.1784355146518,22.8287305178645));
#11816=CARTESIAN_POINT('Ctrl Pts',(50.,45.2199253500497,22.8325881559518));
#11817=CARTESIAN_POINT('Ctrl Pts',(49.,45.2199253500497,22.8325881559518));
#11818=CARTESIAN_POINT('Ctrl Pts',(50.,45.3302970406788,22.8428502848188));
#11819=CARTESIAN_POINT('Ctrl Pts',(49.,45.3302970406788,22.8428502848188));
#11820=CARTESIAN_POINT('Ctrl Pts',(50.,45.4383944451626,22.8677569540897));
#11821=CARTESIAN_POINT('Ctrl Pts',(49.,45.4383944451626,22.8677569540897));
#11822=CARTESIAN_POINT('Ctrl Pts',(50.,45.5058569414248,22.8833009543421));
#11823=CARTESIAN_POINT('Ctrl Pts',(49.,45.5058569414248,22.8833009543421));
#11824=CARTESIAN_POINT('',(49.7,45.1784355146518,22.8287305178645));
#11825=CARTESIAN_POINT('Ctrl Pts',(49.7,45.1784355146518,22.8287305178645));
#11826=CARTESIAN_POINT('Ctrl Pts',(49.7,45.2199253500497,22.8325881559518));
#11827=CARTESIAN_POINT('Ctrl Pts',(49.7,45.2614151854476,22.836445794039));
#11828=CARTESIAN_POINT('Ctrl Pts',(49.7,45.3025836450686,22.8423728289607));
#11829=CARTESIAN_POINT('Ctrl Pts',(49.7,45.3709319489004,22.8522129538372));
#11830=CARTESIAN_POINT('Ctrl Pts',(49.7,45.4383944451626,22.8677569540897));
#11831=CARTESIAN_POINT('Ctrl Pts',(49.7,45.5058569414248,22.8833009543421));
#11832=CARTESIAN_POINT('',(50.,45.1784355146518,22.8287305178645));
#11833=CARTESIAN_POINT('Ctrl Pts',(50.,45.1784355146518,22.8287305178645));
#11834=CARTESIAN_POINT('Ctrl Pts',(50.,45.2199253500497,22.8325881559518));
#11835=CARTESIAN_POINT('Ctrl Pts',(50.,45.3302970406788,22.8428502848188));
#11836=CARTESIAN_POINT('Ctrl Pts',(50.,45.4383944451626,22.8677569540897));
#11837=CARTESIAN_POINT('Ctrl Pts',(50.,45.5058569414248,22.8833009543421));
#11838=CARTESIAN_POINT('',(50.,45.1784355146518,22.8287305178645));
#11839=CARTESIAN_POINT('Origin',(50.,44.6572894556155,22.8287305178645));
#11840=CARTESIAN_POINT('',(49.7,44.6572894556155,22.8287305178645));
#11841=CARTESIAN_POINT('',(49.7,46.9656115909746,22.8287305178645));
#11842=CARTESIAN_POINT('',(50.,44.6572894556155,22.8287305178645));
#11843=CARTESIAN_POINT('',(50.,35.8286447278078,22.8287305178645));
#11844=CARTESIAN_POINT('',(50.,44.6572894556155,22.8287305178645));
#11845=CARTESIAN_POINT('Ctrl Pts',(50.,46.883755396091,22.7632464709284));
#11846=CARTESIAN_POINT('Ctrl Pts',(49.,46.883755396091,22.7632464709284));
#11847=CARTESIAN_POINT('Ctrl Pts',(50.,46.8316078010637,22.6867097219405));
#11848=CARTESIAN_POINT('Ctrl Pts',(49.,46.8316078010637,22.6867097219405));
#11849=CARTESIAN_POINT('Ctrl Pts',(50.,46.7262244477367,22.5320391324938));
#11850=CARTESIAN_POINT('Ctrl Pts',(49.,46.7262244477367,22.5320391324938));
#11851=CARTESIAN_POINT('Ctrl Pts',(50.,46.5716592323931,22.4264226355908));
#11852=CARTESIAN_POINT('Ctrl Pts',(49.,46.5716592323931,22.4264226355908));
#11853=CARTESIAN_POINT('Ctrl Pts',(50.,46.4935786230197,22.3730691018107));
#11854=CARTESIAN_POINT('Ctrl Pts',(49.,46.4935786230197,22.3730691018107));
#11855=CARTESIAN_POINT('',(49.7,46.883755396091,22.7632464709284));
#11856=CARTESIAN_POINT('',(49.7,46.4935786230197,22.3730691018107));
#11857=CARTESIAN_POINT('Ctrl Pts',(49.7,46.883755396091,22.7632464709284));
#11858=CARTESIAN_POINT('Ctrl Pts',(49.7,46.8316078010637,22.6867097219405));
#11859=CARTESIAN_POINT('Ctrl Pts',(49.7,46.7794602060365,22.6101729729526));
#11860=CARTESIAN_POINT('Ctrl Pts',(49.7,46.7152697546115,22.5456477942469));
#11861=CARTESIAN_POINT('Ctrl Pts',(49.7,46.6497398417665,22.4797761693709));
#11862=CARTESIAN_POINT('Ctrl Pts',(49.7,46.5716592323931,22.4264226355908));
#11863=CARTESIAN_POINT('Ctrl Pts',(49.7,46.4935786230197,22.3730691018107));
#11864=CARTESIAN_POINT('',(50.,46.4935786230197,22.3730691018107));
#11865=CARTESIAN_POINT('',(50.,46.4935786230197,22.3730691018107));
#11866=CARTESIAN_POINT('',(50.,46.883755396091,22.7632464709284));
#11867=CARTESIAN_POINT('Ctrl Pts',(50.,46.883755396091,22.7632464709284));
#11868=CARTESIAN_POINT('Ctrl Pts',(50.,46.8316078010637,22.6867097219405));
#11869=CARTESIAN_POINT('Ctrl Pts',(50.,46.7262244477367,22.5320391324938));
#11870=CARTESIAN_POINT('Ctrl Pts',(50.,46.5716592323931,22.4264226355908));
#11871=CARTESIAN_POINT('Ctrl Pts',(50.,46.4935786230197,22.3730691018107));
#11872=CARTESIAN_POINT('',(50.,46.883755396091,22.7632464709284));
#11873=CARTESIAN_POINT('Ctrl Pts',(50.,47.0256382925143,23.3389629664424));
#11874=CARTESIAN_POINT('Ctrl Pts',(49.,47.0256382925143,23.3389629664424));
#11875=CARTESIAN_POINT('Ctrl Pts',(50.,47.0208466909703,23.2337292515602));
#11876=CARTESIAN_POINT('Ctrl Pts',(49.,47.0208466909703,23.2337292515602));
#11877=CARTESIAN_POINT('Ctrl Pts',(50.,47.0116699428898,23.0321884343243));
#11878=CARTESIAN_POINT('Ctrl Pts',(49.,47.0116699428898,23.0321884343243));
#11879=CARTESIAN_POINT('Ctrl Pts',(50.,46.9251156962336,22.850207028624));
#11880=CARTESIAN_POINT('Ctrl Pts',(49.,46.9251156962336,22.850207028624));
#11881=CARTESIAN_POINT('Ctrl Pts',(50.,46.883755396091,22.7632464709284));
#11882=CARTESIAN_POINT('Ctrl Pts',(49.,46.883755396091,22.7632464709284));
#11883=CARTESIAN_POINT('',(49.7,47.0256382925143,23.3389629664424));
#11884=CARTESIAN_POINT('Ctrl Pts',(49.7,47.0256382925143,23.3389629664424));
#11885=CARTESIAN_POINT('Ctrl Pts',(49.7,47.0208466909703,23.2337292515602));
#11886=CARTESIAN_POINT('Ctrl Pts',(49.7,47.0160550894263,23.128495536678));
#11887=CARTESIAN_POINT('Ctrl Pts',(49.7,46.9901675684085,23.0285944285395));
#11888=CARTESIAN_POINT('Ctrl Pts',(49.7,46.9664759963763,22.9371675863196));
#11889=CARTESIAN_POINT('Ctrl Pts',(49.7,46.9251156962336,22.850207028624));
#11890=CARTESIAN_POINT('Ctrl Pts',(49.7,46.883755396091,22.7632464709284));
#11891=CARTESIAN_POINT('',(50.,47.0256382925143,23.3389629664424));
#11892=CARTESIAN_POINT('Ctrl Pts',(50.,47.0256382925143,23.3389629664424));
#11893=CARTESIAN_POINT('Ctrl Pts',(50.,47.0208466909703,23.2337292515602));
#11894=CARTESIAN_POINT('Ctrl Pts',(50.,47.0116699428898,23.0321884343243));
#11895=CARTESIAN_POINT('Ctrl Pts',(50.,46.9251156962336,22.850207028624));
#11896=CARTESIAN_POINT('Ctrl Pts',(50.,46.883755396091,22.7632464709284));
#11897=CARTESIAN_POINT('',(50.,47.0256382925143,23.3389629664424));
#11898=CARTESIAN_POINT('Ctrl Pts',(50.,46.8400997621646,23.9856203141215));
#11899=CARTESIAN_POINT('Ctrl Pts',(49.,46.8400997621646,23.9856203141215));
#11900=CARTESIAN_POINT('Ctrl Pts',(50.,46.8941857542272,23.8898895473645));
#11901=CARTESIAN_POINT('Ctrl Pts',(49.,46.8941857542272,23.8898895473645));
#11902=CARTESIAN_POINT('Ctrl Pts',(50.,47.0074179660462,23.6894715454819));
#11903=CARTESIAN_POINT('Ctrl Pts',(49.,47.0074179660462,23.6894715454819));
#11904=CARTESIAN_POINT('Ctrl Pts',(50.,47.0193865623908,23.459228925779));
#11905=CARTESIAN_POINT('Ctrl Pts',(49.,47.0193865623908,23.459228925779));
#11906=CARTESIAN_POINT('Ctrl Pts',(50.,47.0256382925143,23.3389629664424));
#11907=CARTESIAN_POINT('Ctrl Pts',(49.,47.0256382925143,23.3389629664424));
#11908=CARTESIAN_POINT('',(49.7,46.8400997621646,23.9856203141215));
#11909=CARTESIAN_POINT('Ctrl Pts',(49.7,46.8400997621646,23.9856203141215));
#11910=CARTESIAN_POINT('Ctrl Pts',(49.7,46.8941857542272,23.8898895473645));
#11911=CARTESIAN_POINT('Ctrl Pts',(49.7,46.9482717462898,23.7941587806074));
#11912=CARTESIAN_POINT('Ctrl Pts',(49.7,46.9792539579501,23.6916233839991));
#11913=CARTESIAN_POINT('Ctrl Pts',(49.7,47.0131348322674,23.5794948851157));
#11914=CARTESIAN_POINT('Ctrl Pts',(49.7,47.0193865623908,23.459228925779));
#11915=CARTESIAN_POINT('Ctrl Pts',(49.7,47.0256382925143,23.3389629664424));
#11916=CARTESIAN_POINT('',(50.,46.8400997621646,23.9856203141215));
#11917=CARTESIAN_POINT('Ctrl Pts',(50.,46.8400997621646,23.9856203141215));
#11918=CARTESIAN_POINT('Ctrl Pts',(50.,46.8941857542272,23.8898895473645));
#11919=CARTESIAN_POINT('Ctrl Pts',(50.,47.0074179660462,23.6894715454819));
#11920=CARTESIAN_POINT('Ctrl Pts',(50.,47.0193865623908,23.459228925779));
#11921=CARTESIAN_POINT('Ctrl Pts',(50.,47.0256382925143,23.3389629664424));
#11922=CARTESIAN_POINT('',(50.,46.8400997621646,23.9856203141215));
#11923=CARTESIAN_POINT('Ctrl Pts',(50.,46.3516957265964,24.351240867615));
#11924=CARTESIAN_POINT('Ctrl Pts',(49.,46.3516957265964,24.351240867615));
#11925=CARTESIAN_POINT('Ctrl Pts',(50.,46.4479430935945,24.3111878937855));
#11926=CARTESIAN_POINT('Ctrl Pts',(49.,46.4479430935945,24.3111878937855));
#11927=CARTESIAN_POINT('Ctrl Pts',(50.,46.641588706247,24.2306030123734));
#11928=CARTESIAN_POINT('Ctrl Pts',(49.,46.641588706247,24.2306030123734));
#11929=CARTESIAN_POINT('Ctrl Pts',(50.,46.7736677518764,24.0676041263353));
#11930=CARTESIAN_POINT('Ctrl Pts',(49.,46.7736677518764,24.0676041263353));
#11931=CARTESIAN_POINT('Ctrl Pts',(50.,46.8400997621646,23.9856203141215));
#11932=CARTESIAN_POINT('Ctrl Pts',(49.,46.8400997621646,23.9856203141215));
#11933=CARTESIAN_POINT('',(49.7,46.3516957265964,24.351240867615));
#11934=CARTESIAN_POINT('Ctrl Pts',(49.7,46.3516957265964,24.351240867615));
#11935=CARTESIAN_POINT('Ctrl Pts',(49.7,46.4479430935945,24.3111878937855));
#11936=CARTESIAN_POINT('Ctrl Pts',(49.7,46.5441904605927,24.2711349199559));
#11937=CARTESIAN_POINT('Ctrl Pts',(49.7,46.625228594028,24.2107226195338));
#11938=CARTESIAN_POINT('Ctrl Pts',(49.7,46.7072357415882,24.149587938549));
#11939=CARTESIAN_POINT('Ctrl Pts',(49.7,46.7736677518764,24.0676041263353));
#11940=CARTESIAN_POINT('Ctrl Pts',(49.7,46.8400997621646,23.9856203141215));
#11941=CARTESIAN_POINT('',(50.,46.3516957265964,24.351240867615));
#11942=CARTESIAN_POINT('Ctrl Pts',(50.,46.3516957265964,24.351240867615));
#11943=CARTESIAN_POINT('Ctrl Pts',(50.,46.4479430935945,24.3111878937855));
#11944=CARTESIAN_POINT('Ctrl Pts',(50.,46.641588706247,24.2306030123734));
#11945=CARTESIAN_POINT('Ctrl Pts',(50.,46.7736677518764,24.0676041263353));
#11946=CARTESIAN_POINT('Ctrl Pts',(50.,46.8400997621646,23.9856203141215));
#11947=CARTESIAN_POINT('',(50.,46.3516957265964,24.351240867615));
#11948=CARTESIAN_POINT('Ctrl Pts',(50.,45.4758424265017,24.4494675340655));
#11949=CARTESIAN_POINT('Ctrl Pts',(49.,45.4758424265017,24.4494675340655));
#11950=CARTESIAN_POINT('Ctrl Pts',(50.,45.6451990497282,24.4483599517477));
#11951=CARTESIAN_POINT('Ctrl Pts',(49.,45.6451990497282,24.4483599517477));
#11952=CARTESIAN_POINT('Ctrl Pts',(50.,45.9409412197831,24.446425815415));
#11953=CARTESIAN_POINT('Ctrl Pts',(49.,45.9409412197831,24.446425815415));
#11954=CARTESIAN_POINT('Ctrl Pts',(50.,46.2287153325603,24.3797393556232));
#11955=CARTESIAN_POINT('Ctrl Pts',(49.,46.2287153325603,24.3797393556232));
#11956=CARTESIAN_POINT('Ctrl Pts',(50.,46.3516957265964,24.351240867615));
#11957=CARTESIAN_POINT('Ctrl Pts',(49.,46.3516957265964,24.351240867615));
#11958=CARTESIAN_POINT('',(49.7,45.4758424265017,24.4494675340655));
#11959=CARTESIAN_POINT('Ctrl Pts',(49.7,45.4758424265017,24.4494675340655));
#11960=CARTESIAN_POINT('Ctrl Pts',(49.7,45.6451990497282,24.4483599517477));
#11961=CARTESIAN_POINT('Ctrl Pts',(49.7,45.8145556729546,24.44725236943));
#11962=CARTESIAN_POINT('Ctrl Pts',(49.7,45.9812993509402,24.4249107184413));
#11963=CARTESIAN_POINT('Ctrl Pts',(49.7,46.1057349385242,24.4082378436315));
#11964=CARTESIAN_POINT('Ctrl Pts',(49.7,46.2287153325603,24.3797393556232));
#11965=CARTESIAN_POINT('Ctrl Pts',(49.7,46.3516957265964,24.351240867615));
#11966=CARTESIAN_POINT('',(50.,45.4758424265017,24.4494675340655));
#11967=CARTESIAN_POINT('Ctrl Pts',(50.,45.4758424265017,24.4494675340655));
#11968=CARTESIAN_POINT('Ctrl Pts',(50.,45.6451990497282,24.4483599517477));
#11969=CARTESIAN_POINT('Ctrl Pts',(50.,45.9409412197831,24.446425815415));
#11970=CARTESIAN_POINT('Ctrl Pts',(50.,46.2287153325603,24.3797393556232));
#11971=CARTESIAN_POINT('Ctrl Pts',(50.,46.3516957265964,24.351240867615));
#11972=CARTESIAN_POINT('',(50.,45.4758424265017,24.4494675340655));
#11973=CARTESIAN_POINT('Origin',(50.,43.4158153040042,24.4494675340655));
#11974=CARTESIAN_POINT('',(49.7,43.4158153040042,24.4494675340655));
#11975=CARTESIAN_POINT('',(49.7,46.3448745151689,24.4494675340655));
#11976=CARTESIAN_POINT('',(50.,43.4158153040042,24.4494675340655));
#11977=CARTESIAN_POINT('',(50.,35.2079076520021,24.4494675340655));
#11978=CARTESIAN_POINT('',(50.,43.4158153040042,24.4494675340655));
#11979=CARTESIAN_POINT('Origin',(50.,43.4158153040042,20.4494674744608));
#11980=CARTESIAN_POINT('',(49.7,43.4158153040042,20.4494674744608));
#11981=CARTESIAN_POINT('',(49.7,43.4158153040042,21.4487853142026));
#11982=CARTESIAN_POINT('',(50.,43.4158153040042,20.4494674744608));
#11983=CARTESIAN_POINT('',(50.,43.4158153040042,10.2247337372304));
#11984=CARTESIAN_POINT('',(50.,43.4158153040042,20.4494674744608));
#11985=CARTESIAN_POINT('Origin',(50.,44.6572894556155,20.4494674744608));
#11986=CARTESIAN_POINT('',(49.7,44.6572894556155,20.4494674744608));
#11987=CARTESIAN_POINT('',(49.7,46.9656115909746,20.4494674744608));
#11988=CARTESIAN_POINT('',(50.,44.6572894556155,20.4494674744608));
#11989=CARTESIAN_POINT('',(50.,35.8286447278078,20.4494674744608));
#11990=CARTESIAN_POINT('',(50.,44.6572894556155,20.4494674744608));
#11991=CARTESIAN_POINT('Origin',(50.,44.6572894556155,22.0729328932765));
#11992=CARTESIAN_POINT('',(49.7,44.6572894556155,22.0729328932765));
#11993=CARTESIAN_POINT('',(49.7,44.6572894556155,22.2605180236104));
#11994=CARTESIAN_POINT('',(50.,44.6572894556155,22.0729328932765));
#11995=CARTESIAN_POINT('',(50.,44.6572894556155,11.0364664466382));
#11996=CARTESIAN_POINT('',(50.,44.6572894556155,22.0729328932765));
#11997=CARTESIAN_POINT('Origin',(50.,44.7664291364779,22.0729328932765));
#11998=CARTESIAN_POINT('',(49.7,44.7664291364779,22.0729328932765));
#11999=CARTESIAN_POINT('',(49.7,47.0201814314058,22.0729328932765));
#12000=CARTESIAN_POINT('',(50.,44.7664291364779,22.0729328932765));
#12001=CARTESIAN_POINT('',(50.,35.883214568239,22.0729328932765));
#12002=CARTESIAN_POINT('',(50.,44.7664291364779,22.0729328932765));
#12003=CARTESIAN_POINT('Ctrl Pts',(50.,45.0692946416965,21.9801630320551));
#12004=CARTESIAN_POINT('Ctrl Pts',(49.,45.0692946416965,21.9801630320551));
#12005=CARTESIAN_POINT('Ctrl Pts',(50.,45.0229636921803,22.0072202295574));
#12006=CARTESIAN_POINT('Ctrl Pts',(49.,45.0229636921803,22.0072202295574));
#12007=CARTESIAN_POINT('Ctrl Pts',(50.,44.9293285090935,22.061903020832));
#12008=CARTESIAN_POINT('Ctrl Pts',(49.,44.9293285090935,22.061903020832));
#12009=CARTESIAN_POINT('Ctrl Pts',(50.,44.8211039049244,22.0692308794982));
#12010=CARTESIAN_POINT('Ctrl Pts',(49.,44.8211039049244,22.0692308794982));
#12011=CARTESIAN_POINT('Ctrl Pts',(50.,44.7664291364779,22.0729328932765));
#12012=CARTESIAN_POINT('Ctrl Pts',(49.,44.7664291364779,22.0729328932765));
#12013=CARTESIAN_POINT('',(49.7,45.0692946416965,21.9801630320551));
#12014=CARTESIAN_POINT('Ctrl Pts',(49.7,45.0692946416965,21.9801630320551));
#12015=CARTESIAN_POINT('Ctrl Pts',(49.7,45.0229636921803,22.0072202295574));
#12016=CARTESIAN_POINT('Ctrl Pts',(49.7,44.9766327426642,22.0342774270597));
#12017=CARTESIAN_POINT('Ctrl Pts',(49.7,44.9267298681369,22.0497407259944));
#12018=CARTESIAN_POINT('Ctrl Pts',(49.7,44.8757786733708,22.0655288657199));
#12019=CARTESIAN_POINT('Ctrl Pts',(49.7,44.8211039049244,22.0692308794982));
#12020=CARTESIAN_POINT('Ctrl Pts',(49.7,44.7664291364779,22.0729328932765));
#12021=CARTESIAN_POINT('',(50.,45.0692946416965,21.9801630320551));
#12022=CARTESIAN_POINT('Ctrl Pts',(50.,45.0692946416965,21.9801630320551));
#12023=CARTESIAN_POINT('Ctrl Pts',(50.,45.0229636921803,22.0072202295574));
#12024=CARTESIAN_POINT('Ctrl Pts',(50.,44.9293285090935,22.061903020832));
#12025=CARTESIAN_POINT('Ctrl Pts',(50.,44.8211039049244,22.0692308794982));
#12026=CARTESIAN_POINT('Ctrl Pts',(50.,44.7664291364779,22.0729328932765));
#12027=CARTESIAN_POINT('',(50.,45.0692946416965,21.9801630320551));
#12028=CARTESIAN_POINT('Ctrl Pts',(50.,45.2930325967898,21.6718413176539));
#12029=CARTESIAN_POINT('Ctrl Pts',(49.,45.2930325967898,21.6718413176539));
#12030=CARTESIAN_POINT('Ctrl Pts',(50.,45.2572078369987,21.7399283982916));
#12031=CARTESIAN_POINT('Ctrl Pts',(49.,45.2572078369987,21.7399283982916));
#12032=CARTESIAN_POINT('Ctrl Pts',(50.,45.1972917279565,21.8538025169634));
#12033=CARTESIAN_POINT('Ctrl Pts',(49.,45.1972917279565,21.8538025169634));
#12034=CARTESIAN_POINT('Ctrl Pts',(50.,45.1060011743169,21.9439258292822));
#12035=CARTESIAN_POINT('Ctrl Pts',(49.,45.1060011743169,21.9439258292822));
#12036=CARTESIAN_POINT('Ctrl Pts',(50.,45.0692946416965,21.9801630320551));
#12037=CARTESIAN_POINT('Ctrl Pts',(49.,45.0692946416965,21.9801630320551));
#12038=CARTESIAN_POINT('',(49.7,45.2930325967898,21.6718413176539));
#12039=CARTESIAN_POINT('Ctrl Pts',(49.7,45.2930325967898,21.6718413176539));
#12040=CARTESIAN_POINT('Ctrl Pts',(49.7,45.2572078369987,21.7399283982916));
#12041=CARTESIAN_POINT('Ctrl Pts',(49.7,45.2213830772075,21.8080154789292));
#12042=CARTESIAN_POINT('Ctrl Pts',(49.7,45.1743418676486,21.8676115813258));
#12043=CARTESIAN_POINT('Ctrl Pts',(49.7,45.1427077069374,21.9076886265092));
#12044=CARTESIAN_POINT('Ctrl Pts',(49.7,45.1060011743169,21.9439258292822));
#12045=CARTESIAN_POINT('Ctrl Pts',(49.7,45.0692946416965,21.9801630320551));
#12046=CARTESIAN_POINT('',(50.,45.2930325967898,21.6718413176539));
#12047=CARTESIAN_POINT('Ctrl Pts',(50.,45.2930325967898,21.6718413176539));
#12048=CARTESIAN_POINT('Ctrl Pts',(50.,45.2572078369987,21.7399283982916));
#12049=CARTESIAN_POINT('Ctrl Pts',(50.,45.1972917279565,21.8538025169634));
#12050=CARTESIAN_POINT('Ctrl Pts',(50.,45.1060011743169,21.9439258292822));
#12051=CARTESIAN_POINT('Ctrl Pts',(50.,45.0692946416965,21.9801630320551));
#12052=CARTESIAN_POINT('',(50.,45.2930325967898,21.6718413176539));
#12053=CARTESIAN_POINT('Origin',(50.,45.9533328516116,20.4494674744608));
#12054=CARTESIAN_POINT('',(49.7,45.9533328516116,20.4494674744608));
#12055=CARTESIAN_POINT('',(49.7,45.9104884029723,20.52878280557));
#12056=CARTESIAN_POINT('',(50.,45.9533328516116,20.4494674744608));
#12057=CARTESIAN_POINT('',(50.,48.0883175114657,16.4970997678507));
#12058=CARTESIAN_POINT('',(50.,45.9533328516116,20.4494674744608));
#12059=CARTESIAN_POINT('Origin',(50.,53.4212738973727,22.3375983777049));
#12060=CARTESIAN_POINT('',(49.7,53.4212738973727,22.3375983777049));
#12061=CARTESIAN_POINT('',(49.7,53.4212738973727,21.4781166853907));
#12062=CARTESIAN_POINT('',(49.7,53.4212738973727,22.3928507658246));
#12063=CARTESIAN_POINT('',(50.,53.4212738973727,21.4781166853907));
#12064=CARTESIAN_POINT('',(50.,53.4212738973727,21.4781166853907));
#12065=CARTESIAN_POINT('',(50.,53.4212738973727,22.3375983777049));
#12066=CARTESIAN_POINT('',(50.,53.4212738973727,11.1687991888524));
#12067=CARTESIAN_POINT('',(50.,53.4212738973727,22.3375983777049));
#12068=CARTESIAN_POINT('Origin',(50.,51.8059927923312,22.3375983777049));
#12069=CARTESIAN_POINT('',(49.7,51.8059927923312,22.3375983777049));
#12070=CARTESIAN_POINT('',(49.7,50.5399632593324,22.3375983777049));
#12071=CARTESIAN_POINT('',(50.,51.8059927923312,22.3375983777049));
#12072=CARTESIAN_POINT('',(50.,39.4029963961656,22.3375983777048));
#12073=CARTESIAN_POINT('',(50.,51.8059927923312,22.3375983777049));
#12074=CARTESIAN_POINT('Ctrl Pts',(50.,58.1989008886447,21.0197265686991));
#12075=CARTESIAN_POINT('Ctrl Pts',(49.,58.1989008886447,21.0197265686991));
#12076=CARTESIAN_POINT('Ctrl Pts',(50.,58.1447554012981,21.1357140053331));
#12077=CARTESIAN_POINT('Ctrl Pts',(49.,58.1447554012981,21.1357140053331));
#12078=CARTESIAN_POINT('Ctrl Pts',(50.,58.029169403229,21.3833158699354));
#12079=CARTESIAN_POINT('Ctrl Pts',(49.,58.029169403229,21.3833158699354));
#12080=CARTESIAN_POINT('Ctrl Pts',(50.,58.0010327632618,21.6554347143112));
#12081=CARTESIAN_POINT('Ctrl Pts',(49.,58.0010327632618,21.6554347143112));
#12082=CARTESIAN_POINT('Ctrl Pts',(50.,57.9860765440097,21.8000813069346));
#12083=CARTESIAN_POINT('Ctrl Pts',(49.,57.9860765440097,21.8000813069346));
#12084=CARTESIAN_POINT('',(49.7,58.1989008886447,21.0197265686991));
#12085=CARTESIAN_POINT('',(49.7,57.9860765440097,21.8000813069346));
#12086=CARTESIAN_POINT('Ctrl Pts',(49.7,58.1989008886447,21.0197265686991));
#12087=CARTESIAN_POINT('Ctrl Pts',(49.7,58.1447554012981,21.1357140053331));
#12088=CARTESIAN_POINT('Ctrl Pts',(49.7,58.0906099139515,21.2517014419671));
#12089=CARTESIAN_POINT('Ctrl Pts',(49.7,58.0556542379489,21.3730688633921));
#12090=CARTESIAN_POINT('Ctrl Pts',(49.7,58.015988982514,21.5107881216878));
#12091=CARTESIAN_POINT('Ctrl Pts',(49.7,58.0010327632618,21.6554347143112));
#12092=CARTESIAN_POINT('Ctrl Pts',(49.7,57.9860765440097,21.8000813069346));
#12093=CARTESIAN_POINT('',(50.,57.9860765440097,21.8000813069346));
#12094=CARTESIAN_POINT('',(50.,57.9860765440097,21.8000813069346));
#12095=CARTESIAN_POINT('',(50.,58.1989008886447,21.0197265686991));
#12096=CARTESIAN_POINT('Ctrl Pts',(50.,58.1989008886447,21.0197265686991));
#12097=CARTESIAN_POINT('Ctrl Pts',(50.,58.1447554012981,21.1357140053331));
#12098=CARTESIAN_POINT('Ctrl Pts',(50.,58.029169403229,21.3833158699354));
#12099=CARTESIAN_POINT('Ctrl Pts',(50.,58.0010327632618,21.6554347143112));
#12100=CARTESIAN_POINT('Ctrl Pts',(50.,57.9860765440097,21.8000813069346));
#12101=CARTESIAN_POINT('',(50.,58.1989008886447,21.0197265686991));
#12102=CARTESIAN_POINT('Ctrl Pts',(50.,58.7145883543124,20.5422367396357));
#12103=CARTESIAN_POINT('Ctrl Pts',(49.,58.7145883543124,20.5422367396357));
#12104=CARTESIAN_POINT('Ctrl Pts',(50.,58.6100574512603,20.6027601609166));
#12105=CARTESIAN_POINT('Ctrl Pts',(49.,58.6100574512603,20.6027601609166));
#12106=CARTESIAN_POINT('Ctrl Pts',(50.,58.4021747033748,20.7231243284492));
#12107=CARTESIAN_POINT('Ctrl Pts',(49.,58.4021747033748,20.7231243284492));
#12108=CARTESIAN_POINT('Ctrl Pts',(50.,58.266402137703,20.9212336973131));
#12109=CARTESIAN_POINT('Ctrl Pts',(49.,58.266402137703,20.9212336973131));
#12110=CARTESIAN_POINT('Ctrl Pts',(50.,58.1989008886447,21.0197265686991));
#12111=CARTESIAN_POINT('Ctrl Pts',(49.,58.1989008886447,21.0197265686991));
#12112=CARTESIAN_POINT('',(49.7,58.7145883543124,20.5422367396357));
#12113=CARTESIAN_POINT('Ctrl Pts',(49.7,58.7145883543124,20.5422367396357));
#12114=CARTESIAN_POINT('Ctrl Pts',(49.7,58.6100574512603,20.6027601609166));
#12115=CARTESIAN_POINT('Ctrl Pts',(49.7,58.5055265482082,20.6632835821975));
#12116=CARTESIAN_POINT('Ctrl Pts',(49.7,58.419228265964,20.7434644045832));
#12117=CARTESIAN_POINT('Ctrl Pts',(49.7,58.3339033867613,20.8227408259271));
#12118=CARTESIAN_POINT('Ctrl Pts',(49.7,58.266402137703,20.9212336973131));
#12119=CARTESIAN_POINT('Ctrl Pts',(49.7,58.1989008886447,21.0197265686991));
#12120=CARTESIAN_POINT('',(50.,58.7145883543124,20.5422367396357));
#12121=CARTESIAN_POINT('Ctrl Pts',(50.,58.7145883543124,20.5422367396357));
#12122=CARTESIAN_POINT('Ctrl Pts',(50.,58.6100574512603,20.6027601609166));
#12123=CARTESIAN_POINT('Ctrl Pts',(50.,58.4021747033748,20.7231243284492));
#12124=CARTESIAN_POINT('Ctrl Pts',(50.,58.266402137703,20.9212336973131));
#12125=CARTESIAN_POINT('Ctrl Pts',(50.,58.1989008886447,21.0197265686991));
#12126=CARTESIAN_POINT('',(50.,58.7145883543124,20.5422367396357));
#12127=CARTESIAN_POINT('Ctrl Pts',(50.,59.6531970007052,20.3785260262492));
#12128=CARTESIAN_POINT('Ctrl Pts',(49.,59.6531970007052,20.3785260262492));
#12129=CARTESIAN_POINT('Ctrl Pts',(50.,59.4719573362394,20.3812143825613));
#12130=CARTESIAN_POINT('Ctrl Pts',(49.,59.4719573362394,20.3812143825613));
#12131=CARTESIAN_POINT('Ctrl Pts',(50.,59.1496912354971,20.3859946060772));
#12132=CARTESIAN_POINT('Ctrl Pts',(49.,59.1496912354971,20.3859946060772));
#12133=CARTESIAN_POINT('Ctrl Pts',(50.,58.8470338479134,20.4946765707762));
#12134=CARTESIAN_POINT('Ctrl Pts',(49.,58.8470338479134,20.4946765707762));
#12135=CARTESIAN_POINT('Ctrl Pts',(50.,58.7145883543124,20.5422367396357));
#12136=CARTESIAN_POINT('Ctrl Pts',(49.,58.7145883543124,20.5422367396357));
#12137=CARTESIAN_POINT('',(49.7,59.6531970007052,20.3785260262492));
#12138=CARTESIAN_POINT('Ctrl Pts',(49.7,59.6531970007052,20.3785260262492));
#12139=CARTESIAN_POINT('Ctrl Pts',(49.7,59.4920639503342,20.3809161380072));
#12140=CARTESIAN_POINT('Ctrl Pts',(49.7,59.330930899963,20.3833062497651));
#12141=CARTESIAN_POINT('Ctrl Pts',(49.7,59.0134743563823,20.4349090507751));
#12142=CARTESIAN_POINT('Ctrl Pts',(49.7,58.8862577582694,20.4805915630561));
#12143=CARTESIAN_POINT('Ctrl Pts',(49.7,58.7145883543124,20.5422367396357));
#12144=CARTESIAN_POINT('',(50.,59.6531970007052,20.3785260262492));
#12145=CARTESIAN_POINT('Ctrl Pts',(50.,59.6531970007052,20.3785260262492));
#12146=CARTESIAN_POINT('Ctrl Pts',(50.,59.4719573362394,20.3812143825613));
#12147=CARTESIAN_POINT('Ctrl Pts',(50.,59.1496912354971,20.3859946060772));
#12148=CARTESIAN_POINT('Ctrl Pts',(50.,58.8470338479134,20.4946765707762));
#12149=CARTESIAN_POINT('Ctrl Pts',(50.,58.7145883543124,20.5422367396357));
#12150=CARTESIAN_POINT('',(50.,59.6531970007052,20.3785260262492));
#12151=CARTESIAN_POINT('Ctrl Pts',(50.,60.5918056470981,20.62682109499));
#12152=CARTESIAN_POINT('Ctrl Pts',(49.,60.5918056470981,20.62682109499));
#12153=CARTESIAN_POINT('Ctrl Pts',(50.,60.4554785363581,20.5544938882706));
#12154=CARTESIAN_POINT('Ctrl Pts',(49.,60.4554785363581,20.5544938882706));
#12155=CARTESIAN_POINT('Ctrl Pts',(50.,60.1626298610703,20.3991254765137));
#12156=CARTESIAN_POINT('Ctrl Pts',(49.,60.1626298610703,20.3991254765137));
#12157=CARTESIAN_POINT('Ctrl Pts',(50.,59.8306391659131,20.3857010856955));
#12158=CARTESIAN_POINT('Ctrl Pts',(49.,59.8306391659131,20.3857010856955));
#12159=CARTESIAN_POINT('Ctrl Pts',(50.,59.6531970007052,20.3785260262492));
#12160=CARTESIAN_POINT('Ctrl Pts',(49.,59.6531970007052,20.3785260262492));
#12161=CARTESIAN_POINT('',(49.7,60.5918056470981,20.62682109499));
#12162=CARTESIAN_POINT('Ctrl Pts',(49.7,60.5918056470981,20.62682109499));
#12163=CARTESIAN_POINT('Ctrl Pts',(49.7,60.4554785363581,20.5544938882706));
#12164=CARTESIAN_POINT('Ctrl Pts',(49.7,60.3191514256182,20.4821666815511));
#12165=CARTESIAN_POINT('Ctrl Pts',(49.7,60.1743418676486,20.4406000914576));
#12166=CARTESIAN_POINT('Ctrl Pts',(49.7,60.008081331121,20.3928761451418));
#12167=CARTESIAN_POINT('Ctrl Pts',(49.7,59.8306391659131,20.3857010856955));
#12168=CARTESIAN_POINT('Ctrl Pts',(49.7,59.6531970007052,20.3785260262492));
#12169=CARTESIAN_POINT('',(50.,60.5918056470981,20.62682109499));
#12170=CARTESIAN_POINT('Ctrl Pts',(50.,60.5918056470981,20.62682109499));
#12171=CARTESIAN_POINT('Ctrl Pts',(50.,60.4554785363581,20.5544938882706));
#12172=CARTESIAN_POINT('Ctrl Pts',(50.,60.1626298610703,20.3991254765137));
#12173=CARTESIAN_POINT('Ctrl Pts',(50.,59.8306391659131,20.3857010856955));
#12174=CARTESIAN_POINT('Ctrl Pts',(50.,59.6531970007052,20.3785260262492));
#12175=CARTESIAN_POINT('',(50.,60.5918056470981,20.62682109499));
#12176=CARTESIAN_POINT('Ctrl Pts',(50.,61.0802108747592,21.2325509133342));
#12177=CARTESIAN_POINT('Ctrl Pts',(49.,61.0802108747592,21.2325509133342));
#12178=CARTESIAN_POINT('Ctrl Pts',(50.,61.0273196712399,21.116292813611));
#12179=CARTESIAN_POINT('Ctrl Pts',(49.,61.0273196712399,21.116292813611));
#12180=CARTESIAN_POINT('Ctrl Pts',(50.,60.9166342036471,20.8729993872357));
#12181=CARTESIAN_POINT('Ctrl Pts',(49.,60.9166342036471,20.8729993872357));
#12182=CARTESIAN_POINT('Ctrl Pts',(50.,60.7032328626459,20.7112686014676));
#12183=CARTESIAN_POINT('Ctrl Pts',(49.,60.7032328626459,20.7112686014676));
#12184=CARTESIAN_POINT('Ctrl Pts',(50.,60.5918056470981,20.62682109499));
#12185=CARTESIAN_POINT('Ctrl Pts',(49.,60.5918056470981,20.62682109499));
#12186=CARTESIAN_POINT('',(49.7,61.0802108747592,21.2325509133342));
#12187=CARTESIAN_POINT('Ctrl Pts',(49.7,61.0802108747592,21.2325509133342));
#12188=CARTESIAN_POINT('Ctrl Pts',(49.7,61.0273196712399,21.116292813611));
#12189=CARTESIAN_POINT('Ctrl Pts',(49.7,60.9744284677207,21.0000347138879));
#12190=CARTESIAN_POINT('Ctrl Pts',(49.7,60.8980829221835,20.9024007859233));
#12191=CARTESIAN_POINT('Ctrl Pts',(49.7,60.8146600781937,20.7957161079451));
#12192=CARTESIAN_POINT('Ctrl Pts',(49.7,60.7032328626459,20.7112686014676));
#12193=CARTESIAN_POINT('Ctrl Pts',(49.7,60.5918056470981,20.62682109499));
#12194=CARTESIAN_POINT('',(50.,61.0802108747592,21.2325509133342));
#12195=CARTESIAN_POINT('Ctrl Pts',(50.,61.0802108747592,21.2325509133342));
#12196=CARTESIAN_POINT('Ctrl Pts',(50.,61.0273196712399,21.116292813611));
#12197=CARTESIAN_POINT('Ctrl Pts',(50.,60.9166342036471,20.8729993872357));
#12198=CARTESIAN_POINT('Ctrl Pts',(50.,60.7032328626459,20.7112686014676));
#12199=CARTESIAN_POINT('Ctrl Pts',(50.,60.5918056470981,20.62682109499));
#12200=CARTESIAN_POINT('',(50.,61.0802108747592,21.2325509133342));
#12201=CARTESIAN_POINT('Ctrl Pts',(50.,61.2029940588107,22.2748424353602));
#12202=CARTESIAN_POINT('Ctrl Pts',(49.,61.2029940588107,22.2748424353602));
#12203=CARTESIAN_POINT('Ctrl Pts',(50.,61.2016711941589,22.0726887282511));
#12204=CARTESIAN_POINT('Ctrl Pts',(49.,61.2016711941589,22.0726887282511));
#12205=CARTESIAN_POINT('Ctrl Pts',(50.,61.1993649390143,21.7202580949468));
#12206=CARTESIAN_POINT('Ctrl Pts',(49.,61.1993649390143,21.7202580949468));
#12207=CARTESIAN_POINT('Ctrl Pts',(50.,61.1158302048877,21.3783437003156));
#12208=CARTESIAN_POINT('Ctrl Pts',(49.,61.1158302048877,21.3783437003156));
#12209=CARTESIAN_POINT('Ctrl Pts',(50.,61.0802108747592,21.2325509133342));
#12210=CARTESIAN_POINT('Ctrl Pts',(49.,61.0802108747592,21.2325509133342));
#12211=CARTESIAN_POINT('',(49.7,61.2029940588107,22.2748424353602));
#12212=CARTESIAN_POINT('Ctrl Pts',(49.7,61.2029940588107,22.2748424353602));
#12213=CARTESIAN_POINT('Ctrl Pts',(49.7,61.2016711941589,22.0726887282511));
#12214=CARTESIAN_POINT('Ctrl Pts',(49.7,61.200348329507,21.870535021142));
#12215=CARTESIAN_POINT('Ctrl Pts',(49.7,61.1723000509372,21.6718413176539));
#12216=CARTESIAN_POINT('Ctrl Pts',(49.7,61.1514495350163,21.5241364872971));
#12217=CARTESIAN_POINT('Ctrl Pts',(49.7,61.1158302048877,21.3783437003156));
#12218=CARTESIAN_POINT('Ctrl Pts',(49.7,61.0802108747592,21.2325509133342));
#12219=CARTESIAN_POINT('',(50.,61.2029940588107,22.2748424353602));
#12220=CARTESIAN_POINT('Ctrl Pts',(50.,61.2029940588107,22.2748424353602));
#12221=CARTESIAN_POINT('Ctrl Pts',(50.,61.2016711941589,22.0726887282511));
#12222=CARTESIAN_POINT('Ctrl Pts',(50.,61.1993649390143,21.7202580949468));
#12223=CARTESIAN_POINT('Ctrl Pts',(50.,61.1158302048877,21.3783437003156));
#12224=CARTESIAN_POINT('Ctrl Pts',(50.,61.0802108747592,21.2325509133342));
#12225=CARTESIAN_POINT('',(50.,61.2029940588107,22.2748424353602));
#12226=CARTESIAN_POINT('Origin',(50.,61.2029940588107,24.4494675340655));
#12227=CARTESIAN_POINT('',(49.7,61.2029940588107,24.4494675340655));
#12228=CARTESIAN_POINT('',(49.7,61.2029940588107,23.4487853440049));
#12229=CARTESIAN_POINT('',(50.,61.2029940588107,24.4494675340655));
#12230=CARTESIAN_POINT('',(50.,61.2029940588107,12.2247337670328));
#12231=CARTESIAN_POINT('',(50.,61.2029940588107,24.4494675340655));
#12232=CARTESIAN_POINT('Origin',(50.,59.9642474157443,24.4494675340655));
#12233=CARTESIAN_POINT('',(49.7,59.9642474157443,24.4494675340655));
#12234=CARTESIAN_POINT('',(49.7,54.619090571039,24.4494675340655));
#12235=CARTESIAN_POINT('',(50.,59.9642474157443,24.4494675340655));
#12236=CARTESIAN_POINT('',(50.,43.4821237078722,24.4494675340655));
#12237=CARTESIAN_POINT('',(50.,59.9642474157443,24.4494675340655));
#12238=CARTESIAN_POINT('Ctrl Pts',(50.,66.4390093786349,22.7796174826625));
#12239=CARTESIAN_POINT('Ctrl Pts',(49.,66.4390093786349,22.7796174826625));
#12240=CARTESIAN_POINT('Ctrl Pts',(50.,66.344238041577,22.7359117776864));
#12241=CARTESIAN_POINT('Ctrl Pts',(49.,66.344238041577,22.7359117776864));
#12242=CARTESIAN_POINT('Ctrl Pts',(50.,66.1367851489877,22.6402407108701));
#12243=CARTESIAN_POINT('Ctrl Pts',(49.,66.1367851489877,22.6402407108701));
#12244=CARTESIAN_POINT('Ctrl Pts',(50.,65.9188898631712,22.5714279384651));
#12245=CARTESIAN_POINT('Ctrl Pts',(49.,65.9188898631712,22.5714279384651));
#12246=CARTESIAN_POINT('Ctrl Pts',(50.,65.8005363447299,22.5340511145595));
#12247=CARTESIAN_POINT('Ctrl Pts',(49.,65.8005363447299,22.5340511145595));
#12248=CARTESIAN_POINT('',(49.7,66.4390093786349,22.7796174826625));
#12249=CARTESIAN_POINT('',(49.7,65.8005363447299,22.5340511145595));
#12250=CARTESIAN_POINT('Ctrl Pts',(49.7,66.4390093786349,22.7796174826625));
#12251=CARTESIAN_POINT('Ctrl Pts',(49.7,66.344238041577,22.7359117776864));
#12252=CARTESIAN_POINT('Ctrl Pts',(49.7,66.2494667045192,22.6922060727104));
#12253=CARTESIAN_POINT('Ctrl Pts',(49.7,66.1525160772433,22.6541055979731));
#12254=CARTESIAN_POINT('Ctrl Pts',(49.7,66.0372433816125,22.6088047623707));
#12255=CARTESIAN_POINT('Ctrl Pts',(49.7,65.9188898631712,22.5714279384651));
#12256=CARTESIAN_POINT('Ctrl Pts',(49.7,65.8005363447299,22.5340511145595));
#12257=CARTESIAN_POINT('',(50.,65.8005363447299,22.5340511145595));
#12258=CARTESIAN_POINT('',(50.,65.8005363447299,22.5340511145595));
#12259=CARTESIAN_POINT('',(50.,66.4390093786349,22.7796174826625));
#12260=CARTESIAN_POINT('Ctrl Pts',(50.,66.4390093786349,22.7796174826625));
#12261=CARTESIAN_POINT('Ctrl Pts',(50.,66.344238041577,22.7359117776864));
#12262=CARTESIAN_POINT('Ctrl Pts',(50.,66.1367851489877,22.6402407108701));
#12263=CARTESIAN_POINT('Ctrl Pts',(50.,65.9188898631712,22.5714279384651));
#12264=CARTESIAN_POINT('Ctrl Pts',(50.,65.8005363447299,22.5340511145595));
#12265=CARTESIAN_POINT('',(50.,66.4390093786349,22.7796174826625));
#12266=CARTESIAN_POINT('Ctrl Pts',(50.,66.9683391553989,23.115225011349));
#12267=CARTESIAN_POINT('Ctrl Pts',(49.,66.9683391553989,23.115225011349));
#12268=CARTESIAN_POINT('Ctrl Pts',(50.,66.8801654702936,23.0504591033912));
#12269=CARTESIAN_POINT('Ctrl Pts',(49.,66.8801654702936,23.0504591033912));
#12270=CARTESIAN_POINT('Ctrl Pts',(50.,66.7113690078008,22.9264736292629));
#12271=CARTESIAN_POINT('Ctrl Pts',(49.,66.7113690078008,22.9264736292629));
#12272=CARTESIAN_POINT('Ctrl Pts',(50.,66.5270474536533,22.8270875592333));
#12273=CARTESIAN_POINT('Ctrl Pts',(49.,66.5270474536533,22.8270875592333));
#12274=CARTESIAN_POINT('Ctrl Pts',(50.,66.4390093786349,22.7796174826625));
#12275=CARTESIAN_POINT('Ctrl Pts',(49.,66.4390093786349,22.7796174826625));
#12276=CARTESIAN_POINT('',(49.7,66.9683391553988,23.115225011349));
#12277=CARTESIAN_POINT('Ctrl Pts',(49.7,66.9683391553989,23.115225011349));
#12278=CARTESIAN_POINT('Ctrl Pts',(49.7,66.8801654702936,23.0504591033912));
#12279=CARTESIAN_POINT('Ctrl Pts',(49.7,66.7919917851884,22.9856931954334));
#12280=CARTESIAN_POINT('Ctrl Pts',(49.7,66.6995818121066,22.9276396574977));
#12281=CARTESIAN_POINT('Ctrl Pts',(49.7,66.6150855286716,22.8745576358042));
#12282=CARTESIAN_POINT('Ctrl Pts',(49.7,66.5270474536533,22.8270875592333));
#12283=CARTESIAN_POINT('Ctrl Pts',(49.7,66.4390093786349,22.7796174826625));
#12284=CARTESIAN_POINT('',(50.,66.9683391553988,23.115225011349));
#12285=CARTESIAN_POINT('Ctrl Pts',(50.,66.9683391553989,23.115225011349));
#12286=CARTESIAN_POINT('Ctrl Pts',(50.,66.8801654702936,23.0504591033912));
#12287=CARTESIAN_POINT('Ctrl Pts',(50.,66.7113690078008,22.9264736292629));
#12288=CARTESIAN_POINT('Ctrl Pts',(50.,66.5270474536533,22.8270875592333));
#12289=CARTESIAN_POINT('Ctrl Pts',(50.,66.4390093786349,22.7796174826625));
#12290=CARTESIAN_POINT('',(50.,66.9683391553988,23.115225011349));
#12291=CARTESIAN_POINT('Origin',(50.,66.9683391553989,20.4494674744609));
#12292=CARTESIAN_POINT('',(49.7,66.9683391553989,20.4494674744609));
#12293=CARTESIAN_POINT('',(49.7,66.9683391553989,21.4487853142026));
#12294=CARTESIAN_POINT('',(50.,66.9683391553989,20.4494674744609));
#12295=CARTESIAN_POINT('',(50.,66.9683391553989,10.2247337372305));
#12296=CARTESIAN_POINT('',(50.,66.9683391553989,20.4494674744609));
#12297=CARTESIAN_POINT('Origin',(50.,68.0924875242343,20.4494674744609));
#12298=CARTESIAN_POINT('',(49.7,68.0924875242343,20.4494674744609));
#12299=CARTESIAN_POINT('',(49.7,58.683210625284,20.4494674744609));
#12300=CARTESIAN_POINT('',(50.,68.0924875242343,20.4494674744609));
#12301=CARTESIAN_POINT('',(50.,47.5462437621172,20.4494674744609));
#12302=CARTESIAN_POINT('',(50.,68.0924875242343,20.4494674744609));
#12303=CARTESIAN_POINT('Origin',(50.,68.0924875242343,24.5176802816394));
#12304=CARTESIAN_POINT('',(49.7,68.0924875242343,24.5176802816394));
#12305=CARTESIAN_POINT('',(49.7,68.0924875242343,23.4828917177918));
#12306=CARTESIAN_POINT('',(50.,68.0924875242343,24.5176802816394));
#12307=CARTESIAN_POINT('',(50.,68.0924875242343,12.2588401408197));
#12308=CARTESIAN_POINT('',(50.,68.0924875242343,24.5176802816394));
#12309=CARTESIAN_POINT('Origin',(50.,27.,0.));
#12310=CARTESIAN_POINT('',(50.,45.2002627355685,23.641827279568));
#12311=CARTESIAN_POINT('',(50.,44.6572894556155,23.641827279568));
#12312=CARTESIAN_POINT('',(50.,36.1001313677843,23.641827279568));
#12313=CARTESIAN_POINT('',(50.,44.6572894556155,11.820913639784));
#12314=CARTESIAN_POINT('',(50.,45.6613821489444,23.5381438078883));
#12315=CARTESIAN_POINT('Ctrl Pts',(50.,45.7841653329959,23.2407362999919));
#12316=CARTESIAN_POINT('Ctrl Pts',(50.,45.7802415770357,23.3005035661757));
#12317=CARTESIAN_POINT('Ctrl Pts',(50.,45.7727938386186,23.4139486858411));
#12318=CARTESIAN_POINT('Ctrl Pts',(50.,45.69716622005,23.4982538547667));
#12319=CARTESIAN_POINT('Ctrl Pts',(50.,45.6613821489444,23.5381438078883));
#12320=CARTESIAN_POINT('Ctrl Pts',(50.,45.6613821489444,23.5381438078883));
#12321=CARTESIAN_POINT('Ctrl Pts',(50.,45.6035373919425,23.5681138756659));
#12322=CARTESIAN_POINT('Ctrl Pts',(50.,45.4600990625218,23.6424310078911));
#12323=CARTESIAN_POINT('Ctrl Pts',(50.,45.2973685068147,23.6420529043108));
#12324=CARTESIAN_POINT('Ctrl Pts',(50.,45.2002627355685,23.641827279568));
#12325=CARTESIAN_POINT('Origin',(50.,27.,0.));
#12326=CARTESIAN_POINT('',(50.,38.0332840434129,21.974706226826));
#12327=CARTESIAN_POINT('Origin',(50.,27.,0.));
#12328=CARTESIAN_POINT('',(50.,33.6867619505937,21.974706226826));
#12329=CARTESIAN_POINT('Origin',(50.,27.,0.));
#12330=CARTESIAN_POINT('',(50.,56.2016303045382,23.3089490475657));
#12331=CARTESIAN_POINT('',(50.,55.5140454275241,23.5436012091639));
#12332=CARTESIAN_POINT('Ctrl Pts',(50.,56.2016303045382,23.3089490475657));
#12333=CARTESIAN_POINT('Ctrl Pts',(50.,56.1133007755293,23.3771378905695));
#12334=CARTESIAN_POINT('Ctrl Pts',(50.,55.9125502957788,23.5321137304753));
#12335=CARTESIAN_POINT('Ctrl Pts',(50.,55.6570990135231,23.5394774828273));
#12336=CARTESIAN_POINT('Ctrl Pts',(50.,55.5140454275241,23.5436012091639));
#12337=CARTESIAN_POINT('',(50.,41.257022713762,23.5436012091639));
#12338=CARTESIAN_POINT('',(50.,56.4089972478976,22.4385537447932));
#12339=CARTESIAN_POINT('Ctrl Pts',(50.,56.3162261945834,21.7427827658656));
#12340=CARTESIAN_POINT('Ctrl Pts',(50.,56.3430791250559,21.8361394590456));
#12341=CARTESIAN_POINT('Ctrl Pts',(50.,56.4083075264776,22.0629120217047));
#12342=CARTESIAN_POINT('Ctrl Pts',(50.,56.4087417711117,22.2994138873554));
#12343=CARTESIAN_POINT('Ctrl Pts',(50.,56.4089972478976,22.4385537447932));
#12344=CARTESIAN_POINT('Ctrl Pts',(50.,56.4089972478976,22.4385537447932));
#12345=CARTESIAN_POINT('Ctrl Pts',(50.,56.4089854776152,22.6217418186157));
#12346=CARTESIAN_POINT('Ctrl Pts',(50.,56.4089656280326,22.9306729601663));
#12347=CARTESIAN_POINT('Ctrl Pts',(50.,56.2616085113609,23.1995208950265));
#12348=CARTESIAN_POINT('Ctrl Pts',(50.,56.2016303045382,23.3089490475657));
#12349=CARTESIAN_POINT('Origin',(50.,12.8753602325716,14.9496325929006));
#12350=CARTESIAN_POINT('',(49.7,12.8753602325716,14.9496325929006));
#12351=CARTESIAN_POINT('',(49.7,14.5280212594272,20.2381478788386));
#12352=CARTESIAN_POINT('',(50.,12.8753602325716,14.9496325929006));
#12353=CARTESIAN_POINT('',(50.,14.7770786907697,21.0351316591345));
#12354=CARTESIAN_POINT('',(50.,12.8753602325716,14.9496325929006));
#12355=CARTESIAN_POINT('Origin',(50.,27.,0.));
#12356=CARTESIAN_POINT('',(50.,82.4788000236451,14.9496325929006));
#12357=CARTESIAN_POINT('',(50.,8.82860004729015,2.));
#12358=CARTESIAN_POINT('',(50.,14.7770786907697,21.0351316591345));
#12359=CARTESIAN_POINT('',(50.,82.379,2.));
#12360=CARTESIAN_POINT('Origin',(50.,27.,0.));
#12361=CARTESIAN_POINT('',(50.,63.4703857404819,23.7782533707621));
#12362=CARTESIAN_POINT('',(50.,63.0720216734042,23.4972162785533));
#12363=CARTESIAN_POINT('Ctrl Pts',(50.,63.4703857404819,23.7782533707621));
#12364=CARTESIAN_POINT('Ctrl Pts',(50.,63.3842487482919,23.7650106994532));
#12365=CARTESIAN_POINT('Ctrl Pts',(50.,63.2058297832213,23.7375806296348));
#12366=CARTESIAN_POINT('Ctrl Pts',(50.,63.1176368694756,23.5791565063776));
#12367=CARTESIAN_POINT('Ctrl Pts',(50.,63.0720216734042,23.4972162785533));
#12368=CARTESIAN_POINT('Ctrl Pts',(50.,63.0720216734042,23.4972162785533));
#12369=CARTESIAN_POINT('Ctrl Pts',(50.,63.0366137836499,23.3653100835217));
#12370=CARTESIAN_POINT('Ctrl Pts',(50.,62.9459374709359,23.0275105853708));
#12371=CARTESIAN_POINT('Ctrl Pts',(50.,62.947989894177,22.6768450132748));
#12372=CARTESIAN_POINT('Ctrl Pts',(50.,62.9492408735385,22.4631096663478));
#12373=CARTESIAN_POINT('',(50.,63.8742048246493,23.5026730837825));
#12374=CARTESIAN_POINT('Ctrl Pts',(50.,64.010630319797,22.4330963435176));
#12375=CARTESIAN_POINT('Ctrl Pts',(50.,64.0125579333371,22.6570204066259));
#12376=CARTESIAN_POINT('Ctrl Pts',(50.,64.0156901234979,23.0208758852483));
#12377=CARTESIAN_POINT('Ctrl Pts',(50.,63.9135036598766,23.3688495072538));
#12378=CARTESIAN_POINT('Ctrl Pts',(50.,63.8742048246493,23.5026730837825));
#12379=CARTESIAN_POINT('Ctrl Pts',(50.,63.8742048246493,23.5026730837825));
#12380=CARTESIAN_POINT('Ctrl Pts',(50.,63.8258749778803,23.5830127945624));
#12381=CARTESIAN_POINT('Ctrl Pts',(50.,63.7329109910088,23.7375487659656));
#12382=CARTESIAN_POINT('Ctrl Pts',(50.,63.5555437951019,23.7650495934051));
#12383=CARTESIAN_POINT('Ctrl Pts',(50.,63.4703857404819,23.7782533707621));
#12384=CARTESIAN_POINT('Origin',(37.5,61.6895,78.5));
#12385=CARTESIAN_POINT('',(36.,30.8014989991994,78.5));
#12386=CARTESIAN_POINT('',(37.5,27.6790000000002,80.));
#12387=CARTESIAN_POINT('Ctrl Pts',(37.5,27.6790000000002,80.));
#12388=CARTESIAN_POINT('Ctrl Pts',(37.1629108145237,28.2294643348184,80.));
#12389=CARTESIAN_POINT('Ctrl Pts',(36.8009764759679,28.8170030648119,79.8810571455088));
#12390=CARTESIAN_POINT('Ctrl Pts',(36.3694154922942,29.6310819968883,79.5041144679401));
#12391=CARTESIAN_POINT('Ctrl Pts',(36.2442345449432,29.8911403313572,79.3467174940519));
#12392=CARTESIAN_POINT('Ctrl Pts',(36.0603168115772,30.3755444934105,78.9703081740215));
#12393=CARTESIAN_POINT('Ctrl Pts',(36.,30.5997875467578,78.7519375233503));
#12394=CARTESIAN_POINT('Ctrl Pts',(36.,30.8014989991994,78.5));
#12395=CARTESIAN_POINT('',(37.5,79.3789999999999,80.));
#12396=CARTESIAN_POINT('',(37.5,61.6895,80.));
#12397=CARTESIAN_POINT('',(36.,76.2565010008007,78.5));
#12398=CARTESIAN_POINT('Ctrl Pts',(36.,76.2565010008007,78.5));
#12399=CARTESIAN_POINT('Ctrl Pts',(36.,76.4582124532423,78.7519375233503));
#12400=CARTESIAN_POINT('Ctrl Pts',(36.0603168115772,76.6824555065895,78.9703081740215));
#12401=CARTESIAN_POINT('Ctrl Pts',(36.2442345449432,77.1668596686428,79.3467174940519));
#12402=CARTESIAN_POINT('Ctrl Pts',(36.3694154922942,77.4269180031117,79.5041144679401));
#12403=CARTESIAN_POINT('Ctrl Pts',(36.8009764759679,78.2409969351881,79.8810571455088));
#12404=CARTESIAN_POINT('Ctrl Pts',(37.1629108145237,78.8285356651816,80.));
#12405=CARTESIAN_POINT('Ctrl Pts',(37.5,79.3789999999999,80.));
#12406=CARTESIAN_POINT('',(36.,61.6895,78.5));
#12407=CARTESIAN_POINT('Origin',(-1.49999950826167,61.6895,78.5));
#12408=CARTESIAN_POINT('',(-1.49999950826167,27.6790000000002,80.));
#12409=CARTESIAN_POINT('Ctrl Pts',(-1.49999950826167,27.6790000000002,80.));
#12410=CARTESIAN_POINT('Ctrl Pts',(-1.83708869373801,28.2294643348185,80.));
#12411=CARTESIAN_POINT('Ctrl Pts',(-2.19902303229373,28.8170030648119,79.8810571455088));
#12412=CARTESIAN_POINT('Ctrl Pts',(-2.63058401596745,29.6310819968883,79.5041144679401));
#12413=CARTESIAN_POINT('Ctrl Pts',(-2.75576496331846,29.8911403313572,79.3467174940519));
#12414=CARTESIAN_POINT('Ctrl Pts',(-2.93968269668445,30.3755444934105,78.9703081740215));
#12415=CARTESIAN_POINT('Ctrl Pts',(-2.99999950826167,30.5997875467578,78.7519375233503));
#12416=CARTESIAN_POINT('Ctrl Pts',(-2.99999950826167,30.8014989991994,78.5));
#12417=CARTESIAN_POINT('',(-1.49999950826167,61.6895,80.));
#12418=CARTESIAN_POINT('Origin',(-37.5,43.8395,78.5));
#12419=CARTESIAN_POINT('',(-36.,76.2565010008007,78.5));
#12420=CARTESIAN_POINT('',(-37.5,79.3789999999999,80.));
#12421=CARTESIAN_POINT('Ctrl Pts',(-37.5,79.3789999999999,80.));
#12422=CARTESIAN_POINT('Ctrl Pts',(-37.1629108145237,78.8285356651816,80.));
#12423=CARTESIAN_POINT('Ctrl Pts',(-36.800976475968,78.2409969351882,79.8810571455088));
#12424=CARTESIAN_POINT('Ctrl Pts',(-36.3694154922943,77.4269180031117,79.5041144679401));
#12425=CARTESIAN_POINT('Ctrl Pts',(-36.2442345449432,77.1668596686428,79.3467174940519));
#12426=CARTESIAN_POINT('Ctrl Pts',(-36.0603168115773,76.6824555065895,78.9703081740215));
#12427=CARTESIAN_POINT('Ctrl Pts',(-36.,76.4582124532422,78.7519375233503));
#12428=CARTESIAN_POINT('Ctrl Pts',(-36.,76.2565010008007,78.5));
#12429=CARTESIAN_POINT('',(-37.5,27.6790000000002,80.));
#12430=CARTESIAN_POINT('',(-37.5,43.8395,80.));
#12431=CARTESIAN_POINT('',(-36.,30.8014989991994,78.5));
#12432=CARTESIAN_POINT('Ctrl Pts',(-36.,30.8014989991994,78.5));
#12433=CARTESIAN_POINT('Ctrl Pts',(-36.,30.6271923835563,78.7177088931597));
#12434=CARTESIAN_POINT('Ctrl Pts',(-36.0491219808609,30.4178012465706,78.9296064271082));
#12435=CARTESIAN_POINT('Ctrl Pts',(-36.2113488637818,29.9679300997085,79.2930873231617));
#12436=CARTESIAN_POINT('Ctrl Pts',(-36.3237042855869,29.7274661784545,79.4450246291465));
#12437=CARTESIAN_POINT('Ctrl Pts',(-36.5809924048822,29.224811056786,79.7023127484418));
#12438=CARTESIAN_POINT('Ctrl Pts',(-36.755980191867,28.9155892976361,79.8176822508148));
#12439=CARTESIAN_POINT('Ctrl Pts',(-37.1265064422378,28.2884670401802,79.9664089612414));
#12440=CARTESIAN_POINT('Ctrl Pts',(-37.3215850370389,27.9703504144884,80.));
#12441=CARTESIAN_POINT('Ctrl Pts',(-37.5,27.6790000000002,80.));
#12442=CARTESIAN_POINT('',(-36.,43.8395,78.5));
#12443=CARTESIAN_POINT('Origin',(-31.4999995082617,43.8395,78.5));
#12444=CARTESIAN_POINT('',(-31.4999995082617,27.6790000000002,80.));
#12445=CARTESIAN_POINT('',(-29.9999995082617,30.8014989991994,78.5));
#12446=CARTESIAN_POINT('Ctrl Pts',(-29.9999995082617,30.8014989991994,78.5));
#12447=CARTESIAN_POINT('Ctrl Pts',(-29.9999995082617,30.5997875467578,78.7519375233503));
#12448=CARTESIAN_POINT('Ctrl Pts',(-30.0603163198389,30.3755444934105,78.9703081740215));
#12449=CARTESIAN_POINT('Ctrl Pts',(-30.2442340532049,29.8911403313572,79.3467174940519));
#12450=CARTESIAN_POINT('Ctrl Pts',(-30.3694150005559,29.6310819968883,79.5041144679401));
#12451=CARTESIAN_POINT('Ctrl Pts',(-30.8009759842296,28.8170030648119,79.8810571455088));
#12452=CARTESIAN_POINT('Ctrl Pts',(-31.1629103227853,28.2294643348185,80.));
#12453=CARTESIAN_POINT('Ctrl Pts',(-31.4999995082617,27.6790000000002,80.));
#12454=CARTESIAN_POINT('',(-29.9999995082617,76.2565010008007,78.5));
#12455=CARTESIAN_POINT('',(-29.9999995082617,43.8395,78.5));
#12456=CARTESIAN_POINT('',(-31.4999995082617,79.3789999999999,80.));
#12457=CARTESIAN_POINT('Ctrl Pts',(-31.4999995082617,79.3789999999999,80.));
#12458=CARTESIAN_POINT('Ctrl Pts',(-31.1629103227853,78.8285356651816,80.));
#12459=CARTESIAN_POINT('Ctrl Pts',(-30.8009759842296,78.2409969351882,79.8810571455088));
#12460=CARTESIAN_POINT('Ctrl Pts',(-30.3694150005559,77.4269180031117,79.5041144679401));
#12461=CARTESIAN_POINT('Ctrl Pts',(-30.2442340532049,77.1668596686428,79.3467174940519));
#12462=CARTESIAN_POINT('Ctrl Pts',(-30.0603163198389,76.6824555065895,78.9703081740215));
#12463=CARTESIAN_POINT('Ctrl Pts',(-29.9999995082617,76.4582124532422,78.7519375233503));
#12464=CARTESIAN_POINT('Ctrl Pts',(-29.9999995082617,76.2565010008007,78.5));
#12465=CARTESIAN_POINT('',(-32.9999995082617,76.2565010008007,78.5));
#12466=CARTESIAN_POINT('Ctrl Pts',(-32.9999995082617,76.2565010008007,78.5));
#12467=CARTESIAN_POINT('Ctrl Pts',(-32.9999995082617,76.4582124532423,78.7519375233503));
#12468=CARTESIAN_POINT('Ctrl Pts',(-32.9396826966845,76.6824555065895,78.9703081740215));
#12469=CARTESIAN_POINT('Ctrl Pts',(-32.7557649633185,77.1668596686428,79.3467174940519));
#12470=CARTESIAN_POINT('Ctrl Pts',(-32.6305840159675,77.4269180031117,79.5041144679401));
#12471=CARTESIAN_POINT('Ctrl Pts',(-32.1990230322937,78.2409969351881,79.8810571455088));
#12472=CARTESIAN_POINT('Ctrl Pts',(-31.837088693738,78.8285356651816,80.));
#12473=CARTESIAN_POINT('Ctrl Pts',(-31.4999995082617,79.3789999999999,80.));
#12474=CARTESIAN_POINT('',(-32.9999995082617,30.8014989991994,78.5));
#12475=CARTESIAN_POINT('',(-32.9999995082617,61.6895,78.5));
#12476=CARTESIAN_POINT('Ctrl Pts',(-31.4999995082617,27.6790000000002,80.));
#12477=CARTESIAN_POINT('Ctrl Pts',(-31.837088693738,28.2294643348185,80.));
#12478=CARTESIAN_POINT('Ctrl Pts',(-32.1990230322937,28.8170030648119,79.8810571455088));
#12479=CARTESIAN_POINT('Ctrl Pts',(-32.6305840159675,29.6310819968883,79.5041144679402));
#12480=CARTESIAN_POINT('Ctrl Pts',(-32.7557649633185,29.8911403313572,79.3467174940519));
#12481=CARTESIAN_POINT('Ctrl Pts',(-32.9396826966845,30.3755444934105,78.9703081740215));
#12482=CARTESIAN_POINT('Ctrl Pts',(-32.9999995082617,30.5997875467578,78.7519375233504));
#12483=CARTESIAN_POINT('Ctrl Pts',(-32.9999995082617,30.8014989991994,78.5));
#12484=CARTESIAN_POINT('Origin',(-29.9999995082617,35.679,80.));
#12485=CARTESIAN_POINT('Origin',(-29.9999995082617,79.3789999999999,76.));
#12486=CARTESIAN_POINT('Origin',(-29.9999995082617,27.6790000000002,76.));
#12487=CARTESIAN_POINT('Origin',(-25.4999995082617,43.8395,78.5));
#12488=CARTESIAN_POINT('',(-25.4999995082617,79.3789999999999,80.));
#12489=CARTESIAN_POINT('Ctrl Pts',(-25.4999995082617,79.3789999999999,80.));
#12490=CARTESIAN_POINT('Ctrl Pts',(-25.1629103227853,78.8285356651816,80.));
#12491=CARTESIAN_POINT('Ctrl Pts',(-24.8009759842296,78.2409969351882,79.8810571455088));
#12492=CARTESIAN_POINT('Ctrl Pts',(-24.3694150005559,77.4269180031117,79.5041144679401));
#12493=CARTESIAN_POINT('Ctrl Pts',(-24.2442340532049,77.1668596686428,79.3467174940519));
#12494=CARTESIAN_POINT('Ctrl Pts',(-24.0603163198389,76.6824555065895,78.9703081740215));
#12495=CARTESIAN_POINT('Ctrl Pts',(-23.9999995082617,76.4582124532422,78.7519375233503));
#12496=CARTESIAN_POINT('Ctrl Pts',(-23.9999995082617,76.2565010008007,78.5));
#12497=CARTESIAN_POINT('Ctrl Pts',(-26.9999995082617,76.2565010008007,78.5));
#12498=CARTESIAN_POINT('Ctrl Pts',(-26.9999995082617,76.4582124532423,78.7519375233503));
#12499=CARTESIAN_POINT('Ctrl Pts',(-26.9396826966845,76.6824555065895,78.9703081740215));
#12500=CARTESIAN_POINT('Ctrl Pts',(-26.7557649633185,77.1668596686428,79.3467174940519));
#12501=CARTESIAN_POINT('Ctrl Pts',(-26.6305840159675,77.4269180031117,79.5041144679401));
#12502=CARTESIAN_POINT('Ctrl Pts',(-26.1990230322937,78.2409969351882,79.8810571455088));
#12503=CARTESIAN_POINT('Ctrl Pts',(-25.837088693738,78.8285356651816,80.));
#12504=CARTESIAN_POINT('Ctrl Pts',(-25.4999995082617,79.3789999999999,80.));
#12505=CARTESIAN_POINT('',(-25.4999995082617,27.6790000000002,80.));
#12506=CARTESIAN_POINT('Ctrl Pts',(-25.4999995082617,27.6790000000002,80.));
#12507=CARTESIAN_POINT('Ctrl Pts',(-25.837088693738,28.2294643348185,80.));
#12508=CARTESIAN_POINT('Ctrl Pts',(-26.1990230322937,28.8170030648119,79.8810571455088));
#12509=CARTESIAN_POINT('Ctrl Pts',(-26.6305840159675,29.6310819968883,79.5041144679401));
#12510=CARTESIAN_POINT('Ctrl Pts',(-26.7557649633185,29.8911403313572,79.3467174940519));
#12511=CARTESIAN_POINT('Ctrl Pts',(-26.9396826966845,30.3755444934105,78.9703081740215));
#12512=CARTESIAN_POINT('Ctrl Pts',(-26.9999995082617,30.5997875467578,78.7519375233503));
#12513=CARTESIAN_POINT('Ctrl Pts',(-26.9999995082617,30.8014989991994,78.5));
#12514=CARTESIAN_POINT('Ctrl Pts',(-23.9999995082617,30.8014989991994,78.5));
#12515=CARTESIAN_POINT('Ctrl Pts',(-23.9999995082617,30.5997875467578,78.7519375233503));
#12516=CARTESIAN_POINT('Ctrl Pts',(-24.0603163198389,30.3755444934105,78.9703081740215));
#12517=CARTESIAN_POINT('Ctrl Pts',(-24.2442340532049,29.8911403313572,79.3467174940519));
#12518=CARTESIAN_POINT('Ctrl Pts',(-24.3694150005559,29.6310819968883,79.5041144679401));
#12519=CARTESIAN_POINT('Ctrl Pts',(-24.8009759842296,28.8170030648119,79.8810571455088));
#12520=CARTESIAN_POINT('Ctrl Pts',(-25.1629103227853,28.2294643348185,80.));
#12521=CARTESIAN_POINT('Ctrl Pts',(-25.4999995082617,27.6790000000002,80.));
#12522=CARTESIAN_POINT('Origin',(-19.4999995082617,43.8395,78.5));
#12523=CARTESIAN_POINT('Ctrl Pts',(-20.9999995082617,76.2565010008007,78.5));
#12524=CARTESIAN_POINT('Ctrl Pts',(-20.9999995082617,76.4582124532423,78.7519375233503));
#12525=CARTESIAN_POINT('Ctrl Pts',(-20.9396826966845,76.6824555065895,78.9703081740215));
#12526=CARTESIAN_POINT('Ctrl Pts',(-20.7557649633185,77.1668596686428,79.3467174940519));
#12527=CARTESIAN_POINT('Ctrl Pts',(-20.6305840159675,77.4269180031117,79.5041144679401));
#12528=CARTESIAN_POINT('Ctrl Pts',(-20.1990230322937,78.2409969351882,79.8810571455088));
#12529=CARTESIAN_POINT('Ctrl Pts',(-19.837088693738,78.8285356651816,80.));
#12530=CARTESIAN_POINT('Ctrl Pts',(-19.4999995082617,79.3789999999999,80.));
#12531=CARTESIAN_POINT('',(-19.4999995082617,27.6790000000002,80.));
#12532=CARTESIAN_POINT('Ctrl Pts',(-19.4999995082617,27.6790000000002,80.));
#12533=CARTESIAN_POINT('Ctrl Pts',(-19.837088693738,28.2294643348185,80.));
#12534=CARTESIAN_POINT('Ctrl Pts',(-20.1990230322937,28.8170030648119,79.8810571455088));
#12535=CARTESIAN_POINT('Ctrl Pts',(-20.6305840159675,29.6310819968883,79.5041144679401));
#12536=CARTESIAN_POINT('Ctrl Pts',(-20.7557649633185,29.8911403313572,79.3467174940519));
#12537=CARTESIAN_POINT('Ctrl Pts',(-20.9396826966845,30.3755444934105,78.9703081740215));
#12538=CARTESIAN_POINT('Ctrl Pts',(-20.9999995082617,30.5997875467578,78.7519375233503));
#12539=CARTESIAN_POINT('Ctrl Pts',(-20.9999995082617,30.8014989991994,78.5));
#12540=CARTESIAN_POINT('Ctrl Pts',(-17.9999995082617,30.8014989991994,78.5));
#12541=CARTESIAN_POINT('Ctrl Pts',(-17.9999995082617,30.5997875467578,78.7519375233503));
#12542=CARTESIAN_POINT('Ctrl Pts',(-18.0603163198389,30.3755444934105,78.9703081740215));
#12543=CARTESIAN_POINT('Ctrl Pts',(-18.2442340532049,29.8911403313572,79.3467174940519));
#12544=CARTESIAN_POINT('Ctrl Pts',(-18.3694150005559,29.6310819968883,79.5041144679401));
#12545=CARTESIAN_POINT('Ctrl Pts',(-18.8009759842296,28.8170030648119,79.8810571455088));
#12546=CARTESIAN_POINT('Ctrl Pts',(-19.1629103227853,28.2294643348185,80.));
#12547=CARTESIAN_POINT('Ctrl Pts',(-19.4999995082617,27.6790000000002,80.));
#12548=CARTESIAN_POINT('Origin',(-13.4999995082617,43.8395,78.5));
#12549=CARTESIAN_POINT('',(-13.4999995082617,27.6790000000002,80.));
#12550=CARTESIAN_POINT('Ctrl Pts',(-13.4999995082617,27.6790000000002,80.));
#12551=CARTESIAN_POINT('Ctrl Pts',(-13.6784144712228,27.9703504144884,80.));
#12552=CARTESIAN_POINT('Ctrl Pts',(-13.8734930660239,28.2884670401802,79.9664089612414));
#12553=CARTESIAN_POINT('Ctrl Pts',(-14.2440193163946,28.9155892976361,79.8176822508148));
#12554=CARTESIAN_POINT('Ctrl Pts',(-14.4190071033795,29.224811056786,79.7023127484418));
#12555=CARTESIAN_POINT('Ctrl Pts',(-14.6762952226748,29.7274661784545,79.4450246291465));
#12556=CARTESIAN_POINT('Ctrl Pts',(-14.7886506444799,29.9679300997085,79.2930873231617));
#12557=CARTESIAN_POINT('Ctrl Pts',(-14.9508775274007,30.4178012465706,78.9296064271083));
#12558=CARTESIAN_POINT('Ctrl Pts',(-14.9999995082617,30.6271923835563,78.7177088931597));
#12559=CARTESIAN_POINT('Ctrl Pts',(-14.9999995082617,30.8014989991994,78.5));
#12560=CARTESIAN_POINT('Ctrl Pts',(-11.9999995082617,30.8014989991994,78.5));
#12561=CARTESIAN_POINT('Ctrl Pts',(-11.9999995082617,30.6271923835563,78.7177088931597));
#12562=CARTESIAN_POINT('Ctrl Pts',(-12.0491214891226,30.4178012465706,78.9296064271082));
#12563=CARTESIAN_POINT('Ctrl Pts',(-12.2113483720434,29.9679300997085,79.2930873231617));
#12564=CARTESIAN_POINT('Ctrl Pts',(-12.3237037938486,29.7274661784545,79.4450246291465));
#12565=CARTESIAN_POINT('Ctrl Pts',(-12.5809919131438,29.224811056786,79.7023127484418));
#12566=CARTESIAN_POINT('Ctrl Pts',(-12.7559797001287,28.9155892976361,79.8176822508148));
#12567=CARTESIAN_POINT('Ctrl Pts',(-13.1265059504995,28.2884670401802,79.9664089612414));
#12568=CARTESIAN_POINT('Ctrl Pts',(-13.3215845453005,27.9703504144884,80.));
#12569=CARTESIAN_POINT('Ctrl Pts',(-13.4999995082617,27.6790000000002,80.));
#12570=CARTESIAN_POINT('Origin',(-7.49999950826168,43.8395,78.5));
#12571=CARTESIAN_POINT('',(-7.49999950826168,27.6790000000002,80.));
#12572=CARTESIAN_POINT('Ctrl Pts',(-5.99999950826168,30.8014989991994,78.5));
#12573=CARTESIAN_POINT('Ctrl Pts',(-5.99999950826168,30.5997875467578,78.7519375233503));
#12574=CARTESIAN_POINT('Ctrl Pts',(-6.06031631983891,30.3755444934105,78.9703081740215));
#12575=CARTESIAN_POINT('Ctrl Pts',(-6.24423405320489,29.8911403313572,79.3467174940519));
#12576=CARTESIAN_POINT('Ctrl Pts',(-6.36941500055591,29.6310819968883,79.5041144679401));
#12577=CARTESIAN_POINT('Ctrl Pts',(-6.80097598422963,28.8170030648119,79.8810571455088));
#12578=CARTESIAN_POINT('Ctrl Pts',(-7.16291032278534,28.2294643348185,80.));
#12579=CARTESIAN_POINT('Ctrl Pts',(-7.49999950826168,27.6790000000002,80.));
#12580=CARTESIAN_POINT('Ctrl Pts',(-7.49999950826168,27.6790000000002,80.));
#12581=CARTESIAN_POINT('Ctrl Pts',(-7.83708869373802,28.2294643348185,80.));
#12582=CARTESIAN_POINT('Ctrl Pts',(-8.19902303229373,28.8170030648119,79.8810571455088));
#12583=CARTESIAN_POINT('Ctrl Pts',(-8.63058401596746,29.6310819968883,79.5041144679401));
#12584=CARTESIAN_POINT('Ctrl Pts',(-8.75576496331846,29.8911403313572,79.3467174940519));
#12585=CARTESIAN_POINT('Ctrl Pts',(-8.93968269668445,30.3755444934105,78.9703081740215));
#12586=CARTESIAN_POINT('Ctrl Pts',(-8.99999950826168,30.5997875467578,78.7519375233503));
#12587=CARTESIAN_POINT('Ctrl Pts',(-8.99999950826168,30.8014989991994,78.5));
#12588=CARTESIAN_POINT('Origin',(1.50000049173832,43.8395,78.5));
#12589=CARTESIAN_POINT('',(1.50000049173832,27.6790000000002,80.));
#12590=CARTESIAN_POINT('',(1.50000049173832,43.8395,80.));
#12591=CARTESIAN_POINT('Ctrl Pts',(3.00000049173832,30.8014989991994,78.5));
#12592=CARTESIAN_POINT('Ctrl Pts',(3.00000049173832,30.6271923835563,78.7177088931597));
#12593=CARTESIAN_POINT('Ctrl Pts',(2.95087851087738,30.4178012465706,78.9296064271082));
#12594=CARTESIAN_POINT('Ctrl Pts',(2.78865162795656,29.9679300997085,79.2930873231617));
#12595=CARTESIAN_POINT('Ctrl Pts',(2.67629620615143,29.7274661784545,79.4450246291465));
#12596=CARTESIAN_POINT('Ctrl Pts',(2.41900808685616,29.224811056786,79.7023127484418));
#12597=CARTESIAN_POINT('Ctrl Pts',(2.24402029987128,28.9155892976361,79.8176822508148));
#12598=CARTESIAN_POINT('Ctrl Pts',(1.8734940495005,28.2884670401802,79.9664089612414));
#12599=CARTESIAN_POINT('Ctrl Pts',(1.67841545469946,27.9703504144884,80.));
#12600=CARTESIAN_POINT('Ctrl Pts',(1.50000049173832,27.6790000000002,80.));
#12601=CARTESIAN_POINT('Origin',(7.50000049173832,43.8395,78.5));
#12602=CARTESIAN_POINT('',(7.50000049173832,27.6790000000002,80.));
#12603=CARTESIAN_POINT('Ctrl Pts',(7.50000049173832,27.6790000000002,80.));
#12604=CARTESIAN_POINT('Ctrl Pts',(7.16291130626198,28.2294643348185,80.));
#12605=CARTESIAN_POINT('Ctrl Pts',(6.80097696770626,28.8170030648119,79.8810571455088));
#12606=CARTESIAN_POINT('Ctrl Pts',(6.36941598403254,29.6310819968883,79.5041144679401));
#12607=CARTESIAN_POINT('Ctrl Pts',(6.24423503668154,29.8911403313572,79.3467174940519));
#12608=CARTESIAN_POINT('Ctrl Pts',(6.06031730331555,30.3755444934105,78.9703081740215));
#12609=CARTESIAN_POINT('Ctrl Pts',(6.00000049173832,30.5997875467578,78.7519375233503));
#12610=CARTESIAN_POINT('Ctrl Pts',(6.00000049173832,30.8014989991994,78.5));
#12611=CARTESIAN_POINT('Ctrl Pts',(9.00000049173832,30.8014989991994,78.5));
#12612=CARTESIAN_POINT('Ctrl Pts',(9.00000049173832,30.5997875467578,78.7519375233503));
#12613=CARTESIAN_POINT('Ctrl Pts',(8.93968368016109,30.3755444934105,78.9703081740215));
#12614=CARTESIAN_POINT('Ctrl Pts',(8.7557659467951,29.8911403313572,79.3467174940519));
#12615=CARTESIAN_POINT('Ctrl Pts',(8.6305849994441,29.6310819968883,79.5041144679401));
#12616=CARTESIAN_POINT('Ctrl Pts',(8.19902401577038,28.8170030648119,79.8810571455088));
#12617=CARTESIAN_POINT('Ctrl Pts',(7.83708967721466,28.2294643348185,80.));
#12618=CARTESIAN_POINT('Ctrl Pts',(7.50000049173832,27.6790000000002,80.));
#12619=CARTESIAN_POINT('Origin',(13.5000004917383,43.8395,78.5));
#12620=CARTESIAN_POINT('Ctrl Pts',(13.5000004917383,79.3789999999999,80.));
#12621=CARTESIAN_POINT('Ctrl Pts',(13.6784154546995,79.0876495855116,80.));
#12622=CARTESIAN_POINT('Ctrl Pts',(13.8734940495005,78.7695329598198,79.9664089612414));
#12623=CARTESIAN_POINT('Ctrl Pts',(14.2440202998713,78.1424107023639,79.8176822508148));
#12624=CARTESIAN_POINT('Ctrl Pts',(14.4190080868562,77.8331889432141,79.7023127484418));
#12625=CARTESIAN_POINT('Ctrl Pts',(14.6762962061514,77.3305338215455,79.4450246291465));
#12626=CARTESIAN_POINT('Ctrl Pts',(14.7886516279566,77.0900699002915,79.2930873231617));
#12627=CARTESIAN_POINT('Ctrl Pts',(14.9508785108774,76.6401987534295,78.9296064271083));
#12628=CARTESIAN_POINT('Ctrl Pts',(15.0000004917383,76.4308076164437,78.7177088931597));
#12629=CARTESIAN_POINT('Ctrl Pts',(15.0000004917383,76.2565010008007,78.5));
#12630=CARTESIAN_POINT('',(13.5000004917383,27.6790000000002,80.));
#12631=CARTESIAN_POINT('Ctrl Pts',(13.5000004917383,27.6790000000002,80.));
#12632=CARTESIAN_POINT('Ctrl Pts',(13.162911306262,28.2294643348185,80.));
#12633=CARTESIAN_POINT('Ctrl Pts',(12.8009769677063,28.8170030648119,79.8810571455088));
#12634=CARTESIAN_POINT('Ctrl Pts',(12.3694159840325,29.6310819968883,79.5041144679401));
#12635=CARTESIAN_POINT('Ctrl Pts',(12.2442350366815,29.8911403313572,79.3467174940519));
#12636=CARTESIAN_POINT('Ctrl Pts',(12.0603173033155,30.3755444934105,78.9703081740215));
#12637=CARTESIAN_POINT('Ctrl Pts',(12.0000004917383,30.5997875467578,78.7519375233503));
#12638=CARTESIAN_POINT('Ctrl Pts',(12.0000004917383,30.8014989991994,78.5));
#12639=CARTESIAN_POINT('Ctrl Pts',(15.0000004917383,30.8014989991994,78.5));
#12640=CARTESIAN_POINT('Ctrl Pts',(15.0000004917383,30.6271923835563,78.7177088931597));
#12641=CARTESIAN_POINT('Ctrl Pts',(14.9508785108774,30.4178012465706,78.9296064271082));
#12642=CARTESIAN_POINT('Ctrl Pts',(14.7886516279566,29.9679300997085,79.2930873231617));
#12643=CARTESIAN_POINT('Ctrl Pts',(14.6762962061514,29.7274661784545,79.4450246291465));
#12644=CARTESIAN_POINT('Ctrl Pts',(14.4190080868562,29.224811056786,79.7023127484418));
#12645=CARTESIAN_POINT('Ctrl Pts',(14.2440202998713,28.9155892976361,79.8176822508148));
#12646=CARTESIAN_POINT('Ctrl Pts',(13.8734940495005,28.2884670401802,79.9664089612414));
#12647=CARTESIAN_POINT('Ctrl Pts',(13.6784154546995,27.9703504144884,80.));
#12648=CARTESIAN_POINT('Ctrl Pts',(13.5000004917383,27.6790000000002,80.));
#12649=CARTESIAN_POINT('Origin',(19.5000004917383,43.8395,78.5));
#12650=CARTESIAN_POINT('',(19.5000004917383,27.6790000000002,80.));
#12651=CARTESIAN_POINT('Ctrl Pts',(21.0000004917383,30.8014989991994,78.5));
#12652=CARTESIAN_POINT('Ctrl Pts',(21.0000004917383,30.6271923835563,78.7177088931597));
#12653=CARTESIAN_POINT('Ctrl Pts',(20.9508785108774,30.4178012465706,78.9296064271082));
#12654=CARTESIAN_POINT('Ctrl Pts',(20.7886516279566,29.9679300997085,79.2930873231617));
#12655=CARTESIAN_POINT('Ctrl Pts',(20.6762962061514,29.7274661784545,79.4450246291465));
#12656=CARTESIAN_POINT('Ctrl Pts',(20.4190080868562,29.224811056786,79.7023127484418));
#12657=CARTESIAN_POINT('Ctrl Pts',(20.2440202998713,28.9155892976361,79.8176822508148));
#12658=CARTESIAN_POINT('Ctrl Pts',(19.8734940495005,28.2884670401802,79.9664089612414));
#12659=CARTESIAN_POINT('Ctrl Pts',(19.6784154546995,27.9703504144884,80.));
#12660=CARTESIAN_POINT('Ctrl Pts',(19.5000004917383,27.6790000000002,80.));
#12661=CARTESIAN_POINT('',(19.5000004917383,79.3789999999999,80.));
#12662=CARTESIAN_POINT('Ctrl Pts',(19.5000004917383,79.3789999999999,80.));
#12663=CARTESIAN_POINT('Ctrl Pts',(19.6784154546995,79.0876495855116,80.));
#12664=CARTESIAN_POINT('Ctrl Pts',(19.8734940495005,78.7695329598198,79.9664089612414));
#12665=CARTESIAN_POINT('Ctrl Pts',(20.2440202998713,78.1424107023639,79.8176822508148));
#12666=CARTESIAN_POINT('Ctrl Pts',(20.4190080868562,77.8331889432141,79.7023127484418));
#12667=CARTESIAN_POINT('Ctrl Pts',(20.6762962061514,77.3305338215455,79.4450246291465));
#12668=CARTESIAN_POINT('Ctrl Pts',(20.7886516279566,77.0900699002915,79.2930873231617));
#12669=CARTESIAN_POINT('Ctrl Pts',(20.9508785108774,76.6401987534295,78.9296064271083));
#12670=CARTESIAN_POINT('Ctrl Pts',(21.0000004917383,76.4308076164437,78.7177088931597));
#12671=CARTESIAN_POINT('Ctrl Pts',(21.0000004917383,76.2565010008007,78.5));
#12672=CARTESIAN_POINT('Ctrl Pts',(18.0000004917383,76.2565010008007,78.5));
#12673=CARTESIAN_POINT('Ctrl Pts',(18.0000004917383,76.4582124532423,78.7519375233503));
#12674=CARTESIAN_POINT('Ctrl Pts',(18.0603173033156,76.6824555065895,78.9703081740215));
#12675=CARTESIAN_POINT('Ctrl Pts',(18.2442350366816,77.1668596686428,79.3467174940519));
#12676=CARTESIAN_POINT('Ctrl Pts',(18.3694159840326,77.4269180031117,79.5041144679401));
#12677=CARTESIAN_POINT('Ctrl Pts',(18.8009769677063,78.2409969351882,79.8810571455088));
#12678=CARTESIAN_POINT('Ctrl Pts',(19.162911306262,78.8285356651816,80.));
#12679=CARTESIAN_POINT('Ctrl Pts',(19.5000004917383,79.3789999999999,80.));
#12680=CARTESIAN_POINT('Ctrl Pts',(19.5000004917383,27.6790000000002,80.));
#12681=CARTESIAN_POINT('Ctrl Pts',(19.162911306262,28.2294643348185,80.));
#12682=CARTESIAN_POINT('Ctrl Pts',(18.8009769677063,28.8170030648119,79.8810571455088));
#12683=CARTESIAN_POINT('Ctrl Pts',(18.3694159840325,29.6310819968883,79.5041144679401));
#12684=CARTESIAN_POINT('Ctrl Pts',(18.2442350366815,29.8911403313572,79.3467174940519));
#12685=CARTESIAN_POINT('Ctrl Pts',(18.0603173033156,30.3755444934105,78.9703081740215));
#12686=CARTESIAN_POINT('Ctrl Pts',(18.0000004917383,30.5997875467578,78.7519375233503));
#12687=CARTESIAN_POINT('Ctrl Pts',(18.0000004917383,30.8014989991994,78.5));
#12688=CARTESIAN_POINT('Origin',(25.5000004917383,43.8395,78.5));
#12689=CARTESIAN_POINT('',(25.5000004917383,27.6790000000002,80.));
#12690=CARTESIAN_POINT('Ctrl Pts',(27.0000004917383,30.8014989991994,78.5));
#12691=CARTESIAN_POINT('Ctrl Pts',(27.0000004917383,30.5997875467578,78.7519375233503));
#12692=CARTESIAN_POINT('Ctrl Pts',(26.9396836801611,30.3755444934105,78.9703081740215));
#12693=CARTESIAN_POINT('Ctrl Pts',(26.7557659467951,29.8911403313572,79.3467174940519));
#12694=CARTESIAN_POINT('Ctrl Pts',(26.6305849994441,29.6310819968883,79.5041144679401));
#12695=CARTESIAN_POINT('Ctrl Pts',(26.1990240157704,28.8170030648119,79.8810571455088));
#12696=CARTESIAN_POINT('Ctrl Pts',(25.8370896772147,28.2294643348184,80.));
#12697=CARTESIAN_POINT('Ctrl Pts',(25.5000004917383,27.6790000000002,80.));
#12698=CARTESIAN_POINT('',(25.5000004917383,79.3789999999999,80.));
#12699=CARTESIAN_POINT('Ctrl Pts',(25.5000004917383,79.3789999999999,80.));
#12700=CARTESIAN_POINT('Ctrl Pts',(25.8370896772147,78.8285356651816,80.));
#12701=CARTESIAN_POINT('Ctrl Pts',(26.1990240157704,78.2409969351882,79.8810571455088));
#12702=CARTESIAN_POINT('Ctrl Pts',(26.6305849994441,77.4269180031117,79.5041144679401));
#12703=CARTESIAN_POINT('Ctrl Pts',(26.7557659467951,77.1668596686428,79.3467174940519));
#12704=CARTESIAN_POINT('Ctrl Pts',(26.9396836801611,76.6824555065895,78.9703081740215));
#12705=CARTESIAN_POINT('Ctrl Pts',(27.0000004917383,76.4582124532422,78.7519375233503));
#12706=CARTESIAN_POINT('Ctrl Pts',(27.0000004917383,76.2565010008007,78.5));
#12707=CARTESIAN_POINT('Ctrl Pts',(24.0000004917383,76.2565010008007,78.5));
#12708=CARTESIAN_POINT('Ctrl Pts',(24.0000004917383,76.4582124532423,78.7519375233503));
#12709=CARTESIAN_POINT('Ctrl Pts',(24.0603173033156,76.6824555065895,78.9703081740215));
#12710=CARTESIAN_POINT('Ctrl Pts',(24.2442350366815,77.1668596686428,79.3467174940519));
#12711=CARTESIAN_POINT('Ctrl Pts',(24.3694159840325,77.4269180031117,79.5041144679401));
#12712=CARTESIAN_POINT('Ctrl Pts',(24.8009769677063,78.2409969351882,79.8810571455088));
#12713=CARTESIAN_POINT('Ctrl Pts',(25.162911306262,78.8285356651816,80.));
#12714=CARTESIAN_POINT('Ctrl Pts',(25.5000004917383,79.3789999999999,80.));
#12715=CARTESIAN_POINT('Ctrl Pts',(25.5000004917383,27.6790000000002,80.));
#12716=CARTESIAN_POINT('Ctrl Pts',(25.3215855287772,27.9703504144884,80.));
#12717=CARTESIAN_POINT('Ctrl Pts',(25.1265069339761,28.2884670401802,79.9664089612414));
#12718=CARTESIAN_POINT('Ctrl Pts',(24.7559806836054,28.9155892976361,79.8176822508148));
#12719=CARTESIAN_POINT('Ctrl Pts',(24.5809928966205,29.224811056786,79.7023127484418));
#12720=CARTESIAN_POINT('Ctrl Pts',(24.3237047773252,29.7274661784545,79.4450246291465));
#12721=CARTESIAN_POINT('Ctrl Pts',(24.2113493555201,29.9679300997085,79.2930873231617));
#12722=CARTESIAN_POINT('Ctrl Pts',(24.0491224725993,30.4178012465706,78.9296064271082));
#12723=CARTESIAN_POINT('Ctrl Pts',(24.0000004917383,30.6271923835563,78.7177088931597));
#12724=CARTESIAN_POINT('Ctrl Pts',(24.0000004917383,30.8014989991994,78.5));
#12725=CARTESIAN_POINT('Origin',(31.5000004917383,43.8395,78.5));
#12726=CARTESIAN_POINT('',(33.0000004917383,76.2565010008007,78.5));
#12727=CARTESIAN_POINT('',(31.5000004917383,79.3789999999999,80.));
#12728=CARTESIAN_POINT('Ctrl Pts',(31.5000004917383,79.3789999999999,80.));
#12729=CARTESIAN_POINT('Ctrl Pts',(31.8370896772147,78.8285356651816,80.));
#12730=CARTESIAN_POINT('Ctrl Pts',(32.1990240157704,78.2409969351882,79.8810571455088));
#12731=CARTESIAN_POINT('Ctrl Pts',(32.6305849994441,77.4269180031117,79.5041144679401));
#12732=CARTESIAN_POINT('Ctrl Pts',(32.7557659467951,77.1668596686428,79.3467174940519));
#12733=CARTESIAN_POINT('Ctrl Pts',(32.9396836801611,76.6824555065895,78.9703081740215));
#12734=CARTESIAN_POINT('Ctrl Pts',(33.0000004917383,76.4582124532422,78.7519375233503));
#12735=CARTESIAN_POINT('Ctrl Pts',(33.0000004917383,76.2565010008007,78.5));
#12736=CARTESIAN_POINT('Ctrl Pts',(30.0000004917383,76.2565010008007,78.5));
#12737=CARTESIAN_POINT('Ctrl Pts',(30.0000004917383,76.4582124532423,78.7519375233503));
#12738=CARTESIAN_POINT('Ctrl Pts',(30.0603173033156,76.6824555065895,78.9703081740215));
#12739=CARTESIAN_POINT('Ctrl Pts',(30.2442350366815,77.1668596686428,79.3467174940519));
#12740=CARTESIAN_POINT('Ctrl Pts',(30.3694159840325,77.4269180031117,79.5041144679401));
#12741=CARTESIAN_POINT('Ctrl Pts',(30.8009769677063,78.2409969351882,79.8810571455088));
#12742=CARTESIAN_POINT('Ctrl Pts',(31.162911306262,78.8285356651816,80.));
#12743=CARTESIAN_POINT('Ctrl Pts',(31.5000004917383,79.3789999999999,80.));
#12744=CARTESIAN_POINT('',(31.5000004917383,27.6790000000002,80.));
#12745=CARTESIAN_POINT('Ctrl Pts',(31.5000004917383,27.6790000000002,80.));
#12746=CARTESIAN_POINT('Ctrl Pts',(31.162911306262,28.2294643348184,80.));
#12747=CARTESIAN_POINT('Ctrl Pts',(30.8009769677063,28.8170030648119,79.8810571455088));
#12748=CARTESIAN_POINT('Ctrl Pts',(30.3694159840325,29.6310819968883,79.5041144679401));
#12749=CARTESIAN_POINT('Ctrl Pts',(30.2442350366815,29.8911403313572,79.3467174940519));
#12750=CARTESIAN_POINT('Ctrl Pts',(30.0603173033156,30.3755444934105,78.9703081740215));
#12751=CARTESIAN_POINT('Ctrl Pts',(30.0000004917383,30.5997875467578,78.7519375233503));
#12752=CARTESIAN_POINT('Ctrl Pts',(30.0000004917383,30.8014989991994,78.5));
#12753=CARTESIAN_POINT('',(33.0000004917383,30.8014989991994,78.5));
#12754=CARTESIAN_POINT('Ctrl Pts',(33.0000004917383,30.8014989991994,78.5));
#12755=CARTESIAN_POINT('Ctrl Pts',(33.0000004917383,30.5997875467578,78.7519375233503));
#12756=CARTESIAN_POINT('Ctrl Pts',(32.9396836801611,30.3755444934105,78.9703081740215));
#12757=CARTESIAN_POINT('Ctrl Pts',(32.7557659467951,29.8911403313572,79.3467174940519));
#12758=CARTESIAN_POINT('Ctrl Pts',(32.6305849994441,29.6310819968883,79.5041144679401));
#12759=CARTESIAN_POINT('Ctrl Pts',(32.1990240157704,28.8170030648119,79.8810571455088));
#12760=CARTESIAN_POINT('Ctrl Pts',(31.8370896772147,28.2294643348184,80.));
#12761=CARTESIAN_POINT('Ctrl Pts',(31.5000004917383,27.6790000000002,80.));
#12762=CARTESIAN_POINT('',(33.0000004917383,43.8395,78.5));
#12763=CARTESIAN_POINT('Origin',(-41.,79.3789999999999,76.));
#12764=CARTESIAN_POINT('',(-41.,79.3789999999999,80.));
#12765=CARTESIAN_POINT('Origin',(-36.,79.3789999999999,76.));
#12766=CARTESIAN_POINT('Origin',(-32.9999995082617,79.3789999999999,76.));
#12767=CARTESIAN_POINT('Origin',(-37.9999997541308,79.3789999999999,76.));
#12768=CARTESIAN_POINT('',(-37.9999997541308,79.3789999999999,80.));
#12769=CARTESIAN_POINT('Origin',(-34.9999997541308,79.3789999999999,76.));
#12770=CARTESIAN_POINT('',(-34.9999997541308,79.3789999999999,80.));
#12771=CARTESIAN_POINT('Origin',(-15.4999997541308,79.3789999999999,76.));
#12772=CARTESIAN_POINT('',(-15.4999997541308,79.3789999999999,80.));
#12773=CARTESIAN_POINT('Origin',(-12.4999997541308,79.3789999999999,76.));
#12774=CARTESIAN_POINT('',(-12.4999997541308,79.3789999999999,80.));
#12775=CARTESIAN_POINT('Origin',(-9.49999975413084,79.3789999999999,76.));
#12776=CARTESIAN_POINT('',(-9.49999975413084,79.3789999999999,80.));
#12777=CARTESIAN_POINT('Origin',(-6.49999975413084,79.3789999999999,76.));
#12778=CARTESIAN_POINT('',(-6.49999975413084,79.3789999999999,80.));
#12779=CARTESIAN_POINT('Origin',(33.0000004917383,79.3789999999999,76.));
#12780=CARTESIAN_POINT('Origin',(36.,79.3789999999999,76.));
#12781=CARTESIAN_POINT('Origin',(-39.4999997541308,27.6790000000002,76.));
#12782=CARTESIAN_POINT('',(-39.4999997541308,27.6790000000002,80.));
#12783=CARTESIAN_POINT('Origin',(-32.9999995082617,27.6790000000002,76.));
#12784=CARTESIAN_POINT('Origin',(-36.,27.6790000000002,76.));
#12785=CARTESIAN_POINT('Origin',(-36.4999997541308,27.6790000000002,76.));
#12786=CARTESIAN_POINT('',(-36.4999997541308,27.6790000000002,80.));
#12787=CARTESIAN_POINT('Origin',(-33.4999997541308,27.6790000000002,76.));
#12788=CARTESIAN_POINT('',(-33.4999997541308,27.6790000000002,80.));
#12789=CARTESIAN_POINT('Origin',(-30.4999997541308,27.6790000000002,76.));
#12790=CARTESIAN_POINT('',(-30.4999997541308,27.6790000000002,80.));
#12791=CARTESIAN_POINT('Origin',(-27.4999997541308,27.6790000000002,76.));
#12792=CARTESIAN_POINT('',(-27.4999997541308,27.6790000000002,80.));
#12793=CARTESIAN_POINT('Origin',(-24.4999997541308,27.6790000000002,76.));
#12794=CARTESIAN_POINT('',(-24.4999997541308,27.6790000000002,80.));
#12795=CARTESIAN_POINT('Origin',(-19.9999997541308,27.6790000000002,76.));
#12796=CARTESIAN_POINT('',(-19.9999997541308,27.6790000000002,80.));
#12797=CARTESIAN_POINT('Origin',(-16.9999997541308,27.6790000000002,76.));
#12798=CARTESIAN_POINT('',(-16.9999997541308,27.6790000000002,80.));
#12799=CARTESIAN_POINT('Origin',(-13.9999997541308,27.6790000000002,76.));
#12800=CARTESIAN_POINT('',(-13.9999997541308,27.6790000000002,80.));
#12801=CARTESIAN_POINT('Origin',(-10.9999997541308,27.6790000000002,76.));
#12802=CARTESIAN_POINT('',(-10.9999997541308,27.6790000000002,80.));
#12803=CARTESIAN_POINT('Origin',(-7.99999975413084,27.6790000000002,76.));
#12804=CARTESIAN_POINT('',(-7.99999975413084,27.6790000000002,80.));
#12805=CARTESIAN_POINT('Origin',(-5.,27.6790000000002,76.));
#12806=CARTESIAN_POINT('',(-5.,27.6790000000002,80.));
#12807=CARTESIAN_POINT('Origin',(36.,27.6790000000002,76.));
#12808=CARTESIAN_POINT('Origin',(33.0000004917383,27.6790000000002,76.));
#12809=CARTESIAN_POINT('Ctrl Pts',(48.,32.5786000472902,80.));
#12810=CARTESIAN_POINT('Ctrl Pts',(48.,30.4626884265295,80.));
#12811=CARTESIAN_POINT('Ctrl Pts',(46.8197897689395,26.9490624861824,80.));
#12812=CARTESIAN_POINT('Ctrl Pts',(43.0343747059853,23.7946196532881,80.));
#12813=CARTESIAN_POINT('Ctrl Pts',(40.3463968515385,23.14938182678,80.));
#12814=CARTESIAN_POINT('Ctrl Pts',(39.,23.14938182678,80.));
#12815=CARTESIAN_POINT('Ctrl Pts',(48.5983986006838,32.5786000472902,80.));
#12816=CARTESIAN_POINT('Ctrl Pts',(48.5723322785057,30.3339484354399,79.9989331057085));
#12817=CARTESIAN_POINT('Ctrl Pts',(47.282112622483,26.6371682903768,79.9999125553803));
#12818=CARTESIAN_POINT('Ctrl Pts',(43.2610673683177,23.3392273881096,79.9990130411713));
#12819=CARTESIAN_POINT('Ctrl Pts',(40.4222452497484,22.6663679378582,80.));
#12820=CARTESIAN_POINT('Ctrl Pts',(39.,22.6663679378582,80.));
#12821=CARTESIAN_POINT('Ctrl Pts',(49.6343903292452,32.5786000472902,79.4978705210021));
#12822=CARTESIAN_POINT('Ctrl Pts',(49.5668439074649,30.1128302769762,79.5434969122964));
#12823=CARTESIAN_POINT('Ctrl Pts',(48.0857791955882,26.0958854418729,79.6121412420837));
#12824=CARTESIAN_POINT('Ctrl Pts',(43.6574352718203,22.5470480748272,79.6689098145449));
#12825=CARTESIAN_POINT('Ctrl Pts',(40.5539287831674,21.824943924492,79.6798539048002));
#12826=CARTESIAN_POINT('Ctrl Pts',(39.,21.824943924492,79.6798539048002));
#12827=CARTESIAN_POINT('Ctrl Pts',(50.,32.5786000472902,78.4487989505128));
#12828=CARTESIAN_POINT('Ctrl Pts',(49.9696962773013,30.0339897923342,78.5638481117704));
#12829=CARTESIAN_POINT('Ctrl Pts',(48.4879281703742,25.844252059694,78.7485654797473));
#12830=CARTESIAN_POINT('Ctrl Pts',(43.8803004662785,22.1101642807896,78.9099319185233));
#12831=CARTESIAN_POINT('Ctrl Pts',(40.6287572713874,21.348475094012,78.9423203008385));
#12832=CARTESIAN_POINT('Ctrl Pts',(39.,21.348475094012,78.9423203008385));
#12833=CARTESIAN_POINT('Ctrl Pts',(50.,32.5786000472902,78.));
#12834=CARTESIAN_POINT('Ctrl Pts',(50.,30.0343188141018,78.1338655038836));
#12835=CARTESIAN_POINT('Ctrl Pts',(48.5575208287038,25.8093538142619,78.3561589599752));
#12836=CARTESIAN_POINT('Ctrl Pts',(43.9309024184265,22.01628910298,78.5557282969713));
#12837=CARTESIAN_POINT('Ctrl Pts',(40.6455961518804,21.24042187071,78.5965499862719));
#12838=CARTESIAN_POINT('Ctrl Pts',(39.,21.24042187071,78.5965499862719));
#12839=CARTESIAN_POINT('',(39.,23.14938182678,80.));
#12840=CARTESIAN_POINT('',(39.,21.24042187071,78.5965499862719));
#12841=CARTESIAN_POINT('Origin',(39.,23.14938182678,78.));
#12842=CARTESIAN_POINT('',(50.,32.5786000472902,78.));
#12843=CARTESIAN_POINT('Origin',(39.,32.5786000472901,78.));
#12844=CARTESIAN_POINT('',(48.,32.5786000472902,80.));
#12845=CARTESIAN_POINT('Origin',(48.,32.5786000472902,78.));
#12846=CARTESIAN_POINT('Origin',(39.,32.5786000472902,80.));
#12847=CARTESIAN_POINT('Origin',(-36.,23.14938182678,78.));
#12848=CARTESIAN_POINT('',(-39.,23.14938182678,80.));
#12849=CARTESIAN_POINT('',(-39.,21.24042187071,78.5965499862719));
#12850=CARTESIAN_POINT('Origin',(-39.,23.14938182678,78.));
#12851=CARTESIAN_POINT('',(-36.,21.24042187071,78.5965499862719));
#12852=CARTESIAN_POINT('',(-36.,23.14938182678,80.));
#12853=CARTESIAN_POINT('Ctrl Pts',(-39.,23.14938182678,80.));
#12854=CARTESIAN_POINT('Ctrl Pts',(-41.0195952773077,23.14938182678,80.));
#12855=CARTESIAN_POINT('Ctrl Pts',(-44.3732808876735,24.385877361752,80.));
#12856=CARTESIAN_POINT('Ctrl Pts',(-47.3841334135272,28.3518223266188,80.));
#12857=CARTESIAN_POINT('Ctrl Pts',(-48.,31.1679923001164,80.));
#12858=CARTESIAN_POINT('Ctrl Pts',(-48.,32.5786000472902,80.));
#12859=CARTESIAN_POINT('Ctrl Pts',(-39.,22.6663679378582,80.));
#12860=CARTESIAN_POINT('Ctrl Pts',(-41.1333678746227,22.6663679378582,80.));
#12861=CARTESIAN_POINT('Ctrl Pts',(-44.6755456403157,23.954602960469,79.998532158292));
#12862=CARTESIAN_POINT('Ctrl Pts',(-47.8948951005933,28.1104756256278,79.9996296012543));
#12863=CARTESIAN_POINT('Ctrl Pts',(-48.5810210525651,31.08216563939,79.999288737139));
#12864=CARTESIAN_POINT('Ctrl Pts',(-48.5983986006838,32.5786000472902,80.));
#12865=CARTESIAN_POINT('Ctrl Pts',(-39.,21.824943924492,79.6798539048002));
#12866=CARTESIAN_POINT('Ctrl Pts',(-41.3308931747512,21.824943924492,79.6798539048002));
#12867=CARTESIAN_POINT('Ctrl Pts',(-45.2046552763007,23.2052271007106,79.6591057057682));
#12868=CARTESIAN_POINT('Ctrl Pts',(-48.7825284587933,27.6926439254809,79.5853287416207));
#12869=CARTESIAN_POINT('Ctrl Pts',(-49.5893593813917,30.9347535337475,79.5282881151983));
#12870=CARTESIAN_POINT('Ctrl Pts',(-49.6343903292452,32.5786000472902,79.4978705210021));
#12871=CARTESIAN_POINT('Ctrl Pts',(-39.,21.348475094012,78.9423203008384));
#12872=CARTESIAN_POINT('Ctrl Pts',(-41.4431359070812,21.348475094012,78.9423203008384));
#12873=CARTESIAN_POINT('Ctrl Pts',(-45.5006885454855,22.8064949273895,78.8804629569178));
#12874=CARTESIAN_POINT('Ctrl Pts',(-49.1914963109817,27.5136864179148,78.6753554219559));
#12875=CARTESIAN_POINT('Ctrl Pts',(-49.9797975182009,30.8821932106528,78.5254983913512));
#12876=CARTESIAN_POINT('Ctrl Pts',(-50.,32.5786000472902,78.4487989505128));
#12877=CARTESIAN_POINT('Ctrl Pts',(-39.,21.24042187071,78.5965499862719));
#12878=CARTESIAN_POINT('Ctrl Pts',(-41.4683942278205,21.24042187071,78.5965499862719));
#12879=CARTESIAN_POINT('Ctrl Pts',(-45.5673433071564,22.7272478579974,78.5183217199233));
#12880=CARTESIAN_POINT('Ctrl Pts',(-49.2472741720888,27.4961045753402,78.2674117972746));
#12881=CARTESIAN_POINT('Ctrl Pts',(-50.,30.8824125584979,78.0892436692557));
#12882=CARTESIAN_POINT('Ctrl Pts',(-50.,32.5786000472902,78.));
#12883=CARTESIAN_POINT('',(-48.,32.5786000472902,80.));
#12884=CARTESIAN_POINT('Origin',(-48.,32.5786000472902,78.));
#12885=CARTESIAN_POINT('Origin',(-39.,32.5786000472902,78.));
#12886=CARTESIAN_POINT('Origin',(-39.,32.5786000472902,80.));
#12887=CARTESIAN_POINT('Origin',(48.,39.5,2.));
#12888=CARTESIAN_POINT('',(48.,8.82860004729015,0.));
#12889=CARTESIAN_POINT('Origin',(48.,8.82860004729015,2.));
#12890=CARTESIAN_POINT('',(48.,82.379,0.));
#12891=CARTESIAN_POINT('Ctrl Pts',(39.,-0.600618173219969,0.));
#12892=CARTESIAN_POINT('Ctrl Pts',(40.3463968515385,-0.600618173219969,
0.));
#12893=CARTESIAN_POINT('Ctrl Pts',(43.0348289006185,0.0442828491295235,
0.));
#12894=CARTESIAN_POINT('Ctrl Pts',(46.82089387209,3.19860553387028,0.));
#12895=CARTESIAN_POINT('Ctrl Pts',(48.,6.71268842652947,0.));
#12896=CARTESIAN_POINT('Ctrl Pts',(48.,8.82860004729015,0.));
#12897=CARTESIAN_POINT('Ctrl Pts',(39.,-0.957509829442801,0.));
#12898=CARTESIAN_POINT('Ctrl Pts',(40.4023664971123,-0.957509829442801,
3.13743897412999E-34));
#12899=CARTESIAN_POINT('Ctrl Pts',(43.2022203077316,-0.281070096606079,
-5.07417522203136E-5));
#12900=CARTESIAN_POINT('Ctrl Pts',(47.1186271439754,3.01183364511871,2.70528575617173E-5));
#12901=CARTESIAN_POINT('Ctrl Pts',(48.3119667662948,6.64858178685473,-4.28165622194123E-5));
#12902=CARTESIAN_POINT('Ctrl Pts',(48.2991993003419,8.82860004729015,-7.53904608098244E-33));
#12903=CARTESIAN_POINT('Ctrl Pts',(39.,-1.66925204184277,0.195689730390128));
#12904=CARTESIAN_POINT('Ctrl Pts',(40.5140564045899,-1.66925204184277,0.195689730390128));
#12905=CARTESIAN_POINT('Ctrl Pts',(43.5361179620337,-0.930089079894773,
0.191124421950408));
#12906=CARTESIAN_POINT('Ctrl Pts',(47.7128200855423,2.63915783652377,0.169745059701066));
#12907=CARTESIAN_POINT('Ctrl Pts',(48.9348147233399,6.52052968277782,0.148586631427441));
#12908=CARTESIAN_POINT('Ctrl Pts',(48.8966530010498,8.82860004729015,0.136756160420214));
#12909=CARTESIAN_POINT('Ctrl Pts',(39.,-2.57126520533915,1.12718892361302));
#12910=CARTESIAN_POINT('Ctrl Pts',(40.6552606151332,-2.57126520533915,1.12718892361302));
#12911=CARTESIAN_POINT('Ctrl Pts',(43.9592923020601,-1.76068829066076,1.10272183095754));
#12912=CARTESIAN_POINT('Ctrl Pts',(48.4970582293442,2.1360187617323,0.988273545200313));
#12913=CARTESIAN_POINT('Ctrl Pts',(49.7942762180474,6.34052578594555,0.871867388661103));
#12914=CARTESIAN_POINT('Ctrl Pts',(49.737593184495,8.82860004729015,0.806005624717135));
#12915=CARTESIAN_POINT('Ctrl Pts',(39.,-2.66925591375524,2.08558107598321));
#12916=CARTESIAN_POINT('Ctrl Pts',(40.6714118581252,-2.66925591375524,2.08558107598321));
#12917=CARTESIAN_POINT('Ctrl Pts',(44.0066018286654,-1.86865489190513,2.04716274682339));
#12918=CARTESIAN_POINT('Ctrl Pts',(48.6467876588694,2.02161975556636,1.86226105854326));
#12919=CARTESIAN_POINT('Ctrl Pts',(50.0304845841289,6.28380609362229,1.66597498986283));
#12920=CARTESIAN_POINT('Ctrl Pts',(50.,8.82860004729015,1.55120104948717));
#12921=CARTESIAN_POINT('Ctrl Pts',(39.,-2.50957812929003,2.5965499862719));
#12922=CARTESIAN_POINT('Ctrl Pts',(40.6455961518804,-2.50957812929003,2.5965499862719));
#12923=CARTESIAN_POINT('Ctrl Pts',(43.9314575452004,-1.73411588770647,2.55574960526125));
#12924=CARTESIAN_POINT('Ctrl Pts',(48.55887028811,2.0588043512404,2.35618786957184));
#12925=CARTESIAN_POINT('Ctrl Pts',(50.,6.28431881410183,2.13386550388363));
#12926=CARTESIAN_POINT('Ctrl Pts',(50.,8.82860004729015,2.));
#12927=CARTESIAN_POINT('',(39.,-2.50957812929003,2.59654998627189));
#12928=CARTESIAN_POINT('',(39.,-0.600618173219969,0.));
#12929=CARTESIAN_POINT('Origin',(39.,-0.600618173219969,2.));
#12930=CARTESIAN_POINT('Origin',(39.,8.82860004729015,0.));
#12931=CARTESIAN_POINT('Origin',(39.,8.82860004729015,2.));
#12932=CARTESIAN_POINT('Origin',(-12.,-0.600618173219969,2.00000000000001));
#12933=CARTESIAN_POINT('',(-39.,-2.50957812929002,2.59654998627191));
#12934=CARTESIAN_POINT('',(-39.,-0.600618173219969,0.));
#12935=CARTESIAN_POINT('Origin',(-39.,-0.600618173219969,2.00000000000001));
#12936=CARTESIAN_POINT('',(-12.,-0.600618173219969,0.));
#12937=CARTESIAN_POINT('',(-12.,-2.50957812929003,2.5965499862719));
#12938=CARTESIAN_POINT('Ctrl Pts',(-48.,8.82860004729016,0.));
#12939=CARTESIAN_POINT('Ctrl Pts',(-48.,7.41799230011637,0.));
#12940=CARTESIAN_POINT('Ctrl Pts',(-47.3856269778485,4.59690418492628,0.));
#12941=CARTESIAN_POINT('Ctrl Pts',(-45.2329665259695,1.771741036565,0.));
#12942=CARTESIAN_POINT('Ctrl Pts',(-42.363730974998,-0.115955502247197,
0.));
#12943=CARTESIAN_POINT('Ctrl Pts',(-40.3463968515385,-0.600618173219969,
0.));
#12944=CARTESIAN_POINT('Ctrl Pts',(-39.,-0.600618173219969,0.));
#12945=CARTESIAN_POINT('Ctrl Pts',(-48.2991993003419,8.82860004729016,1.75789652037059E-31));
#12946=CARTESIAN_POINT('Ctrl Pts',(-48.3077109443105,7.37525454033322,-2.85443748128918E-5));
#12947=CARTESIAN_POINT('Ctrl Pts',(-47.6920642228411,4.46095418002357,4.05052300638277E-6));
#12948=CARTESIAN_POINT('Ctrl Pts',(-45.4775452221027,1.52263708768392,-1.33116211464122E-5));
#12949=CARTESIAN_POINT('Ctrl Pts',(-42.5030338706025,-0.449119146332438,
-3.5926198601129E-5));
#12950=CARTESIAN_POINT('Ctrl Pts',(-40.4023664971123,-0.957509829442801,
1.91980556994999E-19));
#12951=CARTESIAN_POINT('Ctrl Pts',(-39.,-0.957509829442801,0.));
#12952=CARTESIAN_POINT('Ctrl Pts',(-48.8966530010498,8.82860004729016,0.136756160420214));
#12953=CARTESIAN_POINT('Ctrl Pts',(-48.9220941492432,7.28988647094861,0.144643141091699));
#12954=CARTESIAN_POINT('Ctrl Pts',(-48.303701515451,4.18960980566358,0.161145324792933));
#12955=CARTESIAN_POINT('Ctrl Pts',(-45.9655808801685,1.0256567457533,0.179394789113363));
#12956=CARTESIAN_POINT('Ctrl Pts',(-42.7808762254924,-1.11367720009038,
0.192254236147105));
#12957=CARTESIAN_POINT('Ctrl Pts',(-40.5140564045899,-1.66925204184277,
0.195689730390128));
#12958=CARTESIAN_POINT('Ctrl Pts',(-39.,-1.66925204184277,0.195689730390128));
#12959=CARTESIAN_POINT('Ctrl Pts',(-49.737593184495,8.82860004729016,0.806005624717138));
#12960=CARTESIAN_POINT('Ctrl Pts',(-49.77538187353,7.16988387306043,0.84991346734645));
#12961=CARTESIAN_POINT('Ctrl Pts',(-49.1269088304831,3.8178824661134,0.941156752425161));
#12962=CARTESIAN_POINT('Ctrl Pts',(-46.6003815689621,0.374830910688749,
1.03994698558123));
#12963=CARTESIAN_POINT('Ctrl Pts',(-43.1334428914377,-1.96193761313255,
1.10876868719464));
#12964=CARTESIAN_POINT('Ctrl Pts',(-40.6552606151332,-2.57126520533915,
1.12718892361302));
#12965=CARTESIAN_POINT('Ctrl Pts',(-39.,-2.57126520533915,1.12718892361302));
#12966=CARTESIAN_POINT('Ctrl Pts',(-50.,8.82860004729016,1.55120104948718));
#12967=CARTESIAN_POINT('Ctrl Pts',(-50.0203230560859,7.13207074484492,1.62771700973761));
#12968=CARTESIAN_POINT('Ctrl Pts',(-49.3138368186358,3.722179782356,1.78348632890705));
#12969=CARTESIAN_POINT('Ctrl Pts',(-46.7040436195203,0.262477765807776,
1.94583412723319));
#12970=CARTESIAN_POINT('Ctrl Pts',(-43.1730739445726,-2.06750836661879,
2.05669009459293));
#12971=CARTESIAN_POINT('Ctrl Pts',(-40.6714118581252,-2.66925591375524,
2.08558107598322));
#12972=CARTESIAN_POINT('Ctrl Pts',(-39.,-2.66925591375524,2.08558107598322));
#12973=CARTESIAN_POINT('Ctrl Pts',(-50.,8.82860004729016,2.00000000000001));
#12974=CARTESIAN_POINT('Ctrl Pts',(-50.,7.13241255849795,2.08924366925576));
#12975=CARTESIAN_POINT('Ctrl Pts',(-49.2490996395926,3.74019074818042,2.26772294898309));
#12976=CARTESIAN_POINT('Ctrl Pts',(-46.6180701984072,0.34306890786145,2.44646004021986));
#12977=CARTESIAN_POINT('Ctrl Pts',(-43.1112267472198,-1.92679474359284,
2.56588726292052));
#12978=CARTESIAN_POINT('Ctrl Pts',(-40.6455961518804,-2.50957812929003,
2.5965499862719));
#12979=CARTESIAN_POINT('Ctrl Pts',(-39.,-2.50957812929003,2.5965499862719));
#12980=CARTESIAN_POINT('',(-48.,8.82860004729016,0.));
#12981=CARTESIAN_POINT('Origin',(-48.,8.82860004729016,2.));
#12982=CARTESIAN_POINT('Origin',(-39.,8.82860004729015,0.));
#12983=CARTESIAN_POINT('Origin',(-39.,8.82860004729015,2.));
#12984=CARTESIAN_POINT('Origin',(-39.,17.0012779790259,28.1525693815544));
#12985=CARTESIAN_POINT('',(-39.,6.50199822064057,31.4335943060498));
#12986=CARTESIAN_POINT('Origin',(-24.,9.179,40.));
#12987=CARTESIAN_POINT('',(39.,4.27779893238434,24.3161565836299));
#12988=CARTESIAN_POINT('Origin',(39.,14.7770786907697,21.0351316591345));
#12989=CARTESIAN_POINT('',(50.,14.7770786907697,21.0351316591345));
#12990=CARTESIAN_POINT('Origin',(36.,71.379,80.));
#12991=CARTESIAN_POINT('Origin',(33.0000004917383,35.679,80.));
#12992=CARTESIAN_POINT('Origin',(-32.9999995082617,71.379,80.));
#12993=CARTESIAN_POINT('Origin',(-36.,35.679,80.));
#12994=CARTESIAN_POINT('Origin',(-28.3206757504549,28.0000000596046,14.5291129829181));
#12995=CARTESIAN_POINT('',(-26.5706665504549,29.0000000596046,14.5291129829181));
#12996=CARTESIAN_POINT('Origin',(-28.3206757504549,29.0000000596046,14.5291129829181));
#12997=CARTESIAN_POINT('',(-26.5706665504549,28.0000000596046,14.5291129829181));
#12998=CARTESIAN_POINT('Origin',(-28.3206757504549,28.0000000596046,14.5291129829181));
#12999=CARTESIAN_POINT('',(-24.5706665504549,29.0000000596046,14.5291129829181));
#13000=CARTESIAN_POINT('Origin',(-28.3206757504549,29.0000000596046,14.5291129829181));
#13001=CARTESIAN_POINT('',(-24.5706665504549,28.0000000596046,14.5291129829181));
#13002=CARTESIAN_POINT('Origin',(22.4793242495452,28.0000000596046,57.7091129829176));
#13003=CARTESIAN_POINT('',(24.2293334495452,29.0000000596046,57.7091129829176));
#13004=CARTESIAN_POINT('Origin',(22.4793242495452,29.0000000596046,57.7091129829176));
#13005=CARTESIAN_POINT('',(24.2293334495452,28.0000000596046,57.7091129829176));
#13006=CARTESIAN_POINT('Origin',(22.4793242495452,28.0000000596046,57.7091129829176));
#13007=CARTESIAN_POINT('',(26.2293334495452,29.0000000596046,57.7091129829176));
#13008=CARTESIAN_POINT('Origin',(22.4793242495452,29.0000000596046,57.7091129829176));
#13009=CARTESIAN_POINT('',(26.2293334495452,28.0000000596046,57.7091129829176));
#13010=CARTESIAN_POINT('Origin',(22.479324249545,28.0000000596046,29.7691129829176));
#13011=CARTESIAN_POINT('',(24.229333449545,29.0000000596046,29.7691129829176));
#13012=CARTESIAN_POINT('Origin',(22.479324249545,29.0000000596046,29.7691129829176));
#13013=CARTESIAN_POINT('',(24.229333449545,28.0000000596046,29.7691129829176));
#13014=CARTESIAN_POINT('Origin',(22.479324249545,28.0000000596046,29.7691129829176));
#13015=CARTESIAN_POINT('',(26.229333449545,29.0000000596046,29.7691129829176));
#13016=CARTESIAN_POINT('Origin',(22.479324249545,29.0000000596046,29.7691129829176));
#13017=CARTESIAN_POINT('',(26.229333449545,28.0000000596046,29.7691129829176));
#13018=CARTESIAN_POINT('Origin',(-29.5906757504546,28.0000000596046,62.7891129829181));
#13019=CARTESIAN_POINT('',(-27.8406665504546,29.0000000596046,62.7891129829181));
#13020=CARTESIAN_POINT('Origin',(-29.5906757504546,29.0000000596046,62.7891129829181));
#13021=CARTESIAN_POINT('',(-27.8406665504546,28.0000000596046,62.7891129829181));
#13022=CARTESIAN_POINT('Origin',(-29.5906757504546,28.0000000596046,62.7891129829181));
#13023=CARTESIAN_POINT('',(-25.8406665504546,29.0000000596046,62.7891129829181));
#13024=CARTESIAN_POINT('Origin',(-29.5906757504546,29.0000000596046,62.7891129829181));
#13025=CARTESIAN_POINT('',(-25.8406665504546,28.0000000596046,62.7891129829181));
#13026=CARTESIAN_POINT('Origin',(-28.3206757504549,29.0000000596046,14.5291129829181));
#13027=CARTESIAN_POINT('Origin',(22.4793242495452,29.0000000596046,57.7091129829176));
#13028=CARTESIAN_POINT('Origin',(-29.5906757504546,29.0000000596046,62.7891129829181));
#13029=CARTESIAN_POINT('Origin',(22.479324249545,29.0000000596046,29.7691129829176));
#13030=CARTESIAN_POINT('Origin',(-50.,30.9400000596046,33.4191129829171));
#13031=CARTESIAN_POINT('',(-50.,30.9400000596046,21.1991129829171));
#13032=CARTESIAN_POINT('',(-50.,30.9400000596046,33.4191129829171));
#13033=CARTESIAN_POINT('Origin',(-50.,30.9400000596046,21.1991129829171));
#13034=CARTESIAN_POINT('',(-50.,41.7900000596046,21.1991129829171));
#13035=CARTESIAN_POINT('Origin',(-50.,41.7900000596046,21.1991129829171));
#13036=CARTESIAN_POINT('',(-50.,41.7900000596046,33.4191129829171));
#13037=CARTESIAN_POINT('Origin',(-50.,41.7900000596046,33.4191129829171));
#13038=CARTESIAN_POINT('Origin',(50.,27.,0.));
#13039=CARTESIAN_POINT('',(50.,82.4788000236451,78.));
#13040=CARTESIAN_POINT('',(50.,39.7717851829528,69.4229688263202));
#13041=CARTESIAN_POINT('',(50.,64.2717851829528,69.4229688263203));
#13042=CARTESIAN_POINT('',(50.,33.2858925914763,69.4229688263202));
#13043=CARTESIAN_POINT('',(50.,64.2717851829529,55.8229688263203));
#13044=CARTESIAN_POINT('',(50.,64.271785182953,34.7114844131602));
#13045=CARTESIAN_POINT('',(50.,39.7717851829529,55.8229688263203));
#13046=CARTESIAN_POINT('',(50.,45.7358925914763,55.8229688263203));
#13047=CARTESIAN_POINT('',(50.,39.771785182953,26.3614844131601));
#13048=CARTESIAN_POINT('',(50.,59.8660213453403,21.4617456736567));
#13049=CARTESIAN_POINT('',(50.,59.9642474157443,21.982891732693));
#13050=CARTESIAN_POINT('Ctrl Pts',(50.,59.8660213453403,21.4617456736567));
#13051=CARTESIAN_POINT('Ctrl Pts',(50.,59.8944579789943,21.5302710791849));
#13052=CARTESIAN_POINT('Ctrl Pts',(50.,59.963359070899,21.696306036822));
#13053=CARTESIAN_POINT('Ctrl Pts',(50.,59.9639187346116,21.8768571092735));
#13054=CARTESIAN_POINT('Ctrl Pts',(50.,59.9642474157443,21.982891732693));
#13055=CARTESIAN_POINT('',(50.,59.9642474157443,10.9914458663465));
#13056=CARTESIAN_POINT('',(50.,59.1675216657748,21.9610633196833));
#13057=CARTESIAN_POINT('',(50.,41.3172936299103,19.5288169255861));
#13058=CARTESIAN_POINT('',(50.,59.213906000339,21.5681578459742));
#13059=CARTESIAN_POINT('Ctrl Pts',(50.,59.1675216657748,21.9610633196833));
#13060=CARTESIAN_POINT('Ctrl Pts',(50.,59.1685825858725,21.8837854139065));
#13061=CARTESIAN_POINT('Ctrl Pts',(50.,59.1704050074971,21.7510393881706));
#13062=CARTESIAN_POINT('Ctrl Pts',(50.,59.2010859315797,21.6220544076986));
#13063=CARTESIAN_POINT('Ctrl Pts',(50.,59.213906000339,21.5681578459742));
#13064=CARTESIAN_POINT('',(50.,59.361246298038,21.3607909026149));
#13065=CARTESIAN_POINT('Ctrl Pts',(50.,59.213906000339,21.5681578459742));
#13066=CARTESIAN_POINT('Ctrl Pts',(50.,59.2307811569507,21.5275940156591));
#13067=CARTESIAN_POINT('Ctrl Pts',(50.,59.2641933550836,21.4472791026361));
#13068=CARTESIAN_POINT('Ctrl Pts',(50.,59.32911430647,21.3894251513992));
#13069=CARTESIAN_POINT('Ctrl Pts',(50.,59.361246298038,21.3607909026149));
#13070=CARTESIAN_POINT('',(50.,59.5631558401217,21.308949166775));
#13071=CARTESIAN_POINT('Ctrl Pts',(50.,59.361246298038,21.3607909026149));
#13072=CARTESIAN_POINT('Ctrl Pts',(50.,59.3893141785688,21.3457142222748));
#13073=CARTESIAN_POINT('Ctrl Pts',(50.,59.4521002462192,21.3119886450714));
#13074=CARTESIAN_POINT('Ctrl Pts',(50.,59.5236124489243,21.3100314290464));
#13075=CARTESIAN_POINT('Ctrl Pts',(50.,59.5631558401217,21.308949166775));
#13076=CARTESIAN_POINT('Ctrl Pts',(50.,59.5631558401217,21.308949166775));
#13077=CARTESIAN_POINT('Ctrl Pts',(50.,59.6268623307871,21.3141602013157));
#13078=CARTESIAN_POINT('Ctrl Pts',(50.,59.7490758654334,21.3241569684226));
#13079=CARTESIAN_POINT('Ctrl Pts',(50.,59.8281610508002,21.4172022769414));
#13080=CARTESIAN_POINT('Ctrl Pts',(50.,59.8660213453403,21.4617456736567));
#13081=CARTESIAN_POINT('',(50.,51.8059927923312,21.4781166853907));
#13082=CARTESIAN_POINT('',(50.,40.2106369486863,21.4781166853907));
#13083=CARTESIAN_POINT('',(50.,51.8059927923312,10.7390583426954));
#13084=CARTESIAN_POINT('',(50.,48.7991733057132,21.1097677292826));
#13085=CARTESIAN_POINT('',(50.,48.60544867345,20.4494674744609));
#13086=CARTESIAN_POINT('',(50.,45.0840712980428,8.44703726648296));
#13087=CARTESIAN_POINT('',(50.,37.802724336725,20.4494674744609));
#13088=CARTESIAN_POINT('',(50.,46.0597450239291,22.2148151936534));
#13089=CARTESIAN_POINT('Ctrl Pts',(50.,46.4935786230197,22.3730691018107));
#13090=CARTESIAN_POINT('Ctrl Pts',(50.,46.4318869069396,22.3417288402037));
#13091=CARTESIAN_POINT('Ctrl Pts',(50.,46.2937884102124,22.271572856711));
#13092=CARTESIAN_POINT('Ctrl Pts',(50.,46.1431112790467,22.2350322734584));
#13093=CARTESIAN_POINT('Ctrl Pts',(50.,46.0597450239291,22.2148151936534));
#13094=CARTESIAN_POINT('',(50.,46.3817090494266,22.0674754920008));
#13095=CARTESIAN_POINT('Ctrl Pts',(50.,46.0597450239291,22.2148151936534));
#13096=CARTESIAN_POINT('Ctrl Pts',(50.,46.1246185194342,22.192824131768));
#13097=CARTESIAN_POINT('Ctrl Pts',(50.,46.2371123573613,22.1546905468222));
#13098=CARTESIAN_POINT('Ctrl Pts',(50.,46.3387038391808,22.0934145485284));
#13099=CARTESIAN_POINT('Ctrl Pts',(50.,46.3817090494266,22.0674754920008));
#13100=CARTESIAN_POINT('',(50.,46.5781623823276,21.8573798480036));
#13101=CARTESIAN_POINT('Ctrl Pts',(50.,46.3817090494266,22.0674754920008));
#13102=CARTESIAN_POINT('Ctrl Pts',(50.,46.4100845088602,22.042391882935));
#13103=CARTESIAN_POINT('Ctrl Pts',(50.,46.4821585169574,21.9786792143475));
#13104=CARTESIAN_POINT('Ctrl Pts',(50.,46.5419255598875,21.9031645003543));
#13105=CARTESIAN_POINT('Ctrl Pts',(50.,46.5781623823276,21.8573798480036));
#13106=CARTESIAN_POINT('',(50.,46.7527873022189,21.6090853753092));
#13107=CARTESIAN_POINT('Ctrl Pts',(50.,46.5781623823276,21.8573798480036));
#13108=CARTESIAN_POINT('Ctrl Pts',(50.,46.6159799647003,21.8108504032342));
#13109=CARTESIAN_POINT('Ctrl Pts',(50.,46.6799931926762,21.7320907425488));
#13110=CARTESIAN_POINT('Ctrl Pts',(50.,46.7316487088642,21.6448047550072));
#13111=CARTESIAN_POINT('Ctrl Pts',(50.,46.7527873022189,21.6090853753092));
#13112=CARTESIAN_POINT('',(50.,47.3455988910057,20.4586508359021));
#13113=CARTESIAN_POINT('',(50.,49.0799256709848,17.092944989311));
#13114=CARTESIAN_POINT('',(50.,48.8455576402774,24.4494675340655));
#13115=CARTESIAN_POINT('',(50.,42.7175942204345,8.14530000044637));
#13116=CARTESIAN_POINT('',(50.,50.1934439642062,24.4494675340655));
#13117=CARTESIAN_POINT('',(50.,37.9227788201387,24.4494675340655));
#13118=CARTESIAN_POINT('',(50.,51.6968543035617,20.4494674744609));
#13119=CARTESIAN_POINT('',(50.,52.7839768354936,17.5570500959896));
#13120=CARTESIAN_POINT('',(50.,50.4035384161105,20.4494674744609));
#13121=CARTESIAN_POINT('',(50.,39.3484271517808,20.4494674744609));
#13122=CARTESIAN_POINT('',(50.,50.2070862753024,21.1097677292826));
#13123=CARTESIAN_POINT('',(50.,52.2466335744402,14.2545937627274));
#13124=CARTESIAN_POINT('',(50.,38.6035431376512,21.1097677292826));
#13125=CARTESIAN_POINT('',(50.,55.8059961301913,20.4494674744609));
#13126=CARTESIAN_POINT('',(50.,53.9697057706943,20.4494674744609));
#13127=CARTESIAN_POINT('',(50.,41.4029980650956,20.4494674744608));
#13128=CARTESIAN_POINT('',(50.,53.9697057706943,10.2247337372304));
#13129=CARTESIAN_POINT('',(50.,57.0993096334567,20.8751155676844));
#13130=CARTESIAN_POINT('Ctrl Pts',(50.,57.50313110181,21.4672030749324));
#13131=CARTESIAN_POINT('Ctrl Pts',(50.,57.4510104883408,21.3553400459166));
#13132=CARTESIAN_POINT('Ctrl Pts',(50.,57.348732604956,21.1358277824333));
#13133=CARTESIAN_POINT('Ctrl Pts',(50.,57.1813797795732,20.9609003269236));
#13134=CARTESIAN_POINT('Ctrl Pts',(50.,57.0993096334567,20.8751155676844));
#13135=CARTESIAN_POINT('',(50.,56.5426928503146,20.5586077513697));
#13136=CARTESIAN_POINT('Ctrl Pts',(50.,57.0993096334567,20.8751155676844));
#13137=CARTESIAN_POINT('Ctrl Pts',(50.,57.0131507396272,20.8030886674378));
#13138=CARTESIAN_POINT('Ctrl Pts',(50.,56.8466020460295,20.6638577000149));
#13139=CARTESIAN_POINT('Ctrl Pts',(50.,56.6416292253537,20.5928714345318));
#13140=CARTESIAN_POINT('Ctrl Pts',(50.,56.5426928503146,20.5586077513697));
#13141=CARTESIAN_POINT('Ctrl Pts',(50.,56.5426928503146,20.5586077513697));
#13142=CARTESIAN_POINT('Ctrl Pts',(50.,56.4141938207778,20.5268115515147));
#13143=CARTESIAN_POINT('Ctrl Pts',(50.,56.1720202689699,20.4668873740276));
#13144=CARTESIAN_POINT('Ctrl Pts',(50.,55.9229213635877,20.4550322053264));
#13145=CARTESIAN_POINT('Ctrl Pts',(50.,55.8059961301913,20.4494674744609));
#13146=CARTESIAN_POINT('',(50.,62.152515123569,21.01426976347));
#13147=CARTESIAN_POINT('',(50.,61.9260484678378,21.6172708811763));
#13148=CARTESIAN_POINT('Ctrl Pts',(50.,62.152515123569,21.01426976347));
#13149=CARTESIAN_POINT('Ctrl Pts',(50.,62.105865037104,21.0999364775327));
#13150=CARTESIAN_POINT('Ctrl Pts',(50.,62.0023069807213,21.2901071519576));
#13151=CARTESIAN_POINT('Ctrl Pts',(50.,61.9530929286324,21.5012449279587));
#13152=CARTESIAN_POINT('Ctrl Pts',(50.,61.9260484678378,21.6172708811763));
#13153=CARTESIAN_POINT('Ctrl Pts',(50.,61.9260484678378,21.6172708811763));
#13154=CARTESIAN_POINT('Ctrl Pts',(50.,61.9029800226291,21.7517914917789));
#13155=CARTESIAN_POINT('Ctrl Pts',(50.,61.8548302695918,22.0325704571731));
#13156=CARTESIAN_POINT('Ctrl Pts',(50.,61.8496290512271,22.3174460633678));
#13157=CARTESIAN_POINT('Ctrl Pts',(50.,61.8469197256198,22.4658383669856));
#13158=CARTESIAN_POINT('',(50.,64.7473294241061,20.8860297741893));
#13159=CARTESIAN_POINT('Ctrl Pts',(50.,65.1156789762607,22.4794812741282));
#13160=CARTESIAN_POINT('Ctrl Pts',(50.,65.1115192240308,22.158487948728));
#13161=CARTESIAN_POINT('Ctrl Pts',(50.,65.104254715505,21.5979115921895));
#13162=CARTESIAN_POINT('Ctrl Pts',(50.,64.8541996858568,21.0991808118393));
#13163=CARTESIAN_POINT('Ctrl Pts',(50.,64.7473294241061,20.8860297741893));
#13164=CARTESIAN_POINT('',(50.,63.4785706503024,20.381254726887));
#13165=CARTESIAN_POINT('Ctrl Pts',(50.,64.7473294241061,20.8860297741893));
#13166=CARTESIAN_POINT('Ctrl Pts',(50.,64.589036743792,20.7392333823752));
#13167=CARTESIAN_POINT('Ctrl Pts',(50.,64.234794607795,20.4107187139164));
#13168=CARTESIAN_POINT('Ctrl Pts',(50.,63.7478980538575,20.3917482573371));
#13169=CARTESIAN_POINT('Ctrl Pts',(50.,63.4785706503024,20.381254726887));
#13170=CARTESIAN_POINT('',(50.,62.6627451879611,20.5422367396357));
#13171=CARTESIAN_POINT('Ctrl Pts',(50.,63.4785706503024,20.381254726887));
#13172=CARTESIAN_POINT('Ctrl Pts',(50.,63.324444125072,20.3850398178902));
#13173=CARTESIAN_POINT('Ctrl Pts',(50.,63.0427351085744,20.3919581225899));
#13174=CARTESIAN_POINT('Ctrl Pts',(50.,62.7811939214641,20.4953925711564));
#13175=CARTESIAN_POINT('Ctrl Pts',(50.,62.6627451879611,20.5422367396357));
#13176=CARTESIAN_POINT('Ctrl Pts',(50.,62.6627451879611,20.5422367396357));
#13177=CARTESIAN_POINT('Ctrl Pts',(50.,62.563273825277,20.6028580339775));
#13178=CARTESIAN_POINT('Ctrl Pts',(50.,62.3615086806466,20.7258207027347));
#13179=CARTESIAN_POINT('Ctrl Pts',(50.,62.2228263017231,20.9172275695319));
#13180=CARTESIAN_POINT('Ctrl Pts',(50.,62.152515123569,21.01426976347));
#13181=CARTESIAN_POINT('',(50.,66.6818458540072,23.8846652450564));
#13182=CARTESIAN_POINT('',(50.,67.1729785902133,24.5176802816394));
#13183=CARTESIAN_POINT('Ctrl Pts',(50.,66.6818458540072,23.8846652450564));
#13184=CARTESIAN_POINT('Ctrl Pts',(50.,66.7809564010898,23.9755893292889));
#13185=CARTESIAN_POINT('Ctrl Pts',(50.,66.9805574676018,24.1587034853364));
#13186=CARTESIAN_POINT('Ctrl Pts',(50.,67.1085432662446,24.397471097465));
#13187=CARTESIAN_POINT('Ctrl Pts',(50.,67.1729785902133,24.5176802816394));
#13188=CARTESIAN_POINT('',(50.,47.0864892951067,24.5176802816394));
#13189=CARTESIAN_POINT('',(50.,65.8005363447299,23.4453745427134));
#13190=CARTESIAN_POINT('',(50.,65.8005363447299,11.2670255572797));
#13191=CARTESIAN_POINT('Ctrl Pts',(50.,65.8005363447299,23.4453745427134));
#13192=CARTESIAN_POINT('Ctrl Pts',(50.,65.9726920916484,23.5043583231028));
#13193=CARTESIAN_POINT('Ctrl Pts',(50.,66.2863271507551,23.6118155633046));
#13194=CARTESIAN_POINT('Ctrl Pts',(50.,66.5588927731487,23.7998457189334));
#13195=CARTESIAN_POINT('Ctrl Pts',(50.,66.6818458540072,23.8846652450564));
#13196=CARTESIAN_POINT('',(50.,32.3134972853293,20.381254726887));
#13197=CARTESIAN_POINT('',(50.,30.9001275105109,20.7741607966425));
#13198=CARTESIAN_POINT('Ctrl Pts',(50.,32.3134972853293,20.381254726887));
#13199=CARTESIAN_POINT('Ctrl Pts',(50.,32.0161761930475,20.3836891060714));
#13200=CARTESIAN_POINT('Ctrl Pts',(50.,31.5054664933566,20.3878706495086));
#13201=CARTESIAN_POINT('Ctrl Pts',(50.,31.0785182639394,20.6603227780413));
#13202=CARTESIAN_POINT('Ctrl Pts',(50.,30.9001275105109,20.7741607966425));
#13203=CARTESIAN_POINT('Ctrl Pts',(50.,30.9001275105109,20.7741607966425));
#13204=CARTESIAN_POINT('Ctrl Pts',(50.,30.7831840764733,20.9163753344191));
#13205=CARTESIAN_POINT('Ctrl Pts',(50.,30.5433887451613,21.2079896733015));
#13206=CARTESIAN_POINT('Ctrl Pts',(50.,30.4851941645822,21.5814598967872));
#13207=CARTESIAN_POINT('Ctrl Pts',(50.,30.4553799284329,21.7727960886957));
#13208=CARTESIAN_POINT('',(50.,32.5918055278888,23.6500133814814));
#13209=CARTESIAN_POINT('Ctrl Pts',(50.,32.7882585627666,23.2571073117258));
#13210=CARTESIAN_POINT('Ctrl Pts',(50.,32.7712357348146,23.3385625278838));
#13211=CARTESIAN_POINT('Ctrl Pts',(50.,32.7401189396812,23.4874581920409));
#13212=CARTESIAN_POINT('Ctrl Pts',(50.,32.6380406332342,23.599338555669));
#13213=CARTESIAN_POINT('Ctrl Pts',(50.,32.5918055278888,23.6500133814814));
#13214=CARTESIAN_POINT('',(50.,32.1825285954108,23.7727965655329));
#13215=CARTESIAN_POINT('Ctrl Pts',(50.,32.5918055278888,23.6500133814814));
#13216=CARTESIAN_POINT('Ctrl Pts',(50.,32.5347399649395,23.6857577559776));
#13217=CARTESIAN_POINT('Ctrl Pts',(50.,32.4100727152782,23.7638460570299));
#13218=CARTESIAN_POINT('Ctrl Pts',(50.,32.262533023555,23.7696495700632));
#13219=CARTESIAN_POINT('Ctrl Pts',(50.,32.1825285954108,23.7727965655329));
#13220=CARTESIAN_POINT('',(50.,31.8578355712523,23.6800267043116));
#13221=CARTESIAN_POINT('Ctrl Pts',(50.,32.1825285954108,23.7727965655329));
#13222=CARTESIAN_POINT('Ctrl Pts',(50.,32.1177375071217,23.770954419435));
#13223=CARTESIAN_POINT('Ctrl Pts',(50.,32.0010309905471,23.7676362091721));
#13224=CARTESIAN_POINT('Ctrl Pts',(50.,31.9019226651794,23.7069999726516));
#13225=CARTESIAN_POINT('Ctrl Pts',(50.,31.8578355712523,23.6800267043116));
#13226=CARTESIAN_POINT('',(50.,31.7486949963202,23.459017449856));
#13227=CARTESIAN_POINT('Ctrl Pts',(50.,31.8578355712523,23.6800267043116));
#13228=CARTESIAN_POINT('Ctrl Pts',(50.,31.8260075135719,23.6488161587619));
#13229=CARTESIAN_POINT('Ctrl Pts',(50.,31.7637431237284,23.587759791614));
#13230=CARTESIAN_POINT('Ctrl Pts',(50.,31.7536357324258,23.5012872897492));
#13231=CARTESIAN_POINT('Ctrl Pts',(50.,31.7486949963202,23.459017449856));
#13232=CARTESIAN_POINT('',(50.,31.8387360078921,23.2871212306025));
#13233=CARTESIAN_POINT('Ctrl Pts',(50.,31.7486949963202,23.459017449856));
#13234=CARTESIAN_POINT('Ctrl Pts',(50.,31.7532815741124,23.4273000537808));
#13235=CARTESIAN_POINT('Ctrl Pts',(50.,31.7630492935208,23.3597536958501));
#13236=CARTESIAN_POINT('Ctrl Pts',(50.,31.812503669189,23.3122949938586));
#13237=CARTESIAN_POINT('Ctrl Pts',(50.,31.8387360078921,23.2871212306025));
#13238=CARTESIAN_POINT('',(50.,32.2534698946109,23.1397809329035));
#13239=CARTESIAN_POINT('Ctrl Pts',(50.,31.8387360078921,23.2871212306025));
#13240=CARTESIAN_POINT('Ctrl Pts',(50.,31.8870318139065,23.2595401810615));
#13241=CARTESIAN_POINT('Ctrl Pts',(50.,32.0158292063854,23.1859858177354));
#13242=CARTESIAN_POINT('Ctrl Pts',(50.,32.1620673827246,23.1575524793781));
#13243=CARTESIAN_POINT('Ctrl Pts',(50.,32.2534698946109,23.1397809329035));
#13244=CARTESIAN_POINT('',(50.,33.4130877954593,22.7850748839381));
#13245=CARTESIAN_POINT('Ctrl Pts',(50.,32.2534698946109,23.1397809329035));
#13246=CARTESIAN_POINT('Ctrl Pts',(50.,32.4877125392588,23.0891331247731));
#13247=CARTESIAN_POINT('Ctrl Pts',(50.,32.8845552689997,23.0033280209926));
#13248=CARTESIAN_POINT('Ctrl Pts',(50.,33.2594716768892,22.84850939005));
#13249=CARTESIAN_POINT('Ctrl Pts',(50.,33.4130877954593,22.7850748839381));
#13250=CARTESIAN_POINT('',(50.,33.9233199460139,22.343055182934));
#13251=CARTESIAN_POINT('Ctrl Pts',(50.,33.4130877954593,22.7850748839381));
#13252=CARTESIAN_POINT('Ctrl Pts',(50.,33.5203242963171,22.7255394671618));
#13253=CARTESIAN_POINT('Ctrl Pts',(50.,33.7217493258132,22.6137125893328));
#13254=CARTESIAN_POINT('Ctrl Pts',(50.,33.8590954217626,22.4292921709621));
#13255=CARTESIAN_POINT('Ctrl Pts',(50.,33.9233199460139,22.343055182934));
#13256=CARTESIAN_POINT('',(50.,34.0843022567859,21.7509682717326));
#13257=CARTESIAN_POINT('Ctrl Pts',(50.,33.9233199460139,22.343055182934));
#13258=CARTESIAN_POINT('Ctrl Pts',(50.,33.9702702483841,22.2514413675485));
#13259=CARTESIAN_POINT('Ctrl Pts',(50.,34.0655662152251,22.0654909759126));
#13260=CARTESIAN_POINT('Ctrl Pts',(50.,34.0779962411097,21.8568276175634));
#13261=CARTESIAN_POINT('Ctrl Pts',(50.,34.0843022567859,21.7509682717326));
#13262=CARTESIAN_POINT('',(50.,33.8714782101741,21.0415549817088));
#13263=CARTESIAN_POINT('Ctrl Pts',(50.,34.0843022567859,21.7509682717326));
#13264=CARTESIAN_POINT('Ctrl Pts',(50.,34.0753493384072,21.6250990508477));
#13265=CARTESIAN_POINT('Ctrl Pts',(50.,34.0574001496532,21.3727511226739));
#13266=CARTESIAN_POINT('Ctrl Pts',(50.,33.9335518986655,21.15213131359));
#13267=CARTESIAN_POINT('Ctrl Pts',(50.,33.8714782101741,21.0415549817088));
#13268=CARTESIAN_POINT('',(50.,33.2766623003116,20.5476941409113));
#13269=CARTESIAN_POINT('Ctrl Pts',(50.,33.8714782101741,21.0415549817088));
#13270=CARTESIAN_POINT('Ctrl Pts',(50.,33.7922890375019,20.9392801305794));
#13271=CARTESIAN_POINT('Ctrl Pts',(50.,33.6307610004192,20.730662520515));
#13272=CARTESIAN_POINT('Ctrl Pts',(50.,33.3962196681937,20.6094713173439));
#13273=CARTESIAN_POINT('Ctrl Pts',(50.,33.2766623003116,20.5476941409113));
#13274=CARTESIAN_POINT('Ctrl Pts',(50.,33.2766623003116,20.5476941409113));
#13275=CARTESIAN_POINT('Ctrl Pts',(50.,33.133976900326,20.4992417959303));
#13276=CARTESIAN_POINT('Ctrl Pts',(50.,32.8220874823442,20.3933320554979));
#13277=CARTESIAN_POINT('Ctrl Pts',(50.,32.4923721117411,20.3855024101327));
#13278=CARTESIAN_POINT('Ctrl Pts',(50.,32.3134972853293,20.381254726887));
#13279=CARTESIAN_POINT('',(50.,36.569977472507,21.3062204661372));
#13280=CARTESIAN_POINT('',(50.,37.1047658426394,21.5054019036295));
#13281=CARTESIAN_POINT('Ctrl Pts',(50.,36.569977472507,21.3062204661372));
#13282=CARTESIAN_POINT('Ctrl Pts',(50.,36.6780719260519,21.3115708530277));
#13283=CARTESIAN_POINT('Ctrl Pts',(50.,36.8784811966954,21.3214905769287));
#13284=CARTESIAN_POINT('Ctrl Pts',(50.,37.0334036740401,21.4474027802308));
#13285=CARTESIAN_POINT('Ctrl Pts',(50.,37.1047658426394,21.5054019036295));
#13286=CARTESIAN_POINT('Ctrl Pts',(50.,37.1047658426394,21.5054019036295));
#13287=CARTESIAN_POINT('Ctrl Pts',(50.,37.162490706114,21.584344159866));
#13288=CARTESIAN_POINT('Ctrl Pts',(50.,37.2899282113365,21.7586226871046));
#13289=CARTESIAN_POINT('Ctrl Pts',(50.,37.3413188842927,21.9688467851699));
#13290=CARTESIAN_POINT('Ctrl Pts',(50.,37.3694313270679,22.0838465037348));
#13291=CARTESIAN_POINT('',(50.,37.3230469925036,23.0306406559946));
#13292=CARTESIAN_POINT('',(50.,30.5094008975706,21.5146042696328));
#13293=CARTESIAN_POINT('',(50.,37.2029925090899,23.2980348410609));
#13294=CARTESIAN_POINT('Ctrl Pts',(50.,37.3230469925036,23.0306406559946));
#13295=CARTESIAN_POINT('Ctrl Pts',(50.,37.3057967739259,23.0844587596467));
#13296=CARTESIAN_POINT('Ctrl Pts',(50.,37.2757478738659,23.1782068365634));
#13297=CARTESIAN_POINT('Ctrl Pts',(50.,37.2247247214197,23.2622419116349));
#13298=CARTESIAN_POINT('Ctrl Pts',(50.,37.2029925090899,23.2980348410609));
#13299=CARTESIAN_POINT('',(50.,36.9492406351199,23.5163159909251));
#13300=CARTESIAN_POINT('Ctrl Pts',(50.,37.2029925090899,23.2980348410609));
#13301=CARTESIAN_POINT('Ctrl Pts',(50.,37.1667822289475,23.342455431532));
#13302=CARTESIAN_POINT('Ctrl Pts',(50.,37.0951570654526,23.4303208676048));
#13303=CARTESIAN_POINT('Ctrl Pts',(50.,36.9975180183203,23.4878639549725));
#13304=CARTESIAN_POINT('Ctrl Pts',(50.,36.9492406351199,23.5163159909251));
#13305=CARTESIAN_POINT('',(50.,36.6136337024798,23.5927142443659));
#13306=CARTESIAN_POINT('Ctrl Pts',(50.,36.9492406351199,23.5163159909251));
#13307=CARTESIAN_POINT('Ctrl Pts',(50.,36.8969958926178,23.5385947835053));
#13308=CARTESIAN_POINT('Ctrl Pts',(50.,36.7898000698828,23.5843064357369));
#13309=CARTESIAN_POINT('Ctrl Pts',(50.,36.6733359355308,23.5898648642168));
#13310=CARTESIAN_POINT('Ctrl Pts',(50.,36.6136337024798,23.5927142443659));
#13311=CARTESIAN_POINT('',(50.,35.9697044593921,23.254378611088));
#13312=CARTESIAN_POINT('Ctrl Pts',(50.,36.6136337024798,23.5927142443659));
#13313=CARTESIAN_POINT('Ctrl Pts',(50.,36.4821610985633,23.5792245620405));
#13314=CARTESIAN_POINT('Ctrl Pts',(50.,36.2219748869448,23.5525282828489));
#13315=CARTESIAN_POINT('Ctrl Pts',(50.,36.0531980359732,23.3530567744118));
#13316=CARTESIAN_POINT('Ctrl Pts',(50.,35.9697044593921,23.254378611088));
#13317=CARTESIAN_POINT('',(50.,35.8005363447299,22.4658383669856));
#13318=CARTESIAN_POINT('Ctrl Pts',(50.,35.9697044593921,23.254378611088));
#13319=CARTESIAN_POINT('Ctrl Pts',(50.,35.9206350387764,23.1484352088701));
#13320=CARTESIAN_POINT('Ctrl Pts',(50.,35.8053545512259,22.8995387086224));
#13321=CARTESIAN_POINT('Ctrl Pts',(50.,35.8022941047189,22.6240592959494));
#13322=CARTESIAN_POINT('Ctrl Pts',(50.,35.8005363447299,22.4658383669856));
#13323=CARTESIAN_POINT('',(50.,36.0024464828601,21.5517868342402));
#13324=CARTESIAN_POINT('Ctrl Pts',(50.,35.8005363447299,22.4658383669856));
#13325=CARTESIAN_POINT('Ctrl Pts',(50.,35.8003157601091,22.2743982921838));
#13326=CARTESIAN_POINT('Ctrl Pts',(50.,35.7999449774009,21.9526049180667));
#13327=CARTESIAN_POINT('Ctrl Pts',(50.,35.9440655615707,21.6673421677682));
#13328=CARTESIAN_POINT('Ctrl Pts',(50.,36.0024464828601,21.5517868342402));
#13329=CARTESIAN_POINT('Ctrl Pts',(50.,36.0024464828601,21.5517868342402));
#13330=CARTESIAN_POINT('Ctrl Pts',(50.,36.0788634303853,21.4801954225507));
#13331=CARTESIAN_POINT('Ctrl Pts',(50.,36.2381327262155,21.3309835775799));
#13332=CARTESIAN_POINT('Ctrl Pts',(50.,36.4564225005791,21.3146942312221));
#13333=CARTESIAN_POINT('Ctrl Pts',(50.,36.569977472507,21.3062204661372));
#13334=CARTESIAN_POINT('',(50.,41.5003997785678,24.4494675340655));
#13335=CARTESIAN_POINT('',(50.,33.5762573233659,24.4494675340655));
#13336=CARTESIAN_POINT('',(50.,43.0038101179233,20.4494674744608));
#13337=CARTESIAN_POINT('',(50.,44.6289427157306,16.125611027603));
#13338=CARTESIAN_POINT('',(50.,41.710495422565,20.4494674744608));
#13339=CARTESIAN_POINT('',(50.,35.0019050589616,20.4494674744608));
#13340=CARTESIAN_POINT('',(50.,43.9070553666636,13.0665991392594));
#13341=CARTESIAN_POINT('Ctrl Pts',(50.,61.9260484678378,21.6172708811763));
#13342=CARTESIAN_POINT('Ctrl Pts',(49.,61.9260484678378,21.6172708811763));
#13343=CARTESIAN_POINT('Ctrl Pts',(50.,61.9029800226291,21.7517914917789));
#13344=CARTESIAN_POINT('Ctrl Pts',(49.,61.9029800226291,21.7517914917789));
#13345=CARTESIAN_POINT('Ctrl Pts',(50.,61.8548302695918,22.0325704571731));
#13346=CARTESIAN_POINT('Ctrl Pts',(49.,61.8548302695918,22.0325704571731));
#13347=CARTESIAN_POINT('Ctrl Pts',(50.,61.8496290512271,22.3174460633678));
#13348=CARTESIAN_POINT('Ctrl Pts',(49.,61.8496290512271,22.3174460633678));
#13349=CARTESIAN_POINT('Ctrl Pts',(50.,61.8469197256198,22.4658383669856));
#13350=CARTESIAN_POINT('Ctrl Pts',(49.,61.8469197256198,22.4658383669856));
#13351=CARTESIAN_POINT('',(49.7,61.9260484678378,21.6172708811763));
#13352=CARTESIAN_POINT('Ctrl Pts',(49.7,61.9260484678378,21.6172708811763));
#13353=CARTESIAN_POINT('Ctrl Pts',(49.7,61.9029800226291,21.7517914917789));
#13354=CARTESIAN_POINT('Ctrl Pts',(49.7,61.8799115774205,21.8863121023816));
#13355=CARTESIAN_POINT('Ctrl Pts',(49.7,61.8667013151278,22.0217730345729));
#13356=CARTESIAN_POINT('Ctrl Pts',(49.7,61.8523383768344,22.16905375975));
#13357=CARTESIAN_POINT('Ctrl Pts',(49.7,61.8496290512271,22.3174460633678));
#13358=CARTESIAN_POINT('Ctrl Pts',(49.7,61.8469197256198,22.4658383669856));
#13359=CARTESIAN_POINT('',(50.,61.9260484678378,21.6172708811763));
#13360=CARTESIAN_POINT('Ctrl Pts',(50.,62.152515123569,21.01426976347));
#13361=CARTESIAN_POINT('Ctrl Pts',(49.,62.152515123569,21.01426976347));
#13362=CARTESIAN_POINT('Ctrl Pts',(50.,62.105865037104,21.0999364775327));
#13363=CARTESIAN_POINT('Ctrl Pts',(49.,62.105865037104,21.0999364775327));
#13364=CARTESIAN_POINT('Ctrl Pts',(50.,62.0023069807213,21.2901071519576));
#13365=CARTESIAN_POINT('Ctrl Pts',(49.,62.0023069807213,21.2901071519576));
#13366=CARTESIAN_POINT('Ctrl Pts',(50.,61.9530929286324,21.5012449279587));
#13367=CARTESIAN_POINT('Ctrl Pts',(49.,61.9530929286324,21.5012449279587));
#13368=CARTESIAN_POINT('Ctrl Pts',(50.,61.9260484678378,21.6172708811763));
#13369=CARTESIAN_POINT('Ctrl Pts',(49.,61.9260484678378,21.6172708811763));
#13370=CARTESIAN_POINT('',(49.7,62.152515123569,21.01426976347));
#13371=CARTESIAN_POINT('Ctrl Pts',(49.7,62.152515123569,21.01426976347));
#13372=CARTESIAN_POINT('Ctrl Pts',(49.7,62.105865037104,21.0999364775327));
#13373=CARTESIAN_POINT('Ctrl Pts',(49.7,62.059214950639,21.1856031915954));
#13374=CARTESIAN_POINT('Ctrl Pts',(49.7,62.0235926611056,21.2755246701243));
#13375=CARTESIAN_POINT('Ctrl Pts',(49.7,61.980137389427,21.3852189747411));
#13376=CARTESIAN_POINT('Ctrl Pts',(49.7,61.9530929286324,21.5012449279587));
#13377=CARTESIAN_POINT('Ctrl Pts',(49.7,61.9260484678378,21.6172708811763));
#13378=CARTESIAN_POINT('',(50.,62.152515123569,21.01426976347));
#13379=CARTESIAN_POINT('Ctrl Pts',(50.,62.6627451879611,20.5422367396357));
#13380=CARTESIAN_POINT('Ctrl Pts',(49.,62.6627451879611,20.5422367396357));
#13381=CARTESIAN_POINT('Ctrl Pts',(50.,62.563273825277,20.6028580339775));
#13382=CARTESIAN_POINT('Ctrl Pts',(49.,62.563273825277,20.6028580339775));
#13383=CARTESIAN_POINT('Ctrl Pts',(50.,62.3615086806466,20.7258207027347));
#13384=CARTESIAN_POINT('Ctrl Pts',(49.,62.3615086806466,20.7258207027347));
#13385=CARTESIAN_POINT('Ctrl Pts',(50.,62.2228263017231,20.9172275695319));
#13386=CARTESIAN_POINT('Ctrl Pts',(49.,62.2228263017231,20.9172275695319));
#13387=CARTESIAN_POINT('Ctrl Pts',(50.,62.152515123569,21.01426976347));
#13388=CARTESIAN_POINT('Ctrl Pts',(49.,62.152515123569,21.01426976347));
#13389=CARTESIAN_POINT('',(49.7,62.6627451879611,20.5422367396357));
#13390=CARTESIAN_POINT('Ctrl Pts',(49.7,62.6627451879611,20.5422367396357));
#13391=CARTESIAN_POINT('Ctrl Pts',(49.7,62.563273825277,20.6028580339775));
#13392=CARTESIAN_POINT('Ctrl Pts',(49.7,62.4638024625929,20.6634793283193));
#13393=CARTESIAN_POINT('Ctrl Pts',(49.7,62.3796636564364,20.7407362999919));
#13394=CARTESIAN_POINT('Ctrl Pts',(49.7,62.2931374798772,20.8201853755937));
#13395=CARTESIAN_POINT('Ctrl Pts',(49.7,62.2228263017231,20.9172275695319));
#13396=CARTESIAN_POINT('Ctrl Pts',(49.7,62.152515123569,21.01426976347));
#13397=CARTESIAN_POINT('',(50.,62.6627451879611,20.5422367396357));
#13398=CARTESIAN_POINT('Ctrl Pts',(50.,63.4785706503024,20.381254726887));
#13399=CARTESIAN_POINT('Ctrl Pts',(49.,63.4785706503024,20.381254726887));
#13400=CARTESIAN_POINT('Ctrl Pts',(50.,63.324444125072,20.3850398178902));
#13401=CARTESIAN_POINT('Ctrl Pts',(49.,63.324444125072,20.3850398178902));
#13402=CARTESIAN_POINT('Ctrl Pts',(50.,63.0427351085744,20.3919581225899));
#13403=CARTESIAN_POINT('Ctrl Pts',(49.,63.0427351085744,20.3919581225899));
#13404=CARTESIAN_POINT('Ctrl Pts',(50.,62.7811939214641,20.4953925711564));
#13405=CARTESIAN_POINT('Ctrl Pts',(49.,62.7811939214641,20.4953925711564));
#13406=CARTESIAN_POINT('Ctrl Pts',(50.,62.6627451879611,20.5422367396357));
#13407=CARTESIAN_POINT('Ctrl Pts',(49.,62.6627451879611,20.5422367396357));
#13408=CARTESIAN_POINT('',(49.7,63.4785706503024,20.381254726887));
#13409=CARTESIAN_POINT('Ctrl Pts',(49.7,63.4785706503024,20.381254726887));
#13410=CARTESIAN_POINT('Ctrl Pts',(49.7,63.324444125072,20.3850398178902));
#13411=CARTESIAN_POINT('Ctrl Pts',(49.7,63.1703175998415,20.3888249088934));
#13412=CARTESIAN_POINT('Ctrl Pts',(49.7,63.0222279531589,20.4215003790858));
#13413=CARTESIAN_POINT('Ctrl Pts',(49.7,62.899642654967,20.4485484026771));
#13414=CARTESIAN_POINT('Ctrl Pts',(49.7,62.7811939214641,20.4953925711564));
#13415=CARTESIAN_POINT('Ctrl Pts',(49.7,62.6627451879611,20.5422367396357));
#13416=CARTESIAN_POINT('',(50.,63.4785706503024,20.381254726887));
#13417=CARTESIAN_POINT('Ctrl Pts',(50.,64.7473294241061,20.8860297741893));
#13418=CARTESIAN_POINT('Ctrl Pts',(49.,64.7473294241061,20.8860297741893));
#13419=CARTESIAN_POINT('Ctrl Pts',(50.,64.589036743792,20.7392333823752));
#13420=CARTESIAN_POINT('Ctrl Pts',(49.,64.589036743792,20.7392333823752));
#13421=CARTESIAN_POINT('Ctrl Pts',(50.,64.234794607795,20.4107187139164));
#13422=CARTESIAN_POINT('Ctrl Pts',(49.,64.234794607795,20.4107187139164));
#13423=CARTESIAN_POINT('Ctrl Pts',(50.,63.7478980538575,20.3917482573371));
#13424=CARTESIAN_POINT('Ctrl Pts',(49.,63.7478980538575,20.3917482573371));
#13425=CARTESIAN_POINT('Ctrl Pts',(50.,63.4785706503024,20.381254726887));
#13426=CARTESIAN_POINT('Ctrl Pts',(49.,63.4785706503024,20.381254726887));
#13427=CARTESIAN_POINT('',(49.7,64.7473294241061,20.8860297741893));
#13428=CARTESIAN_POINT('Ctrl Pts',(49.7,64.7473294241061,20.8860297741893));
#13429=CARTESIAN_POINT('Ctrl Pts',(49.7,64.589036743792,20.7392333823752));
#13430=CARTESIAN_POINT('Ctrl Pts',(49.7,64.4307440634778,20.5924369905611));
#13431=CARTESIAN_POINT('Ctrl Pts',(49.7,64.245963762485,20.5074484887126));
#13432=CARTESIAN_POINT('Ctrl Pts',(49.7,64.0172254574126,20.4022417877871));
#13433=CARTESIAN_POINT('Ctrl Pts',(49.7,63.7478980538575,20.3917482573371));
#13434=CARTESIAN_POINT('Ctrl Pts',(49.7,63.4785706503024,20.381254726887));
#13435=CARTESIAN_POINT('',(50.,64.7473294241061,20.8860297741893));
#13436=CARTESIAN_POINT('Ctrl Pts',(50.,65.1156789762607,22.4794812741282));
#13437=CARTESIAN_POINT('Ctrl Pts',(49.,65.1156789762607,22.4794812741282));
#13438=CARTESIAN_POINT('Ctrl Pts',(50.,65.1115192240308,22.158487948728));
#13439=CARTESIAN_POINT('Ctrl Pts',(49.,65.1115192240308,22.158487948728));
#13440=CARTESIAN_POINT('Ctrl Pts',(50.,65.104254715505,21.5979115921895));
#13441=CARTESIAN_POINT('Ctrl Pts',(49.,65.104254715505,21.5979115921895));
#13442=CARTESIAN_POINT('Ctrl Pts',(50.,64.8541996858568,21.0991808118393));
#13443=CARTESIAN_POINT('Ctrl Pts',(49.,64.8541996858568,21.0991808118393));
#13444=CARTESIAN_POINT('Ctrl Pts',(50.,64.7473294241061,20.8860297741893));
#13445=CARTESIAN_POINT('Ctrl Pts',(49.,64.7473294241061,20.8860297741893));
#13446=CARTESIAN_POINT('Ctrl Pts',(49.7,65.1156789762607,22.4794812741282));
#13447=CARTESIAN_POINT('Ctrl Pts',(49.7,65.1115192240308,22.158487948728));
#13448=CARTESIAN_POINT('Ctrl Pts',(49.7,65.107359471801,21.8374946233278));
#13449=CARTESIAN_POINT('Ctrl Pts',(49.7,65.0235921842685,21.5367795767787));
#13450=CARTESIAN_POINT('Ctrl Pts',(49.7,64.9610699476075,21.3123318494894));
#13451=CARTESIAN_POINT('Ctrl Pts',(49.7,64.8541996858568,21.0991808118393));
#13452=CARTESIAN_POINT('Ctrl Pts',(49.7,64.7473294241061,20.8860297741893));
#13453=CARTESIAN_POINT('Ctrl Pts',(50.,63.0720216734042,23.4972162785533));
#13454=CARTESIAN_POINT('Ctrl Pts',(49.,63.0720216734042,23.4972162785533));
#13455=CARTESIAN_POINT('Ctrl Pts',(50.,63.0366137836499,23.3653100835217));
#13456=CARTESIAN_POINT('Ctrl Pts',(49.,63.0366137836499,23.3653100835217));
#13457=CARTESIAN_POINT('Ctrl Pts',(50.,62.9459374709359,23.0275105853708));
#13458=CARTESIAN_POINT('Ctrl Pts',(49.,62.9459374709359,23.0275105853708));
#13459=CARTESIAN_POINT('Ctrl Pts',(50.,62.947989894177,22.6768450132748));
#13460=CARTESIAN_POINT('Ctrl Pts',(49.,62.947989894177,22.6768450132748));
#13461=CARTESIAN_POINT('Ctrl Pts',(50.,62.9492408735385,22.4631096663478));
#13462=CARTESIAN_POINT('Ctrl Pts',(49.,62.9492408735385,22.4631096663478));
#13463=CARTESIAN_POINT('',(49.7,63.0720216734042,23.4972162785533));
#13464=CARTESIAN_POINT('Ctrl Pts',(49.7,63.0720216734042,23.4972162785533));
#13465=CARTESIAN_POINT('Ctrl Pts',(49.7,63.0366137836499,23.3653100835217));
#13466=CARTESIAN_POINT('Ctrl Pts',(49.7,63.0012058938955,23.23340388849));
#13467=CARTESIAN_POINT('Ctrl Pts',(49.7,62.9799372655978,23.0995358767512));
#13468=CARTESIAN_POINT('Ctrl Pts',(49.7,62.9467389148155,22.8905803602018));
#13469=CARTESIAN_POINT('Ctrl Pts',(49.7,62.947989894177,22.6768450132748));
#13470=CARTESIAN_POINT('Ctrl Pts',(49.7,62.9492408735385,22.4631096663478));
#13471=CARTESIAN_POINT('',(50.,63.0720216734042,23.4972162785533));
#13472=CARTESIAN_POINT('Ctrl Pts',(50.,63.4703857404819,23.7782533707621));
#13473=CARTESIAN_POINT('Ctrl Pts',(49.,63.4703857404819,23.7782533707621));
#13474=CARTESIAN_POINT('Ctrl Pts',(50.,63.3842487482919,23.7650106994532));
#13475=CARTESIAN_POINT('Ctrl Pts',(49.,63.3842487482919,23.7650106994532));
#13476=CARTESIAN_POINT('Ctrl Pts',(50.,63.2058297832213,23.7375806296348));
#13477=CARTESIAN_POINT('Ctrl Pts',(49.,63.2058297832213,23.7375806296348));
#13478=CARTESIAN_POINT('Ctrl Pts',(50.,63.1176368694756,23.5791565063776));
#13479=CARTESIAN_POINT('Ctrl Pts',(49.,63.1176368694756,23.5791565063776));
#13480=CARTESIAN_POINT('Ctrl Pts',(50.,63.0720216734042,23.4972162785533));
#13481=CARTESIAN_POINT('Ctrl Pts',(49.,63.0720216734042,23.4972162785533));
#13482=CARTESIAN_POINT('',(49.7,63.4703857404819,23.7782533707621));
#13483=CARTESIAN_POINT('Ctrl Pts',(49.7,63.4703857404819,23.7782533707621));
#13484=CARTESIAN_POINT('Ctrl Pts',(49.7,63.3842487482919,23.7650106994532));
#13485=CARTESIAN_POINT('Ctrl Pts',(49.7,63.298111756102,23.7517680281442));
#13486=CARTESIAN_POINT('Ctrl Pts',(49.7,63.2330042821994,23.7079937996867));
#13487=CARTESIAN_POINT('Ctrl Pts',(49.7,63.163252065547,23.6610967342019));
#13488=CARTESIAN_POINT('Ctrl Pts',(49.7,63.1176368694756,23.5791565063776));
#13489=CARTESIAN_POINT('Ctrl Pts',(49.7,63.0720216734042,23.4972162785533));
#13490=CARTESIAN_POINT('',(50.,63.4703857404819,23.7782533707621));
#13491=CARTESIAN_POINT('Ctrl Pts',(50.,63.8742048246493,23.5026730837825));
#13492=CARTESIAN_POINT('Ctrl Pts',(49.,63.8742048246493,23.5026730837825));
#13493=CARTESIAN_POINT('Ctrl Pts',(50.,63.8258749778803,23.5830127945624));
#13494=CARTESIAN_POINT('Ctrl Pts',(49.,63.8258749778803,23.5830127945624));
#13495=CARTESIAN_POINT('Ctrl Pts',(50.,63.7329109910088,23.7375487659656));
#13496=CARTESIAN_POINT('Ctrl Pts',(49.,63.7329109910088,23.7375487659656));
#13497=CARTESIAN_POINT('Ctrl Pts',(50.,63.5555437951019,23.7650495934051));
#13498=CARTESIAN_POINT('Ctrl Pts',(49.,63.5555437951019,23.7650495934051));
#13499=CARTESIAN_POINT('Ctrl Pts',(50.,63.4703857404819,23.7782533707621));
#13500=CARTESIAN_POINT('Ctrl Pts',(49.,63.4703857404819,23.7782533707621));
#13501=CARTESIAN_POINT('',(49.7,63.8742048246493,23.5026730837825));
#13502=CARTESIAN_POINT('Ctrl Pts',(49.7,63.8742048246493,23.5026730837825));
#13503=CARTESIAN_POINT('Ctrl Pts',(49.7,63.8258749778803,23.5830127945624));
#13504=CARTESIAN_POINT('Ctrl Pts',(49.7,63.7775451311114,23.6633525053424));
#13505=CARTESIAN_POINT('Ctrl Pts',(49.7,63.7064034444919,23.7093581500056));
#13506=CARTESIAN_POINT('Ctrl Pts',(49.7,63.640701849722,23.7518458160481));
#13507=CARTESIAN_POINT('Ctrl Pts',(49.7,63.5555437951019,23.7650495934051));
#13508=CARTESIAN_POINT('Ctrl Pts',(49.7,63.4703857404819,23.7782533707621));
#13509=CARTESIAN_POINT('',(50.,63.8742048246493,23.5026730837825));
#13510=CARTESIAN_POINT('Ctrl Pts',(50.,64.010630319797,22.4330963435176));
#13511=CARTESIAN_POINT('Ctrl Pts',(49.,64.010630319797,22.4330963435176));
#13512=CARTESIAN_POINT('Ctrl Pts',(50.,64.0125579333371,22.6570204066259));
#13513=CARTESIAN_POINT('Ctrl Pts',(49.,64.0125579333371,22.6570204066259));
#13514=CARTESIAN_POINT('Ctrl Pts',(50.,64.0156901234979,23.0208758852483));
#13515=CARTESIAN_POINT('Ctrl Pts',(49.,64.0156901234979,23.0208758852483));
#13516=CARTESIAN_POINT('Ctrl Pts',(50.,63.9135036598766,23.3688495072538));
#13517=CARTESIAN_POINT('Ctrl Pts',(49.,63.9135036598766,23.3688495072538));
#13518=CARTESIAN_POINT('Ctrl Pts',(50.,63.8742048246493,23.5026730837825));
#13519=CARTESIAN_POINT('Ctrl Pts',(49.,63.8742048246493,23.5026730837825));
#13520=CARTESIAN_POINT('Ctrl Pts',(49.7,64.010630319797,22.4330963435176));
#13521=CARTESIAN_POINT('Ctrl Pts',(49.7,64.0125579333371,22.6570204066259));
#13522=CARTESIAN_POINT('Ctrl Pts',(49.7,64.0144855468772,22.8809444697342));
#13523=CARTESIAN_POINT('Ctrl Pts',(49.7,63.9765245420566,23.0988534035685));
#13524=CARTESIAN_POINT('Ctrl Pts',(49.7,63.9528024951039,23.2350259307251));
#13525=CARTESIAN_POINT('Ctrl Pts',(49.7,63.9135036598766,23.3688495072538));
#13526=CARTESIAN_POINT('Ctrl Pts',(49.7,63.8742048246493,23.5026730837825));
#13527=CARTESIAN_POINT('Origin',(49.7,49.2739337263336,22.4481031539443));
#13528=CARTESIAN_POINT('Origin',(50.,53.9697057706943,20.4494674744609));
#13529=CARTESIAN_POINT('',(49.7,53.9697057706943,20.4494674744609));
#13530=CARTESIAN_POINT('',(49.7,53.9697057706943,21.4487853142026));
#13531=CARTESIAN_POINT('',(50.,53.9697057706943,20.4494674744609));
#13532=CARTESIAN_POINT('Origin',(50.,55.8059961301913,20.4494674744609));
#13533=CARTESIAN_POINT('',(49.7,55.8059961301913,20.4494674744609));
#13534=CARTESIAN_POINT('',(49.7,52.5399649282625,20.4494674744609));
#13535=CARTESIAN_POINT('',(50.,55.8059961301913,20.4494674744609));
#13536=CARTESIAN_POINT('Ctrl Pts',(50.,56.5426928503146,20.5586077513697));
#13537=CARTESIAN_POINT('Ctrl Pts',(49.,56.5426928503146,20.5586077513697));
#13538=CARTESIAN_POINT('Ctrl Pts',(50.,56.4141938207778,20.5268115515147));
#13539=CARTESIAN_POINT('Ctrl Pts',(49.,56.4141938207778,20.5268115515147));
#13540=CARTESIAN_POINT('Ctrl Pts',(50.,56.1720202689699,20.4668873740276));
#13541=CARTESIAN_POINT('Ctrl Pts',(49.,56.1720202689699,20.4668873740276));
#13542=CARTESIAN_POINT('Ctrl Pts',(50.,55.9229213635877,20.4550322053264));
#13543=CARTESIAN_POINT('Ctrl Pts',(49.,55.9229213635877,20.4550322053264));
#13544=CARTESIAN_POINT('Ctrl Pts',(50.,55.8059961301913,20.4494674744609));
#13545=CARTESIAN_POINT('Ctrl Pts',(49.,55.8059961301913,20.4494674744609));
#13546=CARTESIAN_POINT('',(49.7,56.5426928503146,20.5586077513697));
#13547=CARTESIAN_POINT('Ctrl Pts',(49.7,56.5426928503146,20.5586077513697));
#13548=CARTESIAN_POINT('Ctrl Pts',(49.7,56.4141938207778,20.5268115515147));
#13549=CARTESIAN_POINT('Ctrl Pts',(49.7,56.285694791241,20.4950153516597));
#13550=CARTESIAN_POINT('Ctrl Pts',(49.7,56.155245969974,20.4767526926997));
#13551=CARTESIAN_POINT('Ctrl Pts',(49.7,56.0398465969841,20.4605969361919));
#13552=CARTESIAN_POINT('Ctrl Pts',(49.7,55.9229213635877,20.4550322053264));
#13553=CARTESIAN_POINT('Ctrl Pts',(49.7,55.8059961301913,20.4494674744609));
#13554=CARTESIAN_POINT('',(50.,56.5426928503146,20.5586077513697));
#13555=CARTESIAN_POINT('Ctrl Pts',(50.,57.0993096334567,20.8751155676844));
#13556=CARTESIAN_POINT('Ctrl Pts',(49.,57.0993096334567,20.8751155676844));
#13557=CARTESIAN_POINT('Ctrl Pts',(50.,57.0131507396272,20.8030886674378));
#13558=CARTESIAN_POINT('Ctrl Pts',(49.,57.0131507396272,20.8030886674378));
#13559=CARTESIAN_POINT('Ctrl Pts',(50.,56.8466020460295,20.6638577000149));
#13560=CARTESIAN_POINT('Ctrl Pts',(49.,56.8466020460295,20.6638577000149));
#13561=CARTESIAN_POINT('Ctrl Pts',(50.,56.6416292253537,20.5928714345318));
#13562=CARTESIAN_POINT('Ctrl Pts',(49.,56.6416292253537,20.5928714345318));
#13563=CARTESIAN_POINT('Ctrl Pts',(50.,56.5426928503146,20.5586077513697));
#13564=CARTESIAN_POINT('Ctrl Pts',(49.,56.5426928503146,20.5586077513697));
#13565=CARTESIAN_POINT('',(49.7,57.0993096334567,20.8751155676844));
#13566=CARTESIAN_POINT('Ctrl Pts',(49.7,57.0993096334567,20.8751155676844));
#13567=CARTESIAN_POINT('Ctrl Pts',(49.7,57.0131507396272,20.8030886674378));
#13568=CARTESIAN_POINT('Ctrl Pts',(49.7,56.9269918457977,20.7310617671912));
#13569=CARTESIAN_POINT('Ctrl Pts',(49.7,56.8305499059787,20.677298480511));
#13570=CARTESIAN_POINT('Ctrl Pts',(49.7,56.7405656003927,20.6271351176938));
#13571=CARTESIAN_POINT('Ctrl Pts',(49.7,56.6416292253537,20.5928714345318));
#13572=CARTESIAN_POINT('Ctrl Pts',(49.7,56.5426928503146,20.5586077513697));
#13573=CARTESIAN_POINT('',(50.,57.0993096334567,20.8751155676844));
#13574=CARTESIAN_POINT('Ctrl Pts',(50.,57.50313110181,21.4672030749324));
#13575=CARTESIAN_POINT('Ctrl Pts',(49.,57.50313110181,21.4672030749324));
#13576=CARTESIAN_POINT('Ctrl Pts',(50.,57.4510104883408,21.3553400459166));
#13577=CARTESIAN_POINT('Ctrl Pts',(49.,57.4510104883408,21.3553400459166));
#13578=CARTESIAN_POINT('Ctrl Pts',(50.,57.348732604956,21.1358277824333));
#13579=CARTESIAN_POINT('Ctrl Pts',(49.,57.348732604956,21.1358277824333));
#13580=CARTESIAN_POINT('Ctrl Pts',(50.,57.1813797795732,20.9609003269236));
#13581=CARTESIAN_POINT('Ctrl Pts',(49.,57.1813797795732,20.9609003269236));
#13582=CARTESIAN_POINT('Ctrl Pts',(50.,57.0993096334567,20.8751155676844));
#13583=CARTESIAN_POINT('Ctrl Pts',(49.,57.0993096334567,20.8751155676844));
#13584=CARTESIAN_POINT('Ctrl Pts',(49.7,57.50313110181,21.4672030749324));
#13585=CARTESIAN_POINT('Ctrl Pts',(49.7,57.4519921601175,21.3574469431907));
#13586=CARTESIAN_POINT('Ctrl Pts',(49.7,57.4008532184251,21.2476908114491));
#13587=CARTESIAN_POINT('Ctrl Pts',(49.7,57.2666030705644,21.0499809469201));
#13588=CARTESIAN_POINT('Ctrl Pts',(49.7,57.1859059888399,20.9656313989466));
#13589=CARTESIAN_POINT('Ctrl Pts',(49.7,57.0993096334567,20.8751155676844));
#13590=CARTESIAN_POINT('Origin',(50.,55.5140454275241,23.5436012091639));
#13591=CARTESIAN_POINT('',(49.7,55.5140454275241,23.5436012091639));
#13592=CARTESIAN_POINT('',(49.7,52.3939895769289,23.5436012091639));
#13593=CARTESIAN_POINT('',(50.,55.5140454275241,23.5436012091639));
#13594=CARTESIAN_POINT('Ctrl Pts',(50.,56.2016303045382,23.3089490475657));
#13595=CARTESIAN_POINT('Ctrl Pts',(49.,56.2016303045382,23.3089490475657));
#13596=CARTESIAN_POINT('Ctrl Pts',(50.,56.1133007755293,23.3771378905695));
#13597=CARTESIAN_POINT('Ctrl Pts',(49.,56.1133007755293,23.3771378905695));
#13598=CARTESIAN_POINT('Ctrl Pts',(50.,55.9125502957788,23.5321137304753));
#13599=CARTESIAN_POINT('Ctrl Pts',(49.,55.9125502957788,23.5321137304753));
#13600=CARTESIAN_POINT('Ctrl Pts',(50.,55.6570990135231,23.5394774828273));
#13601=CARTESIAN_POINT('Ctrl Pts',(49.,55.6570990135231,23.5394774828273));
#13602=CARTESIAN_POINT('Ctrl Pts',(50.,55.5140454275241,23.5436012091639));
#13603=CARTESIAN_POINT('Ctrl Pts',(49.,55.5140454275241,23.5436012091639));
#13604=CARTESIAN_POINT('',(49.7,56.2016303045382,23.3089490475657));
#13605=CARTESIAN_POINT('Ctrl Pts',(49.7,56.2016303045382,23.3089490475657));
#13606=CARTESIAN_POINT('Ctrl Pts',(49.7,56.1133007755293,23.3771378905695));
#13607=CARTESIAN_POINT('Ctrl Pts',(49.7,56.0249712465204,23.4453267335733));
#13608=CARTESIAN_POINT('Ctrl Pts',(49.7,55.9260518056979,23.484938317776));
#13609=CARTESIAN_POINT('Ctrl Pts',(49.7,55.8001525995222,23.5353537564907));
#13610=CARTESIAN_POINT('Ctrl Pts',(49.7,55.6570990135231,23.5394774828273));
#13611=CARTESIAN_POINT('Ctrl Pts',(49.7,55.5140454275241,23.5436012091639));
#13612=CARTESIAN_POINT('',(50.,56.2016303045382,23.3089490475657));
#13613=CARTESIAN_POINT('Ctrl Pts',(50.,56.4089972478976,22.4385537447932));
#13614=CARTESIAN_POINT('Ctrl Pts',(49.,56.4089972478976,22.4385537447932));
#13615=CARTESIAN_POINT('Ctrl Pts',(50.,56.4089854776152,22.6217418186157));
#13616=CARTESIAN_POINT('Ctrl Pts',(49.,56.4089854776152,22.6217418186157));
#13617=CARTESIAN_POINT('Ctrl Pts',(50.,56.4089656280326,22.9306729601663));
#13618=CARTESIAN_POINT('Ctrl Pts',(49.,56.4089656280326,22.9306729601663));
#13619=CARTESIAN_POINT('Ctrl Pts',(50.,56.2616085113609,23.1995208950265));
#13620=CARTESIAN_POINT('Ctrl Pts',(49.,56.2616085113609,23.1995208950265));
#13621=CARTESIAN_POINT('Ctrl Pts',(50.,56.2016303045382,23.3089490475657));
#13622=CARTESIAN_POINT('Ctrl Pts',(49.,56.2016303045382,23.3089490475657));
#13623=CARTESIAN_POINT('',(49.7,56.4089972478976,22.4385537447932));
#13624=CARTESIAN_POINT('Ctrl Pts',(49.7,56.4089972478976,22.4385537447932));
#13625=CARTESIAN_POINT('Ctrl Pts',(49.7,56.4089854776152,22.6217418186157));
#13626=CARTESIAN_POINT('Ctrl Pts',(49.7,56.4089737073327,22.8049298924381));
#13627=CARTESIAN_POINT('Ctrl Pts',(49.7,56.3571555120578,22.9740239920619));
#13628=CARTESIAN_POINT('Ctrl Pts',(49.7,56.3215867181835,23.0900927424874));
#13629=CARTESIAN_POINT('Ctrl Pts',(49.7,56.2616085113609,23.1995208950265));
#13630=CARTESIAN_POINT('Ctrl Pts',(49.7,56.2016303045382,23.3089490475657));
#13631=CARTESIAN_POINT('',(50.,56.4089972478976,22.4385537447932));
#13632=CARTESIAN_POINT('Ctrl Pts',(50.,56.3162261945834,21.7427827658656));
#13633=CARTESIAN_POINT('Ctrl Pts',(49.,56.3162261945834,21.7427827658656));
#13634=CARTESIAN_POINT('Ctrl Pts',(50.,56.3430791250559,21.8361394590456));
#13635=CARTESIAN_POINT('Ctrl Pts',(49.,56.3430791250559,21.8361394590456));
#13636=CARTESIAN_POINT('Ctrl Pts',(50.,56.4083075264776,22.0629120217047));
#13637=CARTESIAN_POINT('Ctrl Pts',(49.,56.4083075264776,22.0629120217047));
#13638=CARTESIAN_POINT('Ctrl Pts',(50.,56.4087417711117,22.2994138873554));
#13639=CARTESIAN_POINT('Ctrl Pts',(49.,56.4087417711117,22.2994138873554));
#13640=CARTESIAN_POINT('Ctrl Pts',(50.,56.4089972478976,22.4385537447932));
#13641=CARTESIAN_POINT('Ctrl Pts',(49.,56.4089972478976,22.4385537447932));
#13642=CARTESIAN_POINT('Ctrl Pts',(49.7,56.3162261945834,21.7427827658656));
#13643=CARTESIAN_POINT('Ctrl Pts',(49.7,56.3430791250559,21.8361394590456));
#13644=CARTESIAN_POINT('Ctrl Pts',(49.7,56.3699320555284,21.9294961522257));
#13645=CARTESIAN_POINT('Ctrl Pts',(49.7,56.3858038885226,22.0245017352107));
#13646=CARTESIAN_POINT('Ctrl Pts',(49.7,56.4084862943258,22.1602740299176));
#13647=CARTESIAN_POINT('Ctrl Pts',(49.7,56.4087417711117,22.2994138873554));
#13648=CARTESIAN_POINT('Ctrl Pts',(49.7,56.4089972478976,22.4385537447932));
#13649=CARTESIAN_POINT('Origin',(49.7,49.2739337263336,22.4481031539443));
#13650=CARTESIAN_POINT('Ctrl Pts',(50.,30.9001275105109,20.7741607966425));
#13651=CARTESIAN_POINT('Ctrl Pts',(49.,30.9001275105109,20.7741607966425));
#13652=CARTESIAN_POINT('Ctrl Pts',(50.,30.7831840764733,20.9163753344191));
#13653=CARTESIAN_POINT('Ctrl Pts',(49.,30.7831840764733,20.9163753344191));
#13654=CARTESIAN_POINT('Ctrl Pts',(50.,30.5433887451613,21.2079896733015));
#13655=CARTESIAN_POINT('Ctrl Pts',(49.,30.5433887451613,21.2079896733015));
#13656=CARTESIAN_POINT('Ctrl Pts',(50.,30.4851941645822,21.5814598967872));
#13657=CARTESIAN_POINT('Ctrl Pts',(49.,30.4851941645822,21.5814598967872));
#13658=CARTESIAN_POINT('Ctrl Pts',(50.,30.4553799284329,21.7727960886957));
#13659=CARTESIAN_POINT('Ctrl Pts',(49.,30.4553799284329,21.7727960886957));
#13660=CARTESIAN_POINT('',(49.7,30.9001275105109,20.7741607966425));
#13661=CARTESIAN_POINT('Ctrl Pts',(49.7,30.9001275105109,20.7741607966425));
#13662=CARTESIAN_POINT('Ctrl Pts',(49.7,30.7831840764733,20.9163753344191));
#13663=CARTESIAN_POINT('Ctrl Pts',(49.7,30.6662406424357,21.0585898721957));
#13664=CARTESIAN_POINT('Ctrl Pts',(49.7,30.5924876732459,21.2202723565104));
#13665=CARTESIAN_POINT('Ctrl Pts',(49.7,30.5150084007314,21.3901237048786));
#13666=CARTESIAN_POINT('Ctrl Pts',(49.7,30.4851941645822,21.5814598967872));
#13667=CARTESIAN_POINT('Ctrl Pts',(49.7,30.4553799284329,21.7727960886957));
#13668=CARTESIAN_POINT('',(50.,30.9001275105109,20.7741607966425));
#13669=CARTESIAN_POINT('Ctrl Pts',(50.,32.3134972853293,20.381254726887));
#13670=CARTESIAN_POINT('Ctrl Pts',(49.,32.3134972853293,20.381254726887));
#13671=CARTESIAN_POINT('Ctrl Pts',(50.,32.0161761930475,20.3836891060714));
#13672=CARTESIAN_POINT('Ctrl Pts',(49.,32.0161761930475,20.3836891060714));
#13673=CARTESIAN_POINT('Ctrl Pts',(50.,31.5054664933566,20.3878706495086));
#13674=CARTESIAN_POINT('Ctrl Pts',(49.,31.5054664933566,20.3878706495086));
#13675=CARTESIAN_POINT('Ctrl Pts',(50.,31.0785182639394,20.6603227780413));
#13676=CARTESIAN_POINT('Ctrl Pts',(49.,31.0785182639394,20.6603227780413));
#13677=CARTESIAN_POINT('Ctrl Pts',(50.,30.9001275105109,20.7741607966425));
#13678=CARTESIAN_POINT('Ctrl Pts',(49.,30.9001275105109,20.7741607966425));
#13679=CARTESIAN_POINT('',(49.7,32.3134972853293,20.381254726887));
#13680=CARTESIAN_POINT('Ctrl Pts',(49.7,32.3134972853293,20.381254726887));
#13681=CARTESIAN_POINT('Ctrl Pts',(49.7,32.0161761930475,20.3836891060714));
#13682=CARTESIAN_POINT('Ctrl Pts',(49.7,31.7188551007657,20.3861234852557));
#13683=CARTESIAN_POINT('Ctrl Pts',(49.7,31.4499228400817,20.4794813933375));
#13684=CARTESIAN_POINT('Ctrl Pts',(49.7,31.2569090173679,20.5464847594401));
#13685=CARTESIAN_POINT('Ctrl Pts',(49.7,31.0785182639394,20.6603227780413));
#13686=CARTESIAN_POINT('Ctrl Pts',(49.7,30.9001275105109,20.7741607966425));
#13687=CARTESIAN_POINT('',(50.,32.3134972853293,20.381254726887));
#13688=CARTESIAN_POINT('Ctrl Pts',(50.,33.2766623003116,20.5476941409113));
#13689=CARTESIAN_POINT('Ctrl Pts',(49.,33.2766623003116,20.5476941409113));
#13690=CARTESIAN_POINT('Ctrl Pts',(50.,33.133976900326,20.4992417959303));
#13691=CARTESIAN_POINT('Ctrl Pts',(49.,33.133976900326,20.4992417959303));
#13692=CARTESIAN_POINT('Ctrl Pts',(50.,32.8220874823442,20.3933320554979));
#13693=CARTESIAN_POINT('Ctrl Pts',(49.,32.8220874823442,20.3933320554979));
#13694=CARTESIAN_POINT('Ctrl Pts',(50.,32.4923721117411,20.3855024101327));
#13695=CARTESIAN_POINT('Ctrl Pts',(49.,32.4923721117411,20.3855024101327));
#13696=CARTESIAN_POINT('Ctrl Pts',(50.,32.3134972853293,20.381254726887));
#13697=CARTESIAN_POINT('Ctrl Pts',(49.,32.3134972853293,20.381254726887));
#13698=CARTESIAN_POINT('',(49.7,33.2766623003116,20.5476941409113));
#13699=CARTESIAN_POINT('Ctrl Pts',(49.7,33.2766623003116,20.5476941409113));
#13700=CARTESIAN_POINT('Ctrl Pts',(49.7,33.133976900326,20.4992417959303));
#13701=CARTESIAN_POINT('Ctrl Pts',(49.7,32.9912915003404,20.4507894509494));
#13702=CARTESIAN_POINT('Ctrl Pts',(49.7,32.8448752266994,20.4228647294047));
#13703=CARTESIAN_POINT('Ctrl Pts',(49.7,32.6712469381528,20.3897500933784));
#13704=CARTESIAN_POINT('Ctrl Pts',(49.7,32.4923721117411,20.3855024101327));
#13705=CARTESIAN_POINT('Ctrl Pts',(49.7,32.3134972853293,20.381254726887));
#13706=CARTESIAN_POINT('',(50.,33.2766623003116,20.5476941409113));
#13707=CARTESIAN_POINT('Ctrl Pts',(50.,33.8714782101741,21.0415549817088));
#13708=CARTESIAN_POINT('Ctrl Pts',(49.,33.8714782101741,21.0415549817088));
#13709=CARTESIAN_POINT('Ctrl Pts',(50.,33.7922890375019,20.9392801305794));
#13710=CARTESIAN_POINT('Ctrl Pts',(49.,33.7922890375019,20.9392801305794));
#13711=CARTESIAN_POINT('Ctrl Pts',(50.,33.6307610004192,20.730662520515));
#13712=CARTESIAN_POINT('Ctrl Pts',(49.,33.6307610004192,20.730662520515));
#13713=CARTESIAN_POINT('Ctrl Pts',(50.,33.3962196681937,20.6094713173439));
#13714=CARTESIAN_POINT('Ctrl Pts',(49.,33.3962196681937,20.6094713173439));
#13715=CARTESIAN_POINT('Ctrl Pts',(50.,33.2766623003116,20.5476941409113));
#13716=CARTESIAN_POINT('Ctrl Pts',(49.,33.2766623003116,20.5476941409113));
#13717=CARTESIAN_POINT('',(49.7,33.8714782101741,21.0415549817088));
#13718=CARTESIAN_POINT('Ctrl Pts',(49.7,33.8714782101741,21.0415549817088));
#13719=CARTESIAN_POINT('Ctrl Pts',(49.7,33.7922890375019,20.9392801305794));
#13720=CARTESIAN_POINT('Ctrl Pts',(49.7,33.7130998648297,20.8370052794501));
#13721=CARTESIAN_POINT('Ctrl Pts',(49.7,33.6163622839084,20.7557429614069));
#13722=CARTESIAN_POINT('Ctrl Pts',(49.7,33.5157770360758,20.6712484937764));
#13723=CARTESIAN_POINT('Ctrl Pts',(49.7,33.3962196681937,20.6094713173439));
#13724=CARTESIAN_POINT('Ctrl Pts',(49.7,33.2766623003116,20.5476941409113));
#13725=CARTESIAN_POINT('',(50.,33.8714782101741,21.0415549817088));
#13726=CARTESIAN_POINT('Ctrl Pts',(50.,34.0843022567859,21.7509682717326));
#13727=CARTESIAN_POINT('Ctrl Pts',(49.,34.0843022567859,21.7509682717326));
#13728=CARTESIAN_POINT('Ctrl Pts',(50.,34.0753493384072,21.6250990508477));
#13729=CARTESIAN_POINT('Ctrl Pts',(49.,34.0753493384072,21.6250990508477));
#13730=CARTESIAN_POINT('Ctrl Pts',(50.,34.0574001496532,21.3727511226739));
#13731=CARTESIAN_POINT('Ctrl Pts',(49.,34.0574001496532,21.3727511226739));
#13732=CARTESIAN_POINT('Ctrl Pts',(50.,33.9335518986655,21.15213131359));
#13733=CARTESIAN_POINT('Ctrl Pts',(49.,33.9335518986655,21.15213131359));
#13734=CARTESIAN_POINT('Ctrl Pts',(50.,33.8714782101741,21.0415549817088));
#13735=CARTESIAN_POINT('Ctrl Pts',(49.,33.8714782101741,21.0415549817088));
#13736=CARTESIAN_POINT('',(49.7,34.0843022567859,21.7509682717326));
#13737=CARTESIAN_POINT('Ctrl Pts',(49.7,34.0843022567859,21.7509682717326));
#13738=CARTESIAN_POINT('Ctrl Pts',(49.7,34.0753493384072,21.6250990508477));
#13739=CARTESIAN_POINT('Ctrl Pts',(49.7,34.0663964200285,21.4992298299629));
#13740=CARTESIAN_POINT('Ctrl Pts',(49.7,34.0310964686503,21.3812543692591));
#13741=CARTESIAN_POINT('Ctrl Pts',(49.7,33.995625587157,21.2627076454711));
#13742=CARTESIAN_POINT('Ctrl Pts',(49.7,33.9335518986655,21.15213131359));
#13743=CARTESIAN_POINT('Ctrl Pts',(49.7,33.8714782101741,21.0415549817088));
#13744=CARTESIAN_POINT('',(50.,34.0843022567859,21.7509682717326));
#13745=CARTESIAN_POINT('Ctrl Pts',(50.,33.9233199460139,22.343055182934));
#13746=CARTESIAN_POINT('Ctrl Pts',(49.,33.9233199460139,22.343055182934));
#13747=CARTESIAN_POINT('Ctrl Pts',(50.,33.9702702483841,22.2514413675485));
#13748=CARTESIAN_POINT('Ctrl Pts',(49.,33.9702702483841,22.2514413675485));
#13749=CARTESIAN_POINT('Ctrl Pts',(50.,34.0655662152251,22.0654909759126));
#13750=CARTESIAN_POINT('Ctrl Pts',(49.,34.0655662152251,22.0654909759126));
#13751=CARTESIAN_POINT('Ctrl Pts',(50.,34.0779962411097,21.8568276175634));
#13752=CARTESIAN_POINT('Ctrl Pts',(49.,34.0779962411097,21.8568276175634));
#13753=CARTESIAN_POINT('Ctrl Pts',(50.,34.0843022567859,21.7509682717326));
#13754=CARTESIAN_POINT('Ctrl Pts',(49.,34.0843022567859,21.7509682717326));
#13755=CARTESIAN_POINT('',(49.7,33.9233199460139,22.343055182934));
#13756=CARTESIAN_POINT('Ctrl Pts',(49.7,33.9233199460139,22.343055182934));
#13757=CARTESIAN_POINT('Ctrl Pts',(49.7,33.9722651622952,22.2475487051899));
#13758=CARTESIAN_POINT('Ctrl Pts',(49.7,34.0185960627064,22.1571435247622));
#13759=CARTESIAN_POINT('Ctrl Pts',(49.7,34.0718722309013,21.9596316300817));
#13760=CARTESIAN_POINT('Ctrl Pts',(49.7,34.0780872438436,21.8552999509071));
#13761=CARTESIAN_POINT('Ctrl Pts',(49.7,34.0843022567859,21.7509682717326));
#13762=CARTESIAN_POINT('',(50.,33.9233199460139,22.343055182934));
#13763=CARTESIAN_POINT('Ctrl Pts',(50.,33.4130877954593,22.7850748839381));
#13764=CARTESIAN_POINT('Ctrl Pts',(49.,33.4130877954593,22.7850748839381));
#13765=CARTESIAN_POINT('Ctrl Pts',(50.,33.5203242963171,22.7255394671618));
#13766=CARTESIAN_POINT('Ctrl Pts',(49.,33.5203242963171,22.7255394671618));
#13767=CARTESIAN_POINT('Ctrl Pts',(50.,33.7217493258132,22.6137125893328));
#13768=CARTESIAN_POINT('Ctrl Pts',(49.,33.7217493258132,22.6137125893328));
#13769=CARTESIAN_POINT('Ctrl Pts',(50.,33.8590954217626,22.4292921709621));
#13770=CARTESIAN_POINT('Ctrl Pts',(49.,33.8590954217626,22.4292921709621));
#13771=CARTESIAN_POINT('Ctrl Pts',(50.,33.9233199460139,22.343055182934));
#13772=CARTESIAN_POINT('Ctrl Pts',(49.,33.9233199460139,22.343055182934));
#13773=CARTESIAN_POINT('',(49.7,33.4130877954593,22.7850748839381));
#13774=CARTESIAN_POINT('Ctrl Pts',(49.7,33.4130877954593,22.7850748839381));
#13775=CARTESIAN_POINT('Ctrl Pts',(49.7,33.5203242963171,22.7255394671618));
#13776=CARTESIAN_POINT('Ctrl Pts',(49.7,33.6275607971749,22.6660040503855));
#13777=CARTESIAN_POINT('Ctrl Pts',(49.7,33.7166348797908,22.5858928503992));
#13778=CARTESIAN_POINT('Ctrl Pts',(49.7,33.7948708975113,22.5155291589901));
#13779=CARTESIAN_POINT('Ctrl Pts',(49.7,33.8590954217626,22.4292921709621));
#13780=CARTESIAN_POINT('Ctrl Pts',(49.7,33.9233199460139,22.343055182934));
#13781=CARTESIAN_POINT('',(50.,33.4130877954593,22.7850748839381));
#13782=CARTESIAN_POINT('Ctrl Pts',(50.,32.2534698946109,23.1397809329035));
#13783=CARTESIAN_POINT('Ctrl Pts',(49.,32.2534698946109,23.1397809329035));
#13784=CARTESIAN_POINT('Ctrl Pts',(50.,32.4877125392588,23.0891331247731));
#13785=CARTESIAN_POINT('Ctrl Pts',(49.,32.4877125392588,23.0891331247731));
#13786=CARTESIAN_POINT('Ctrl Pts',(50.,32.8845552689997,23.0033280209926));
#13787=CARTESIAN_POINT('Ctrl Pts',(49.,32.8845552689997,23.0033280209926));
#13788=CARTESIAN_POINT('Ctrl Pts',(50.,33.2594716768892,22.84850939005));
#13789=CARTESIAN_POINT('Ctrl Pts',(49.,33.2594716768892,22.84850939005));
#13790=CARTESIAN_POINT('Ctrl Pts',(50.,33.4130877954593,22.7850748839381));
#13791=CARTESIAN_POINT('Ctrl Pts',(49.,33.4130877954593,22.7850748839381));
#13792=CARTESIAN_POINT('',(49.7,32.2534698946109,23.1397809329035));
#13793=CARTESIAN_POINT('Ctrl Pts',(49.7,32.2534698946109,23.1397809329035));
#13794=CARTESIAN_POINT('Ctrl Pts',(49.7,32.4877125392588,23.0891331247731));
#13795=CARTESIAN_POINT('Ctrl Pts',(49.7,32.7219551839068,23.0384853166427));
#13796=CARTESIAN_POINT('Ctrl Pts',(49.7,32.9485584003558,22.9637922587397));
#13797=CARTESIAN_POINT('Ctrl Pts',(49.7,33.1058555583191,22.9119438961619));
#13798=CARTESIAN_POINT('Ctrl Pts',(49.7,33.2594716768892,22.84850939005));
#13799=CARTESIAN_POINT('Ctrl Pts',(49.7,33.4130877954593,22.7850748839381));
#13800=CARTESIAN_POINT('',(50.,32.2534698946109,23.1397809329035));
#13801=CARTESIAN_POINT('Ctrl Pts',(50.,31.8387360078921,23.2871212306025));
#13802=CARTESIAN_POINT('Ctrl Pts',(49.,31.8387360078921,23.2871212306025));
#13803=CARTESIAN_POINT('Ctrl Pts',(50.,31.8870318139065,23.2595401810615));
#13804=CARTESIAN_POINT('Ctrl Pts',(49.,31.8870318139065,23.2595401810615));
#13805=CARTESIAN_POINT('Ctrl Pts',(50.,32.0158292063854,23.1859858177354));
#13806=CARTESIAN_POINT('Ctrl Pts',(49.,32.0158292063854,23.1859858177354));
#13807=CARTESIAN_POINT('Ctrl Pts',(50.,32.1620673827246,23.1575524793781));
#13808=CARTESIAN_POINT('Ctrl Pts',(49.,32.1620673827246,23.1575524793781));
#13809=CARTESIAN_POINT('Ctrl Pts',(50.,32.2534698946109,23.1397809329035));
#13810=CARTESIAN_POINT('Ctrl Pts',(49.,32.2534698946109,23.1397809329035));
#13811=CARTESIAN_POINT('',(49.7,31.8387360078921,23.2871212306025));
#13812=CARTESIAN_POINT('Ctrl Pts',(49.7,31.8387360078921,23.2871212306025));
#13813=CARTESIAN_POINT('Ctrl Pts',(49.7,31.8870318139065,23.2595401810615));
#13814=CARTESIAN_POINT('Ctrl Pts',(49.7,31.9353276199209,23.2319591315206));
#13815=CARTESIAN_POINT('Ctrl Pts',(49.7,31.9860757095447,23.2107223811152));
#13816=CARTESIAN_POINT('Ctrl Pts',(49.7,32.0706648708383,23.1753240258527));
#13817=CARTESIAN_POINT('Ctrl Pts',(49.7,32.1620673827246,23.1575524793781));
#13818=CARTESIAN_POINT('Ctrl Pts',(49.7,32.2534698946109,23.1397809329035));
#13819=CARTESIAN_POINT('',(50.,31.8387360078921,23.2871212306025));
#13820=CARTESIAN_POINT('Ctrl Pts',(50.,31.7486949963202,23.459017449856));
#13821=CARTESIAN_POINT('Ctrl Pts',(49.,31.7486949963202,23.459017449856));
#13822=CARTESIAN_POINT('Ctrl Pts',(50.,31.7532815741124,23.4273000537808));
#13823=CARTESIAN_POINT('Ctrl Pts',(49.,31.7532815741124,23.4273000537808));
#13824=CARTESIAN_POINT('Ctrl Pts',(50.,31.7630492935208,23.3597536958501));
#13825=CARTESIAN_POINT('Ctrl Pts',(49.,31.7630492935208,23.3597536958501));
#13826=CARTESIAN_POINT('Ctrl Pts',(50.,31.812503669189,23.3122949938586));
#13827=CARTESIAN_POINT('Ctrl Pts',(49.,31.812503669189,23.3122949938586));
#13828=CARTESIAN_POINT('Ctrl Pts',(50.,31.8387360078921,23.2871212306025));
#13829=CARTESIAN_POINT('Ctrl Pts',(49.,31.8387360078921,23.2871212306025));
#13830=CARTESIAN_POINT('',(49.7,31.7486949963202,23.459017449856));
#13831=CARTESIAN_POINT('Ctrl Pts',(49.7,31.7486949963202,23.459017449856));
#13832=CARTESIAN_POINT('Ctrl Pts',(49.7,31.7532815741124,23.4273000537808));
#13833=CARTESIAN_POINT('Ctrl Pts',(49.7,31.7578681519046,23.3955826577055));
#13834=CARTESIAN_POINT('Ctrl Pts',(49.7,31.7712052864661,23.3682944121363));
#13835=CARTESIAN_POINT('Ctrl Pts',(49.7,31.7862713304859,23.3374687571147));
#13836=CARTESIAN_POINT('Ctrl Pts',(49.7,31.812503669189,23.3122949938586));
#13837=CARTESIAN_POINT('Ctrl Pts',(49.7,31.8387360078921,23.2871212306025));
#13838=CARTESIAN_POINT('',(50.,31.7486949963202,23.459017449856));
#13839=CARTESIAN_POINT('Ctrl Pts',(50.,31.8578355712523,23.6800267043116));
#13840=CARTESIAN_POINT('Ctrl Pts',(49.,31.8578355712523,23.6800267043116));
#13841=CARTESIAN_POINT('Ctrl Pts',(50.,31.8260075135719,23.6488161587619));
#13842=CARTESIAN_POINT('Ctrl Pts',(49.,31.8260075135719,23.6488161587619));
#13843=CARTESIAN_POINT('Ctrl Pts',(50.,31.7637431237284,23.587759791614));
#13844=CARTESIAN_POINT('Ctrl Pts',(49.,31.7637431237284,23.587759791614));
#13845=CARTESIAN_POINT('Ctrl Pts',(50.,31.7536357324258,23.5012872897492));
#13846=CARTESIAN_POINT('Ctrl Pts',(49.,31.7536357324258,23.5012872897492));
#13847=CARTESIAN_POINT('Ctrl Pts',(50.,31.7486949963202,23.459017449856));
#13848=CARTESIAN_POINT('Ctrl Pts',(49.,31.7486949963202,23.459017449856));
#13849=CARTESIAN_POINT('',(49.7,31.8578355712523,23.6800267043116));
#13850=CARTESIAN_POINT('Ctrl Pts',(49.7,31.8578355712523,23.6800267043116));
#13851=CARTESIAN_POINT('Ctrl Pts',(49.7,31.8260075135719,23.6488161587619));
#13852=CARTESIAN_POINT('Ctrl Pts',(49.7,31.7941794558915,23.6176056132121));
#13853=CARTESIAN_POINT('Ctrl Pts',(49.7,31.7759800655475,23.579753810406));
#13854=CARTESIAN_POINT('Ctrl Pts',(49.7,31.7585764685313,23.5435571296424));
#13855=CARTESIAN_POINT('Ctrl Pts',(49.7,31.7536357324258,23.5012872897492));
#13856=CARTESIAN_POINT('Ctrl Pts',(49.7,31.7486949963202,23.459017449856));
#13857=CARTESIAN_POINT('',(50.,31.8578355712523,23.6800267043116));
#13858=CARTESIAN_POINT('Ctrl Pts',(50.,32.1825285954108,23.7727965655329));
#13859=CARTESIAN_POINT('Ctrl Pts',(49.,32.1825285954108,23.7727965655329));
#13860=CARTESIAN_POINT('Ctrl Pts',(50.,32.1177375071217,23.770954419435));
#13861=CARTESIAN_POINT('Ctrl Pts',(49.,32.1177375071217,23.770954419435));
#13862=CARTESIAN_POINT('Ctrl Pts',(50.,32.0010309905471,23.7676362091721));
#13863=CARTESIAN_POINT('Ctrl Pts',(49.,32.0010309905471,23.7676362091721));
#13864=CARTESIAN_POINT('Ctrl Pts',(50.,31.9019226651794,23.7069999726516));
#13865=CARTESIAN_POINT('Ctrl Pts',(49.,31.9019226651794,23.7069999726516));
#13866=CARTESIAN_POINT('Ctrl Pts',(50.,31.8578355712523,23.6800267043116));
#13867=CARTESIAN_POINT('Ctrl Pts',(49.,31.8578355712523,23.6800267043116));
#13868=CARTESIAN_POINT('',(49.7,32.1825285954108,23.7727965655329));
#13869=CARTESIAN_POINT('Ctrl Pts',(49.7,32.1825285954108,23.7727965655329));
#13870=CARTESIAN_POINT('Ctrl Pts',(49.7,32.1177375071217,23.770954419435));
#13871=CARTESIAN_POINT('Ctrl Pts',(49.7,32.0529464188326,23.7691122733372));
#13872=CARTESIAN_POINT('Ctrl Pts',(49.7,31.9935791892638,23.7496043982508));
#13873=CARTESIAN_POINT('Ctrl Pts',(49.7,31.9460097591064,23.7339732409915));
#13874=CARTESIAN_POINT('Ctrl Pts',(49.7,31.9019226651794,23.7069999726516));
#13875=CARTESIAN_POINT('Ctrl Pts',(49.7,31.8578355712523,23.6800267043116));
#13876=CARTESIAN_POINT('',(50.,32.1825285954108,23.7727965655329));
#13877=CARTESIAN_POINT('Ctrl Pts',(50.,32.5918055278888,23.6500133814814));
#13878=CARTESIAN_POINT('Ctrl Pts',(49.,32.5918055278888,23.6500133814814));
#13879=CARTESIAN_POINT('Ctrl Pts',(50.,32.5347399649395,23.6857577559776));
#13880=CARTESIAN_POINT('Ctrl Pts',(49.,32.5347399649395,23.6857577559776));
#13881=CARTESIAN_POINT('Ctrl Pts',(50.,32.4100727152782,23.7638460570299));
#13882=CARTESIAN_POINT('Ctrl Pts',(49.,32.4100727152782,23.7638460570299));
#13883=CARTESIAN_POINT('Ctrl Pts',(50.,32.262533023555,23.7696495700632));
#13884=CARTESIAN_POINT('Ctrl Pts',(49.,32.262533023555,23.7696495700632));
#13885=CARTESIAN_POINT('Ctrl Pts',(50.,32.1825285954108,23.7727965655329));
#13886=CARTESIAN_POINT('Ctrl Pts',(49.,32.1825285954108,23.7727965655329));
#13887=CARTESIAN_POINT('',(49.7,32.5918055278888,23.6500133814814));
#13888=CARTESIAN_POINT('Ctrl Pts',(49.7,32.5918055278888,23.6500133814814));
#13889=CARTESIAN_POINT('Ctrl Pts',(49.7,32.5347399649395,23.6857577559776));
#13890=CARTESIAN_POINT('Ctrl Pts',(49.7,32.4776744019901,23.7215021304738));
#13891=CARTESIAN_POINT('Ctrl Pts',(49.7,32.4158164066901,23.74210076952));
#13892=CARTESIAN_POINT('Ctrl Pts',(49.7,32.3425374516991,23.7665025745935));
#13893=CARTESIAN_POINT('Ctrl Pts',(49.7,32.262533023555,23.7696495700632));
#13894=CARTESIAN_POINT('Ctrl Pts',(49.7,32.1825285954108,23.7727965655329));
#13895=CARTESIAN_POINT('',(50.,32.5918055278888,23.6500133814814));
#13896=CARTESIAN_POINT('Ctrl Pts',(50.,32.7882585627666,23.2571073117258));
#13897=CARTESIAN_POINT('Ctrl Pts',(49.,32.7882585627666,23.2571073117258));
#13898=CARTESIAN_POINT('Ctrl Pts',(50.,32.7712357348146,23.3385625278838));
#13899=CARTESIAN_POINT('Ctrl Pts',(49.,32.7712357348146,23.3385625278838));
#13900=CARTESIAN_POINT('Ctrl Pts',(50.,32.7401189396812,23.4874581920409));
#13901=CARTESIAN_POINT('Ctrl Pts',(49.,32.7401189396812,23.4874581920409));
#13902=CARTESIAN_POINT('Ctrl Pts',(50.,32.6380406332342,23.599338555669));
#13903=CARTESIAN_POINT('Ctrl Pts',(49.,32.6380406332342,23.599338555669));
#13904=CARTESIAN_POINT('Ctrl Pts',(50.,32.5918055278888,23.6500133814814));
#13905=CARTESIAN_POINT('Ctrl Pts',(49.,32.5918055278888,23.6500133814814));
#13906=CARTESIAN_POINT('Ctrl Pts',(49.7,32.7882585627666,23.2571073117258));
#13907=CARTESIAN_POINT('Ctrl Pts',(49.7,32.7712357348146,23.3385625278838));
#13908=CARTESIAN_POINT('Ctrl Pts',(49.7,32.7542129068627,23.4200177440417));
#13909=CARTESIAN_POINT('Ctrl Pts',(49.7,32.7159529132476,23.4903951230051));
#13910=CARTESIAN_POINT('Ctrl Pts',(49.7,32.6842757385797,23.5486637298565));
#13911=CARTESIAN_POINT('Ctrl Pts',(49.7,32.6380406332342,23.599338555669));
#13912=CARTESIAN_POINT('Ctrl Pts',(49.7,32.5918055278888,23.6500133814814));
#13913=CARTESIAN_POINT('Origin',(49.7,49.2739337263336,22.4481031539443));
#13914=CARTESIAN_POINT('Origin',(50.,41.710495422565,20.4494674744608));
#13915=CARTESIAN_POINT('',(49.7,41.710495422565,20.4494674744608));
#13916=CARTESIAN_POINT('',(49.7,41.7448864281914,20.3338756978117));
#13917=CARTESIAN_POINT('',(50.,41.710495422565,20.4494674744608));
#13918=CARTESIAN_POINT('Origin',(50.,43.0038101179233,20.4494674744608));
#13919=CARTESIAN_POINT('',(49.7,43.0038101179233,20.4494674744608));
#13920=CARTESIAN_POINT('',(49.7,46.1388719221284,20.4494674744608));
#13921=CARTESIAN_POINT('',(50.,43.0038101179233,20.4494674744608));
#13922=CARTESIAN_POINT('Origin',(50.,41.5003997785678,24.4494675340655));
#13923=CARTESIAN_POINT('',(49.7,41.5003997785678,24.4494675340655));
#13924=CARTESIAN_POINT('',(49.7,42.3110560371369,22.2926211976318));
#13925=CARTESIAN_POINT('',(50.,41.5003997785678,24.4494675340655));
#13926=CARTESIAN_POINT('Origin',(50.,40.1525146467319,24.4494675340655));
#13927=CARTESIAN_POINT('',(49.7,44.7132241865327,24.4494675340655));
#13928=CARTESIAN_POINT('Origin',(50.,40.3735239011874,21.974706226826));
#13929=CARTESIAN_POINT('',(49.7,44.8237288137605,21.974706226826));
#13930=CARTESIAN_POINT('Origin',(49.7,49.2739337263336,22.4481031539443));
#13931=CARTESIAN_POINT('Origin',(50.,48.60544867345,20.4494674744609));
#13932=CARTESIAN_POINT('',(49.7,48.60544867345,20.4494674744609));
#13933=CARTESIAN_POINT('',(49.7,48.9396911998918,20.4494674744609));
#13934=CARTESIAN_POINT('',(50.,48.60544867345,20.4494674744609));
#13935=CARTESIAN_POINT('Origin',(50.,48.7991733057132,21.1097677292826));
#13936=CARTESIAN_POINT('',(49.7,48.7991733057132,21.1097677292826));
#13937=CARTESIAN_POINT('',(49.7,48.998753278157,21.7900256041973));
#13938=CARTESIAN_POINT('',(50.,48.7991733057132,21.1097677292826));
#13939=CARTESIAN_POINT('Origin',(50.,50.2070862753024,21.1097677292826));
#13940=CARTESIAN_POINT('',(49.7,50.2070862753024,21.1097677292826));
#13941=CARTESIAN_POINT('',(49.7,49.740510000818,21.1097677292826));
#13942=CARTESIAN_POINT('',(50.,50.2070862753024,21.1097677292826));
#13943=CARTESIAN_POINT('Origin',(50.,50.4035384161105,20.4494674744609));
#13944=CARTESIAN_POINT('',(49.7,50.4035384161105,20.4494674744609));
#13945=CARTESIAN_POINT('',(49.7,50.0844701266975,21.5218959648726));
#13946=CARTESIAN_POINT('',(50.,50.4035384161105,20.4494674744609));
#13947=CARTESIAN_POINT('Origin',(50.,51.6968543035617,20.4494674744609));
#13948=CARTESIAN_POINT('',(49.7,51.6968543035617,20.4494674744609));
#13949=CARTESIAN_POINT('',(49.7,50.4853940149477,20.4494674744609));
#13950=CARTESIAN_POINT('',(50.,51.6968543035617,20.4494674744609));
#13951=CARTESIAN_POINT('Origin',(50.,50.1934439642062,24.4494675340655));
#13952=CARTESIAN_POINT('',(49.7,50.1934439642062,24.4494675340655));
#13953=CARTESIAN_POINT('',(49.7,50.4660901568999,23.7240602660185));
#13954=CARTESIAN_POINT('',(50.,50.1934439642062,24.4494675340655));
#13955=CARTESIAN_POINT('Origin',(50.,48.8455576402774,24.4494675340655));
#13956=CARTESIAN_POINT('',(49.7,48.8455576402774,24.4494675340655));
#13957=CARTESIAN_POINT('',(49.7,49.0597456833055,24.4494675340655));
#13958=CARTESIAN_POINT('',(50.,48.8455576402774,24.4494675340655));
#13959=CARTESIAN_POINT('Origin',(50.,47.3455988910057,20.4586508359021));
#13960=CARTESIAN_POINT('',(49.7,47.3455988910057,20.4586508359021));
#13961=CARTESIAN_POINT('',(49.7,47.7925359180763,21.6477793712881));
#13962=CARTESIAN_POINT('',(50.,47.3455988910057,20.4586508359021));
#13963=CARTESIAN_POINT('Origin',(50.,46.7527873022189,21.6090853753092));
#13964=CARTESIAN_POINT('',(49.7,46.7527873022189,21.6090853753092));
#13965=CARTESIAN_POINT('',(49.7,46.8464609866958,21.427298372332));
#13966=CARTESIAN_POINT('',(50.,46.7527873022189,21.6090853753092));
#13967=CARTESIAN_POINT('Ctrl Pts',(50.,46.5781623823276,21.8573798480036));
#13968=CARTESIAN_POINT('Ctrl Pts',(49.,46.5781623823276,21.8573798480036));
#13969=CARTESIAN_POINT('Ctrl Pts',(50.,46.6159799647003,21.8108504032342));
#13970=CARTESIAN_POINT('Ctrl Pts',(49.,46.6159799647003,21.8108504032342));
#13971=CARTESIAN_POINT('Ctrl Pts',(50.,46.6799931926762,21.7320907425488));
#13972=CARTESIAN_POINT('Ctrl Pts',(49.,46.6799931926762,21.7320907425488));
#13973=CARTESIAN_POINT('Ctrl Pts',(50.,46.7316487088642,21.6448047550072));
#13974=CARTESIAN_POINT('Ctrl Pts',(49.,46.7316487088642,21.6448047550072));
#13975=CARTESIAN_POINT('Ctrl Pts',(50.,46.7527873022189,21.6090853753092));
#13976=CARTESIAN_POINT('Ctrl Pts',(49.,46.7527873022189,21.6090853753092));
#13977=CARTESIAN_POINT('',(49.7,46.5781623823276,21.8573798480036));
#13978=CARTESIAN_POINT('Ctrl Pts',(49.7,46.5781623823276,21.8573798480036));
#13979=CARTESIAN_POINT('Ctrl Pts',(49.7,46.6159799647003,21.8108504032342));
#13980=CARTESIAN_POINT('Ctrl Pts',(49.7,46.6537975470731,21.7643209584647));
#13981=CARTESIAN_POINT('Ctrl Pts',(49.7,46.68730206319,21.7148156704905));
#13982=CARTESIAN_POINT('Ctrl Pts',(49.7,46.7105101155094,21.6805241347051));
#13983=CARTESIAN_POINT('Ctrl Pts',(49.7,46.7316487088642,21.6448047550072));
#13984=CARTESIAN_POINT('Ctrl Pts',(49.7,46.7527873022189,21.6090853753092));
#13985=CARTESIAN_POINT('',(50.,46.5781623823276,21.8573798480036));
#13986=CARTESIAN_POINT('Ctrl Pts',(50.,46.3817090494266,22.0674754920008));
#13987=CARTESIAN_POINT('Ctrl Pts',(49.,46.3817090494266,22.0674754920008));
#13988=CARTESIAN_POINT('Ctrl Pts',(50.,46.4100845088602,22.042391882935));
#13989=CARTESIAN_POINT('Ctrl Pts',(49.,46.4100845088602,22.042391882935));
#13990=CARTESIAN_POINT('Ctrl Pts',(50.,46.4821585169574,21.9786792143475));
#13991=CARTESIAN_POINT('Ctrl Pts',(49.,46.4821585169574,21.9786792143475));
#13992=CARTESIAN_POINT('Ctrl Pts',(50.,46.5419255598875,21.9031645003543));
#13993=CARTESIAN_POINT('Ctrl Pts',(49.,46.5419255598875,21.9031645003543));
#13994=CARTESIAN_POINT('Ctrl Pts',(50.,46.5781623823276,21.8573798480036));
#13995=CARTESIAN_POINT('Ctrl Pts',(49.,46.5781623823276,21.8573798480036));
#13996=CARTESIAN_POINT('',(49.7,46.3817090494266,22.0674754920008));
#13997=CARTESIAN_POINT('Ctrl Pts',(49.7,46.3817090494266,22.0674754920008));
#13998=CARTESIAN_POINT('Ctrl Pts',(49.7,46.4100845088602,22.042391882935));
#13999=CARTESIAN_POINT('Ctrl Pts',(49.7,46.4384599682938,22.0173082738693));
#14000=CARTESIAN_POINT('Ctrl Pts',(49.7,46.4649278623691,21.9903953614237));
#14001=CARTESIAN_POINT('Ctrl Pts',(49.7,46.5056887374475,21.9489491527049));
#14002=CARTESIAN_POINT('Ctrl Pts',(49.7,46.5419255598875,21.9031645003543));
#14003=CARTESIAN_POINT('Ctrl Pts',(49.7,46.5781623823276,21.8573798480036));
#14004=CARTESIAN_POINT('',(50.,46.3817090494266,22.0674754920008));
#14005=CARTESIAN_POINT('Ctrl Pts',(50.,46.0597450239291,22.2148151936534));
#14006=CARTESIAN_POINT('Ctrl Pts',(49.,46.0597450239291,22.2148151936534));
#14007=CARTESIAN_POINT('Ctrl Pts',(50.,46.1246185194342,22.192824131768));
#14008=CARTESIAN_POINT('Ctrl Pts',(49.,46.1246185194342,22.192824131768));
#14009=CARTESIAN_POINT('Ctrl Pts',(50.,46.2371123573613,22.1546905468222));
#14010=CARTESIAN_POINT('Ctrl Pts',(49.,46.2371123573613,22.1546905468222));
#14011=CARTESIAN_POINT('Ctrl Pts',(50.,46.3387038391808,22.0934145485284));
#14012=CARTESIAN_POINT('Ctrl Pts',(49.,46.3387038391808,22.0934145485284));
#14013=CARTESIAN_POINT('Ctrl Pts',(50.,46.3817090494266,22.0674754920008));
#14014=CARTESIAN_POINT('Ctrl Pts',(49.,46.3817090494266,22.0674754920008));
#14015=CARTESIAN_POINT('',(49.7,46.0597450239291,22.2148151936534));
#14016=CARTESIAN_POINT('Ctrl Pts',(49.7,46.0597450239291,22.2148151936534));
#14017=CARTESIAN_POINT('Ctrl Pts',(49.7,46.1246185194342,22.192824131768));
#14018=CARTESIAN_POINT('Ctrl Pts',(49.7,46.1894920149393,22.1708330698826));
#14019=CARTESIAN_POINT('Ctrl Pts',(49.7,46.2507397634616,22.1411456408503));
#14020=CARTESIAN_POINT('Ctrl Pts',(49.7,46.2956986289351,22.119353605056));
#14021=CARTESIAN_POINT('Ctrl Pts',(49.7,46.3387038391808,22.0934145485284));
#14022=CARTESIAN_POINT('Ctrl Pts',(49.7,46.3817090494266,22.0674754920008));
#14023=CARTESIAN_POINT('',(50.,46.0597450239291,22.2148151936534));
#14024=CARTESIAN_POINT('Ctrl Pts',(50.,46.4935786230197,22.3730691018107));
#14025=CARTESIAN_POINT('Ctrl Pts',(49.,46.4935786230197,22.3730691018107));
#14026=CARTESIAN_POINT('Ctrl Pts',(50.,46.4318869069396,22.3417288402037));
#14027=CARTESIAN_POINT('Ctrl Pts',(49.,46.4318869069396,22.3417288402037));
#14028=CARTESIAN_POINT('Ctrl Pts',(50.,46.2937884102124,22.271572856711));
#14029=CARTESIAN_POINT('Ctrl Pts',(49.,46.2937884102124,22.271572856711));
#14030=CARTESIAN_POINT('Ctrl Pts',(50.,46.1431112790467,22.2350322734584));
#14031=CARTESIAN_POINT('Ctrl Pts',(49.,46.1431112790467,22.2350322734584));
#14032=CARTESIAN_POINT('Ctrl Pts',(50.,46.0597450239291,22.2148151936534));
#14033=CARTESIAN_POINT('Ctrl Pts',(49.,46.0597450239291,22.2148151936534));
#14034=CARTESIAN_POINT('Ctrl Pts',(49.7,46.4935786230197,22.3730691018107));
#14035=CARTESIAN_POINT('Ctrl Pts',(49.7,46.4158427072539,22.3335781605441));
#14036=CARTESIAN_POINT('Ctrl Pts',(49.7,46.3567726404768,22.3035697337477));
#14037=CARTESIAN_POINT('Ctrl Pts',(49.7,46.2104221550948,22.2513557769059));
#14038=CARTESIAN_POINT('Ctrl Pts',(49.7,46.135083589512,22.2330854852796));
#14039=CARTESIAN_POINT('Ctrl Pts',(49.7,46.0597450239291,22.2148151936534));
#14040=CARTESIAN_POINT('Origin',(50.,44.6572894556155,23.641827279568));
#14041=CARTESIAN_POINT('',(49.7,44.6572894556155,23.641827279568));
#14042=CARTESIAN_POINT('',(49.7,44.6572894556155,23.0449652167561));
#14043=CARTESIAN_POINT('',(50.,44.6572894556155,23.641827279568));
#14044=CARTESIAN_POINT('Origin',(50.,45.2002627355685,23.641827279568));
#14045=CARTESIAN_POINT('',(49.7,45.2002627355685,23.641827279568));
#14046=CARTESIAN_POINT('',(49.7,47.2370982309511,23.641827279568));
#14047=CARTESIAN_POINT('',(50.,45.2002627355685,23.641827279568));
#14048=CARTESIAN_POINT('Ctrl Pts',(50.,45.6613821489444,23.5381438078883));
#14049=CARTESIAN_POINT('Ctrl Pts',(49.,45.6613821489444,23.5381438078883));
#14050=CARTESIAN_POINT('Ctrl Pts',(50.,45.6035373919425,23.5681138756659));
#14051=CARTESIAN_POINT('Ctrl Pts',(49.,45.6035373919425,23.5681138756659));
#14052=CARTESIAN_POINT('Ctrl Pts',(50.,45.4600990625218,23.6424310078911));
#14053=CARTESIAN_POINT('Ctrl Pts',(49.,45.4600990625218,23.6424310078911));
#14054=CARTESIAN_POINT('Ctrl Pts',(50.,45.2973685068147,23.6420529043108));
#14055=CARTESIAN_POINT('Ctrl Pts',(49.,45.2973685068147,23.6420529043108));
#14056=CARTESIAN_POINT('Ctrl Pts',(50.,45.2002627355685,23.641827279568));
#14057=CARTESIAN_POINT('Ctrl Pts',(49.,45.2002627355685,23.641827279568));
#14058=CARTESIAN_POINT('',(49.7,45.6613821489444,23.5381438078883));
#14059=CARTESIAN_POINT('Ctrl Pts',(49.7,45.6613821489444,23.5381438078883));
#14060=CARTESIAN_POINT('Ctrl Pts',(49.7,45.6035373919425,23.5681138756659));
#14061=CARTESIAN_POINT('Ctrl Pts',(49.7,45.5456926349406,23.5980839434435));
#14062=CARTESIAN_POINT('Ctrl Pts',(49.7,45.4847104055514,23.615906411648));
#14063=CARTESIAN_POINT('Ctrl Pts',(49.7,45.3944742780609,23.6422785290536));
#14064=CARTESIAN_POINT('Ctrl Pts',(49.7,45.2973685068147,23.6420529043108));
#14065=CARTESIAN_POINT('Ctrl Pts',(49.7,45.2002627355685,23.641827279568));
#14066=CARTESIAN_POINT('',(50.,45.6613821489444,23.5381438078883));
#14067=CARTESIAN_POINT('Ctrl Pts',(50.,45.7841653329959,23.2407362999919));
#14068=CARTESIAN_POINT('Ctrl Pts',(49.,45.7841653329959,23.2407362999919));
#14069=CARTESIAN_POINT('Ctrl Pts',(50.,45.7802415770357,23.3005035661757));
#14070=CARTESIAN_POINT('Ctrl Pts',(49.,45.7802415770357,23.3005035661757));
#14071=CARTESIAN_POINT('Ctrl Pts',(50.,45.7727938386186,23.4139486858411));
#14072=CARTESIAN_POINT('Ctrl Pts',(49.,45.7727938386186,23.4139486858411));
#14073=CARTESIAN_POINT('Ctrl Pts',(50.,45.69716622005,23.4982538547667));
#14074=CARTESIAN_POINT('Ctrl Pts',(49.,45.69716622005,23.4982538547667));
#14075=CARTESIAN_POINT('Ctrl Pts',(50.,45.6613821489444,23.5381438078883));
#14076=CARTESIAN_POINT('Ctrl Pts',(49.,45.6613821489444,23.5381438078883));
#14077=CARTESIAN_POINT('Ctrl Pts',(49.7,45.7841653329959,23.2407362999919));
#14078=CARTESIAN_POINT('Ctrl Pts',(49.7,45.7802415770357,23.3005035661757));
#14079=CARTESIAN_POINT('Ctrl Pts',(49.7,45.7763178210755,23.3602708323595));
#14080=CARTESIAN_POINT('Ctrl Pts',(49.7,45.7534701330295,23.4119500460627));
#14081=CARTESIAN_POINT('Ctrl Pts',(49.7,45.7329502911555,23.4583639016451));
#14082=CARTESIAN_POINT('Ctrl Pts',(49.7,45.69716622005,23.4982538547667));
#14083=CARTESIAN_POINT('Ctrl Pts',(49.7,45.6613821489444,23.5381438078883));
#14084=CARTESIAN_POINT('Origin',(50.,49.0665680868258,21.974706226826));
#14085=CARTESIAN_POINT('',(49.7,49.1702509065797,21.974706226826));
#14086=CARTESIAN_POINT('Origin',(49.7,49.2739337263336,22.4481031539443));
#14087=CARTESIAN_POINT('Ctrl Pts',(50.,37.1047658426394,21.5054019036295));
#14088=CARTESIAN_POINT('Ctrl Pts',(49.,37.1047658426394,21.5054019036295));
#14089=CARTESIAN_POINT('Ctrl Pts',(50.,37.162490706114,21.584344159866));
#14090=CARTESIAN_POINT('Ctrl Pts',(49.,37.162490706114,21.584344159866));
#14091=CARTESIAN_POINT('Ctrl Pts',(50.,37.2899282113365,21.7586226871046));
#14092=CARTESIAN_POINT('Ctrl Pts',(49.,37.2899282113365,21.7586226871046));
#14093=CARTESIAN_POINT('Ctrl Pts',(50.,37.3413188842927,21.9688467851699));
#14094=CARTESIAN_POINT('Ctrl Pts',(49.,37.3413188842927,21.9688467851699));
#14095=CARTESIAN_POINT('Ctrl Pts',(50.,37.3694313270679,22.0838465037348));
#14096=CARTESIAN_POINT('Ctrl Pts',(49.,37.3694313270679,22.0838465037348));
#14097=CARTESIAN_POINT('',(49.7,37.1047658426394,21.5054019036295));
#14098=CARTESIAN_POINT('Ctrl Pts',(49.7,37.1047658426394,21.5054019036295));
#14099=CARTESIAN_POINT('Ctrl Pts',(49.7,37.1760155247525,21.6028401706704));
#14100=CARTESIAN_POINT('Ctrl Pts',(49.7,37.2312542432982,21.6783824727414));
#14101=CARTESIAN_POINT('Ctrl Pts',(49.7,37.3180406541117,21.8736224056695));
#14102=CARTESIAN_POINT('Ctrl Pts',(49.7,37.3437359905897,21.9787344547021));
#14103=CARTESIAN_POINT('Ctrl Pts',(49.7,37.3694313270679,22.0838465037348));
#14104=CARTESIAN_POINT('',(50.,37.1047658426394,21.5054019036295));
#14105=CARTESIAN_POINT('Ctrl Pts',(50.,36.569977472507,21.3062204661372));
#14106=CARTESIAN_POINT('Ctrl Pts',(49.,36.569977472507,21.3062204661372));
#14107=CARTESIAN_POINT('Ctrl Pts',(50.,36.6780719260519,21.3115708530277));
#14108=CARTESIAN_POINT('Ctrl Pts',(49.,36.6780719260519,21.3115708530277));
#14109=CARTESIAN_POINT('Ctrl Pts',(50.,36.8784811966954,21.3214905769287));
#14110=CARTESIAN_POINT('Ctrl Pts',(49.,36.8784811966954,21.3214905769287));
#14111=CARTESIAN_POINT('Ctrl Pts',(50.,37.0334036740401,21.4474027802308));
#14112=CARTESIAN_POINT('Ctrl Pts',(49.,37.0334036740401,21.4474027802308));
#14113=CARTESIAN_POINT('Ctrl Pts',(50.,37.1047658426394,21.5054019036295));
#14114=CARTESIAN_POINT('Ctrl Pts',(49.,37.1047658426394,21.5054019036295));
#14115=CARTESIAN_POINT('',(49.7,36.569977472507,21.3062204661372));
#14116=CARTESIAN_POINT('Ctrl Pts',(49.7,36.569977472507,21.3062204661372));
#14117=CARTESIAN_POINT('Ctrl Pts',(49.7,36.6780719260519,21.3115708530277));
#14118=CARTESIAN_POINT('Ctrl Pts',(49.7,36.7861663795969,21.3169212399183));
#14119=CARTESIAN_POINT('Ctrl Pts',(49.7,36.8810278875461,21.3560159745219));
#14120=CARTESIAN_POINT('Ctrl Pts',(49.7,36.9620415054408,21.389403656832));
#14121=CARTESIAN_POINT('Ctrl Pts',(49.7,37.0334036740401,21.4474027802308));
#14122=CARTESIAN_POINT('Ctrl Pts',(49.7,37.1047658426394,21.5054019036295));
#14123=CARTESIAN_POINT('',(50.,36.569977472507,21.3062204661372));
#14124=CARTESIAN_POINT('Ctrl Pts',(50.,36.0024464828601,21.5517868342402));
#14125=CARTESIAN_POINT('Ctrl Pts',(49.,36.0024464828601,21.5517868342402));
#14126=CARTESIAN_POINT('Ctrl Pts',(50.,36.0788634303853,21.4801954225507));
#14127=CARTESIAN_POINT('Ctrl Pts',(49.,36.0788634303853,21.4801954225507));
#14128=CARTESIAN_POINT('Ctrl Pts',(50.,36.2381327262155,21.3309835775799));
#14129=CARTESIAN_POINT('Ctrl Pts',(49.,36.2381327262155,21.3309835775799));
#14130=CARTESIAN_POINT('Ctrl Pts',(50.,36.4564225005791,21.3146942312221));
#14131=CARTESIAN_POINT('Ctrl Pts',(49.,36.4564225005791,21.3146942312221));
#14132=CARTESIAN_POINT('Ctrl Pts',(50.,36.569977472507,21.3062204661372));
#14133=CARTESIAN_POINT('Ctrl Pts',(49.,36.569977472507,21.3062204661372));
#14134=CARTESIAN_POINT('',(49.7,36.0024464828601,21.5517868342402));
#14135=CARTESIAN_POINT('Ctrl Pts',(49.7,36.0024464828601,21.5517868342402));
#14136=CARTESIAN_POINT('Ctrl Pts',(49.7,36.0788634303853,21.4801954225507));
#14137=CARTESIAN_POINT('Ctrl Pts',(49.7,36.1552803779106,21.4086040108612));
#14138=CARTESIAN_POINT('Ctrl Pts',(49.7,36.2452841503253,21.3676120581629));
#14139=CARTESIAN_POINT('Ctrl Pts',(49.7,36.3428675286512,21.323167996307));
#14140=CARTESIAN_POINT('Ctrl Pts',(49.7,36.4564225005791,21.3146942312221));
#14141=CARTESIAN_POINT('Ctrl Pts',(49.7,36.569977472507,21.3062204661372));
#14142=CARTESIAN_POINT('',(50.,36.0024464828601,21.5517868342402));
#14143=CARTESIAN_POINT('Ctrl Pts',(50.,35.8005363447299,22.4658383669856));
#14144=CARTESIAN_POINT('Ctrl Pts',(49.,35.8005363447299,22.4658383669856));
#14145=CARTESIAN_POINT('Ctrl Pts',(50.,35.8003157601091,22.2743982921838));
#14146=CARTESIAN_POINT('Ctrl Pts',(49.,35.8003157601091,22.2743982921838));
#14147=CARTESIAN_POINT('Ctrl Pts',(50.,35.7999449774009,21.9526049180667));
#14148=CARTESIAN_POINT('Ctrl Pts',(49.,35.7999449774009,21.9526049180667));
#14149=CARTESIAN_POINT('Ctrl Pts',(50.,35.9440655615707,21.6673421677682));
#14150=CARTESIAN_POINT('Ctrl Pts',(49.,35.9440655615707,21.6673421677682));
#14151=CARTESIAN_POINT('Ctrl Pts',(50.,36.0024464828601,21.5517868342402));
#14152=CARTESIAN_POINT('Ctrl Pts',(49.,36.0024464828601,21.5517868342402));
#14153=CARTESIAN_POINT('',(49.7,35.8005363447299,22.4658383669856));
#14154=CARTESIAN_POINT('Ctrl Pts',(49.7,35.8005363447299,22.4658383669856));
#14155=CARTESIAN_POINT('Ctrl Pts',(49.7,35.8003157601091,22.2743982921838));
#14156=CARTESIAN_POINT('Ctrl Pts',(49.7,35.8000951754884,22.0829582173821));
#14157=CARTESIAN_POINT('Ctrl Pts',(49.7,35.8510137302508,21.904447251797));
#14158=CARTESIAN_POINT('Ctrl Pts',(49.7,35.8856846402812,21.7828975012962));
#14159=CARTESIAN_POINT('Ctrl Pts',(49.7,35.9440655615707,21.6673421677682));
#14160=CARTESIAN_POINT('Ctrl Pts',(49.7,36.0024464828601,21.5517868342402));
#14161=CARTESIAN_POINT('',(50.,35.8005363447299,22.4658383669856));
#14162=CARTESIAN_POINT('Ctrl Pts',(50.,35.9697044593921,23.254378611088));
#14163=CARTESIAN_POINT('Ctrl Pts',(49.,35.9697044593921,23.254378611088));
#14164=CARTESIAN_POINT('Ctrl Pts',(50.,35.9206350387764,23.1484352088701));
#14165=CARTESIAN_POINT('Ctrl Pts',(49.,35.9206350387764,23.1484352088701));
#14166=CARTESIAN_POINT('Ctrl Pts',(50.,35.8053545512259,22.8995387086224));
#14167=CARTESIAN_POINT('Ctrl Pts',(49.,35.8053545512259,22.8995387086224));
#14168=CARTESIAN_POINT('Ctrl Pts',(50.,35.8022941047189,22.6240592959494));
#14169=CARTESIAN_POINT('Ctrl Pts',(49.,35.8022941047189,22.6240592959494));
#14170=CARTESIAN_POINT('Ctrl Pts',(50.,35.8005363447299,22.4658383669856));
#14171=CARTESIAN_POINT('Ctrl Pts',(49.,35.8005363447299,22.4658383669856));
#14172=CARTESIAN_POINT('',(49.7,35.9697044593921,23.254378611088));
#14173=CARTESIAN_POINT('Ctrl Pts',(49.7,35.9697044593921,23.254378611088));
#14174=CARTESIAN_POINT('Ctrl Pts',(49.7,35.9206350387764,23.1484352088701));
#14175=CARTESIAN_POINT('Ctrl Pts',(49.7,35.8715656181606,23.0424918066523));
#14176=CARTESIAN_POINT('Ctrl Pts',(49.7,35.8428282243838,22.9317321124079));
#14177=CARTESIAN_POINT('Ctrl Pts',(49.7,35.8040518647078,22.7822802249133));
#14178=CARTESIAN_POINT('Ctrl Pts',(49.7,35.8022941047189,22.6240592959494));
#14179=CARTESIAN_POINT('Ctrl Pts',(49.7,35.8005363447299,22.4658383669856));
#14180=CARTESIAN_POINT('',(50.,35.9697044593921,23.254378611088));
#14181=CARTESIAN_POINT('Ctrl Pts',(50.,36.6136337024798,23.5927142443659));
#14182=CARTESIAN_POINT('Ctrl Pts',(49.,36.6136337024798,23.5927142443659));
#14183=CARTESIAN_POINT('Ctrl Pts',(50.,36.4821610985633,23.5792245620405));
#14184=CARTESIAN_POINT('Ctrl Pts',(49.,36.4821610985633,23.5792245620405));
#14185=CARTESIAN_POINT('Ctrl Pts',(50.,36.2219748869448,23.5525282828489));
#14186=CARTESIAN_POINT('Ctrl Pts',(49.,36.2219748869448,23.5525282828489));
#14187=CARTESIAN_POINT('Ctrl Pts',(50.,36.0531980359732,23.3530567744118));
#14188=CARTESIAN_POINT('Ctrl Pts',(49.,36.0531980359732,23.3530567744118));
#14189=CARTESIAN_POINT('Ctrl Pts',(50.,35.9697044593921,23.254378611088));
#14190=CARTESIAN_POINT('Ctrl Pts',(49.,35.9697044593921,23.254378611088));
#14191=CARTESIAN_POINT('',(49.7,36.6136337024798,23.5927142443659));
#14192=CARTESIAN_POINT('Ctrl Pts',(49.7,36.6136337024798,23.5927142443659));
#14193=CARTESIAN_POINT('Ctrl Pts',(49.7,36.4821610985633,23.5792245620405));
#14194=CARTESIAN_POINT('Ctrl Pts',(49.7,36.3506884946467,23.565734879715));
#14195=CARTESIAN_POINT('Ctrl Pts',(49.7,36.2425554496875,23.5081304850581));
#14196=CARTESIAN_POINT('Ctrl Pts',(49.7,36.1366916125543,23.4517349377356));
#14197=CARTESIAN_POINT('Ctrl Pts',(49.7,36.0531980359732,23.3530567744118));
#14198=CARTESIAN_POINT('Ctrl Pts',(49.7,35.9697044593921,23.254378611088));
#14199=CARTESIAN_POINT('',(50.,36.6136337024798,23.5927142443659));
#14200=CARTESIAN_POINT('Ctrl Pts',(50.,36.9492406351199,23.5163159909251));
#14201=CARTESIAN_POINT('Ctrl Pts',(49.,36.9492406351199,23.5163159909251));
#14202=CARTESIAN_POINT('Ctrl Pts',(50.,36.8969958926178,23.5385947835053));
#14203=CARTESIAN_POINT('Ctrl Pts',(49.,36.8969958926178,23.5385947835053));
#14204=CARTESIAN_POINT('Ctrl Pts',(50.,36.7898000698828,23.5843064357369));
#14205=CARTESIAN_POINT('Ctrl Pts',(49.,36.7898000698828,23.5843064357369));
#14206=CARTESIAN_POINT('Ctrl Pts',(50.,36.6733359355308,23.5898648642168));
#14207=CARTESIAN_POINT('Ctrl Pts',(49.,36.6733359355308,23.5898648642168));
#14208=CARTESIAN_POINT('Ctrl Pts',(50.,36.6136337024798,23.5927142443659));
#14209=CARTESIAN_POINT('Ctrl Pts',(49.,36.6136337024798,23.5927142443659));
#14210=CARTESIAN_POINT('',(49.7,36.9492406351199,23.5163159909251));
#14211=CARTESIAN_POINT('Ctrl Pts',(49.7,36.9492406351199,23.5163159909251));
#14212=CARTESIAN_POINT('Ctrl Pts',(49.7,36.8969958926178,23.5385947835053));
#14213=CARTESIAN_POINT('Ctrl Pts',(49.7,36.8447511501156,23.5608735760856));
#14214=CARTESIAN_POINT('Ctrl Pts',(49.7,36.7903048498263,23.5736145319941));
#14215=CARTESIAN_POINT('Ctrl Pts',(49.7,36.7330381685818,23.5870154840677));
#14216=CARTESIAN_POINT('Ctrl Pts',(49.7,36.6733359355308,23.5898648642168));
#14217=CARTESIAN_POINT('Ctrl Pts',(49.7,36.6136337024798,23.5927142443659));
#14218=CARTESIAN_POINT('',(50.,36.9492406351199,23.5163159909251));
#14219=CARTESIAN_POINT('Ctrl Pts',(50.,37.2029925090899,23.2980348410609));
#14220=CARTESIAN_POINT('Ctrl Pts',(49.,37.2029925090899,23.2980348410609));
#14221=CARTESIAN_POINT('Ctrl Pts',(50.,37.1667822289475,23.342455431532));
#14222=CARTESIAN_POINT('Ctrl Pts',(49.,37.1667822289475,23.342455431532));
#14223=CARTESIAN_POINT('Ctrl Pts',(50.,37.0951570654526,23.4303208676048));
#14224=CARTESIAN_POINT('Ctrl Pts',(49.,37.0951570654526,23.4303208676048));
#14225=CARTESIAN_POINT('Ctrl Pts',(50.,36.9975180183203,23.4878639549725));
#14226=CARTESIAN_POINT('Ctrl Pts',(49.,36.9975180183203,23.4878639549725));
#14227=CARTESIAN_POINT('Ctrl Pts',(50.,36.9492406351199,23.5163159909251));
#14228=CARTESIAN_POINT('Ctrl Pts',(49.,36.9492406351199,23.5163159909251));
#14229=CARTESIAN_POINT('',(49.7,37.2029925090899,23.2980348410609));
#14230=CARTESIAN_POINT('Ctrl Pts',(49.7,37.2029925090899,23.2980348410609));
#14231=CARTESIAN_POINT('Ctrl Pts',(49.7,37.1667822289475,23.342455431532));
#14232=CARTESIAN_POINT('Ctrl Pts',(49.7,37.1305719488051,23.3868760220031));
#14233=CARTESIAN_POINT('Ctrl Pts',(49.7,37.0877129537692,23.4235467257502));
#14234=CARTESIAN_POINT('Ctrl Pts',(49.7,37.0457954015208,23.4594119190199));
#14235=CARTESIAN_POINT('Ctrl Pts',(49.7,36.9975180183203,23.4878639549725));
#14236=CARTESIAN_POINT('Ctrl Pts',(49.7,36.9492406351199,23.5163159909251));
#14237=CARTESIAN_POINT('',(50.,37.2029925090899,23.2980348410609));
#14238=CARTESIAN_POINT('Ctrl Pts',(50.,37.3230469925036,23.0306406559946));
#14239=CARTESIAN_POINT('Ctrl Pts',(49.,37.3230469925036,23.0306406559946));
#14240=CARTESIAN_POINT('Ctrl Pts',(50.,37.3057967739259,23.0844587596467));
#14241=CARTESIAN_POINT('Ctrl Pts',(49.,37.3057967739259,23.0844587596467));
#14242=CARTESIAN_POINT('Ctrl Pts',(50.,37.2757478738659,23.1782068365634));
#14243=CARTESIAN_POINT('Ctrl Pts',(49.,37.2757478738659,23.1782068365634));
#14244=CARTESIAN_POINT('Ctrl Pts',(50.,37.2247247214197,23.2622419116349));
#14245=CARTESIAN_POINT('Ctrl Pts',(49.,37.2247247214197,23.2622419116349));
#14246=CARTESIAN_POINT('Ctrl Pts',(50.,37.2029925090899,23.2980348410609));
#14247=CARTESIAN_POINT('Ctrl Pts',(49.,37.2029925090899,23.2980348410609));
#14248=CARTESIAN_POINT('',(49.7,37.3230469925036,23.0306406559946));
#14249=CARTESIAN_POINT('Ctrl Pts',(49.7,37.3230469925036,23.0306406559946));
#14250=CARTESIAN_POINT('Ctrl Pts',(49.7,37.3057967739259,23.0844587596467));
#14251=CARTESIAN_POINT('Ctrl Pts',(49.7,37.2885465553481,23.1382768632987));
#14252=CARTESIAN_POINT('Ctrl Pts',(49.7,37.2643841011157,23.1888939681055));
#14253=CARTESIAN_POINT('Ctrl Pts',(49.7,37.2464569337494,23.226448982209));
#14254=CARTESIAN_POINT('Ctrl Pts',(49.7,37.2247247214197,23.2622419116349));
#14255=CARTESIAN_POINT('Ctrl Pts',(49.7,37.2029925090899,23.2980348410609));
#14256=CARTESIAN_POINT('',(50.,37.3230469925036,23.0306406559946));
#14257=CARTESIAN_POINT('Origin',(50.,38.4144521457782,23.2734783234599));
#14258=CARTESIAN_POINT('',(49.7,43.5005750264362,24.4051407616248));
#14259=CARTESIAN_POINT('Origin',(49.7,49.2739337263336,22.4481031539443));
#14260=CARTESIAN_POINT('Origin',(50.,51.8059927923312,21.4781166853907));
#14261=CARTESIAN_POINT('',(49.7,51.8059927923312,21.4781166853907));
#14262=CARTESIAN_POINT('',(49.7,51.8059927923312,21.9631099196675));
#14263=CARTESIAN_POINT('',(50.,51.8059927923312,21.4781166853907));
#14264=CARTESIAN_POINT('Origin',(50.,53.4212738973727,21.4781166853907));
#14265=CARTESIAN_POINT('',(49.7,51.3476038118532,21.4781166853907));
#14266=CARTESIAN_POINT('Origin',(49.7,49.2739337263336,22.4481031539443));
#14267=CARTESIAN_POINT('Origin',(50.,59.9642474157443,21.982891732693));
#14268=CARTESIAN_POINT('',(49.7,59.9642474157443,21.982891732693));
#14269=CARTESIAN_POINT('',(49.7,59.9642474157443,22.2154974433186));
#14270=CARTESIAN_POINT('',(50.,59.9642474157443,21.982891732693));
#14271=CARTESIAN_POINT('Ctrl Pts',(50.,59.8660213453403,21.4617456736567));
#14272=CARTESIAN_POINT('Ctrl Pts',(49.,59.8660213453403,21.4617456736567));
#14273=CARTESIAN_POINT('Ctrl Pts',(50.,59.8944579789943,21.5302710791849));
#14274=CARTESIAN_POINT('Ctrl Pts',(49.,59.8944579789943,21.5302710791849));
#14275=CARTESIAN_POINT('Ctrl Pts',(50.,59.963359070899,21.696306036822));
#14276=CARTESIAN_POINT('Ctrl Pts',(49.,59.963359070899,21.696306036822));
#14277=CARTESIAN_POINT('Ctrl Pts',(50.,59.9639187346116,21.8768571092735));
#14278=CARTESIAN_POINT('Ctrl Pts',(49.,59.9639187346116,21.8768571092735));
#14279=CARTESIAN_POINT('Ctrl Pts',(50.,59.9642474157443,21.982891732693));
#14280=CARTESIAN_POINT('Ctrl Pts',(49.,59.9642474157443,21.982891732693));
#14281=CARTESIAN_POINT('',(49.7,59.8660213453403,21.4617456736567));
#14282=CARTESIAN_POINT('Ctrl Pts',(49.7,59.8660213453403,21.4617456736567));
#14283=CARTESIAN_POINT('Ctrl Pts',(49.7,59.9054715934973,21.5568112248761));
#14284=CARTESIAN_POINT('Ctrl Pts',(49.7,59.9333661373702,21.6240303252156));
#14285=CARTESIAN_POINT('Ctrl Pts',(49.7,59.9636877520317,21.8023406602416));
#14286=CARTESIAN_POINT('Ctrl Pts',(49.7,59.963967583888,21.8926161964675));
#14287=CARTESIAN_POINT('Ctrl Pts',(49.7,59.9642474157443,21.982891732693));
#14288=CARTESIAN_POINT('',(50.,59.8660213453403,21.4617456736567));
#14289=CARTESIAN_POINT('Ctrl Pts',(50.,59.5631558401217,21.308949166775));
#14290=CARTESIAN_POINT('Ctrl Pts',(49.,59.5631558401217,21.308949166775));
#14291=CARTESIAN_POINT('Ctrl Pts',(50.,59.6268623307871,21.3141602013157));
#14292=CARTESIAN_POINT('Ctrl Pts',(49.,59.6268623307871,21.3141602013157));
#14293=CARTESIAN_POINT('Ctrl Pts',(50.,59.7490758654334,21.3241569684226));
#14294=CARTESIAN_POINT('Ctrl Pts',(49.,59.7490758654334,21.3241569684226));
#14295=CARTESIAN_POINT('Ctrl Pts',(50.,59.8281610508002,21.4172022769414));
#14296=CARTESIAN_POINT('Ctrl Pts',(49.,59.8281610508002,21.4172022769414));
#14297=CARTESIAN_POINT('Ctrl Pts',(50.,59.8660213453403,21.4617456736567));
#14298=CARTESIAN_POINT('Ctrl Pts',(49.,59.8660213453403,21.4617456736567));
#14299=CARTESIAN_POINT('',(49.7,59.5631558401217,21.308949166775));
#14300=CARTESIAN_POINT('Ctrl Pts',(49.7,59.5631558401217,21.308949166775));
#14301=CARTESIAN_POINT('Ctrl Pts',(49.7,59.6268623307871,21.3141602013157));
#14302=CARTESIAN_POINT('Ctrl Pts',(49.7,59.6905688214525,21.3193712358563));
#14303=CARTESIAN_POINT('Ctrl Pts',(49.7,59.7425562841525,21.3471485915187));
#14304=CARTESIAN_POINT('Ctrl Pts',(49.7,59.7903007562601,21.3726588802261));
#14305=CARTESIAN_POINT('Ctrl Pts',(49.7,59.8281610508002,21.4172022769414));
#14306=CARTESIAN_POINT('Ctrl Pts',(49.7,59.8660213453403,21.4617456736567));
#14307=CARTESIAN_POINT('',(50.,59.5631558401217,21.308949166775));
#14308=CARTESIAN_POINT('Ctrl Pts',(50.,59.361246298038,21.3607909026149));
#14309=CARTESIAN_POINT('Ctrl Pts',(49.,59.361246298038,21.3607909026149));
#14310=CARTESIAN_POINT('Ctrl Pts',(50.,59.3893141785688,21.3457142222748));
#14311=CARTESIAN_POINT('Ctrl Pts',(49.,59.3893141785688,21.3457142222748));
#14312=CARTESIAN_POINT('Ctrl Pts',(50.,59.4521002462192,21.3119886450714));
#14313=CARTESIAN_POINT('Ctrl Pts',(49.,59.4521002462192,21.3119886450714));
#14314=CARTESIAN_POINT('Ctrl Pts',(50.,59.5236124489243,21.3100314290464));
#14315=CARTESIAN_POINT('Ctrl Pts',(49.,59.5236124489243,21.3100314290464));
#14316=CARTESIAN_POINT('Ctrl Pts',(50.,59.5631558401217,21.308949166775));
#14317=CARTESIAN_POINT('Ctrl Pts',(49.,59.5631558401217,21.308949166775));
#14318=CARTESIAN_POINT('',(49.7,59.361246298038,21.3607909026149));
#14319=CARTESIAN_POINT('Ctrl Pts',(49.7,59.361246298038,21.3607909026149));
#14320=CARTESIAN_POINT('Ctrl Pts',(49.7,59.3893141785688,21.3457142222748));
#14321=CARTESIAN_POINT('Ctrl Pts',(49.7,59.4173820590995,21.3306375419347));
#14322=CARTESIAN_POINT('Ctrl Pts',(49.7,59.4471938116183,21.321909600735));
#14323=CARTESIAN_POINT('Ctrl Pts',(49.7,59.4840690577268,21.3111136913178));
#14324=CARTESIAN_POINT('Ctrl Pts',(49.7,59.5236124489243,21.3100314290464));
#14325=CARTESIAN_POINT('Ctrl Pts',(49.7,59.5631558401217,21.308949166775));
#14326=CARTESIAN_POINT('',(50.,59.361246298038,21.3607909026149));
#14327=CARTESIAN_POINT('Ctrl Pts',(50.,59.213906000339,21.5681578459742));
#14328=CARTESIAN_POINT('Ctrl Pts',(49.,59.213906000339,21.5681578459742));
#14329=CARTESIAN_POINT('Ctrl Pts',(50.,59.2307811569507,21.5275940156591));
#14330=CARTESIAN_POINT('Ctrl Pts',(49.,59.2307811569507,21.5275940156591));
#14331=CARTESIAN_POINT('Ctrl Pts',(50.,59.2641933550836,21.4472791026361));
#14332=CARTESIAN_POINT('Ctrl Pts',(49.,59.2641933550836,21.4472791026361));
#14333=CARTESIAN_POINT('Ctrl Pts',(50.,59.32911430647,21.3894251513992));
#14334=CARTESIAN_POINT('Ctrl Pts',(49.,59.32911430647,21.3894251513992));
#14335=CARTESIAN_POINT('Ctrl Pts',(50.,59.361246298038,21.3607909026149));
#14336=CARTESIAN_POINT('Ctrl Pts',(49.,59.361246298038,21.3607909026149));
#14337=CARTESIAN_POINT('',(49.7,59.213906000339,21.5681578459742));
#14338=CARTESIAN_POINT('Ctrl Pts',(49.7,59.213906000339,21.5681578459742));
#14339=CARTESIAN_POINT('Ctrl Pts',(49.7,59.2307811569507,21.5275940156591));
#14340=CARTESIAN_POINT('Ctrl Pts',(49.7,59.2476563135624,21.487030185344));
#14341=CARTESIAN_POINT('Ctrl Pts',(49.7,59.272568891727,21.4521958174708));
#14342=CARTESIAN_POINT('Ctrl Pts',(49.7,59.2969823149021,21.4180594001836));
#14343=CARTESIAN_POINT('Ctrl Pts',(49.7,59.32911430647,21.3894251513992));
#14344=CARTESIAN_POINT('Ctrl Pts',(49.7,59.361246298038,21.3607909026149));
#14345=CARTESIAN_POINT('',(50.,59.213906000339,21.5681578459742));
#14346=CARTESIAN_POINT('Ctrl Pts',(50.,59.1675216657748,21.9610633196833));
#14347=CARTESIAN_POINT('Ctrl Pts',(49.,59.1675216657748,21.9610633196833));
#14348=CARTESIAN_POINT('Ctrl Pts',(50.,59.1685825858725,21.8837854139065));
#14349=CARTESIAN_POINT('Ctrl Pts',(49.,59.1685825858725,21.8837854139065));
#14350=CARTESIAN_POINT('Ctrl Pts',(50.,59.1704050074971,21.7510393881706));
#14351=CARTESIAN_POINT('Ctrl Pts',(49.,59.1704050074971,21.7510393881706));
#14352=CARTESIAN_POINT('Ctrl Pts',(50.,59.2010859315797,21.6220544076986));
#14353=CARTESIAN_POINT('Ctrl Pts',(49.,59.2010859315797,21.6220544076986));
#14354=CARTESIAN_POINT('Ctrl Pts',(50.,59.213906000339,21.5681578459742));
#14355=CARTESIAN_POINT('Ctrl Pts',(49.,59.213906000339,21.5681578459742));
#14356=CARTESIAN_POINT('',(49.7,59.1675216657748,21.9610633196833));
#14357=CARTESIAN_POINT('Ctrl Pts',(49.7,59.1675216657748,21.9610633196833));
#14358=CARTESIAN_POINT('Ctrl Pts',(49.7,59.1684328765871,21.894690306815));
#14359=CARTESIAN_POINT('Ctrl Pts',(49.7,59.1693440873994,21.8283172939472));
#14360=CARTESIAN_POINT('Ctrl Pts',(49.7,59.1838484318142,21.6945221914149));
#14361=CARTESIAN_POINT('Ctrl Pts',(49.7,59.1963522522264,21.6419551622292));
#14362=CARTESIAN_POINT('Ctrl Pts',(49.7,59.213906000339,21.5681578459742));
#14363=CARTESIAN_POINT('',(50.,59.1675216657748,21.9610633196833));
#14364=CARTESIAN_POINT('Origin',(50.,57.9860765440097,21.8000813069346));
#14365=CARTESIAN_POINT('',(49.7,53.7527519760322,21.2232545910619));
#14366=CARTESIAN_POINT('Origin',(49.7,49.2739337263336,22.4481031539443));
#14367=CARTESIAN_POINT('Origin',(50.,67.1729785902133,24.5176802816394));
#14368=CARTESIAN_POINT('',(49.7,67.1729785902133,24.5176802816394));
#14369=CARTESIAN_POINT('',(49.7,58.2234561582735,24.5176802816394));
#14370=CARTESIAN_POINT('',(50.,67.1729785902133,24.5176802816394));
#14371=CARTESIAN_POINT('Ctrl Pts',(50.,66.6818458540072,23.8846652450564));
#14372=CARTESIAN_POINT('Ctrl Pts',(49.,66.6818458540072,23.8846652450564));
#14373=CARTESIAN_POINT('Ctrl Pts',(50.,66.7809564010898,23.9755893292889));
#14374=CARTESIAN_POINT('Ctrl Pts',(49.,66.7809564010898,23.9755893292889));
#14375=CARTESIAN_POINT('Ctrl Pts',(50.,66.9805574676018,24.1587034853364));
#14376=CARTESIAN_POINT('Ctrl Pts',(49.,66.9805574676018,24.1587034853364));
#14377=CARTESIAN_POINT('Ctrl Pts',(50.,67.1085432662446,24.397471097465));
#14378=CARTESIAN_POINT('Ctrl Pts',(49.,67.1085432662446,24.397471097465));
#14379=CARTESIAN_POINT('Ctrl Pts',(50.,67.1729785902133,24.5176802816394));
#14380=CARTESIAN_POINT('Ctrl Pts',(49.,67.1729785902133,24.5176802816394));
#14381=CARTESIAN_POINT('',(49.7,66.6818458540072,23.8846652450564));
#14382=CARTESIAN_POINT('Ctrl Pts',(49.7,66.6818458540072,23.8846652450564));
#14383=CARTESIAN_POINT('Ctrl Pts',(49.7,66.7809564010898,23.9755893292889));
#14384=CARTESIAN_POINT('Ctrl Pts',(49.7,66.8800669481723,24.0665134135213));
#14385=CARTESIAN_POINT('Ctrl Pts',(49.7,66.9615203840365,24.1711591424945));
#14386=CARTESIAN_POINT('Ctrl Pts',(49.7,67.0441079422758,24.2772619132907));
#14387=CARTESIAN_POINT('Ctrl Pts',(49.7,67.1085432662446,24.397471097465));
#14388=CARTESIAN_POINT('Ctrl Pts',(49.7,67.1729785902133,24.5176802816394));
#14389=CARTESIAN_POINT('',(50.,66.6818458540072,23.8846652450564));
#14390=CARTESIAN_POINT('Ctrl Pts',(50.,65.8005363447299,23.4453745427134));
#14391=CARTESIAN_POINT('Ctrl Pts',(49.,65.8005363447299,23.4453745427134));
#14392=CARTESIAN_POINT('Ctrl Pts',(50.,65.9726920916484,23.5043583231028));
#14393=CARTESIAN_POINT('Ctrl Pts',(49.,65.9726920916484,23.5043583231028));
#14394=CARTESIAN_POINT('Ctrl Pts',(50.,66.2863271507551,23.6118155633046));
#14395=CARTESIAN_POINT('Ctrl Pts',(49.,66.2863271507551,23.6118155633046));
#14396=CARTESIAN_POINT('Ctrl Pts',(50.,66.5588927731487,23.7998457189334));
#14397=CARTESIAN_POINT('Ctrl Pts',(49.,66.5588927731487,23.7998457189334));
#14398=CARTESIAN_POINT('Ctrl Pts',(50.,66.6818458540072,23.8846652450564));
#14399=CARTESIAN_POINT('Ctrl Pts',(49.,66.6818458540072,23.8846652450564));
#14400=CARTESIAN_POINT('',(49.7,65.8005363447299,23.4453745427134));
#14401=CARTESIAN_POINT('Ctrl Pts',(49.7,65.8005363447299,23.4453745427134));
#14402=CARTESIAN_POINT('Ctrl Pts',(49.7,65.9726920916484,23.5043583231028));
#14403=CARTESIAN_POINT('Ctrl Pts',(49.7,66.1448478385669,23.5633421034921));
#14404=CARTESIAN_POINT('Ctrl Pts',(49.7,66.3046295148959,23.646602207661));
#14405=CARTESIAN_POINT('Ctrl Pts',(49.7,66.4359396922902,23.7150261928103));
#14406=CARTESIAN_POINT('Ctrl Pts',(49.7,66.5588927731487,23.7998457189334));
#14407=CARTESIAN_POINT('Ctrl Pts',(49.7,66.6818458540072,23.8846652450564));
#14408=CARTESIAN_POINT('',(50.,65.8005363447299,23.4453745427134));
#14409=CARTESIAN_POINT('Origin',(50.,65.8005363447299,22.5340511145595));
#14410=CARTESIAN_POINT('',(49.7,65.8005363447299,22.4910771342519));
#14411=CARTESIAN_POINT('Origin',(49.7,49.2739337263336,22.4481031539443));
#14412=CARTESIAN_POINT('Origin',(50.,82.379,14.9496325929006));
#14413=CARTESIAN_POINT('',(49.7,65.0030900581429,14.9496325929006));
#14414=CARTESIAN_POINT('Origin',(49.7,47.6271801162858,15.6996325929006));
#14415=CARTESIAN_POINT('Origin',(-50.,60.9505583645252,63.3041129829172));
#14416=CARTESIAN_POINT('Origin',(-46.,41.8000000596047,62.3041129829172));
#14417=CARTESIAN_POINT('Origin',(-46.,61.9505583645251,53.0041129829172));
#14418=CARTESIAN_POINT('',(-39.,61.9505583645251,50.5041129829172));
#14419=CARTESIAN_POINT('Origin',(-37.9999988824129,70.4999987594783,1.5));
#14420=CARTESIAN_POINT('',(-41.9999988824129,70.4999987594783,1.5));
#14421=CARTESIAN_POINT('Origin',(-37.9999988824129,70.4999987594783,1.5));
#14422=CARTESIAN_POINT('Origin',(-37.9999988824129,70.4999987594783,0.));
#14423=CARTESIAN_POINT('',(-41.9999988824129,70.4999987594783,0.));
#14424=CARTESIAN_POINT('Origin',(-37.9999988824129,70.4999987594783,0.));
#14425=CARTESIAN_POINT('',(-41.9999988824129,70.4999987594783,0.));
#14426=CARTESIAN_POINT('Origin',(38.026725817244,70.4999987594783,1.5));
#14427=CARTESIAN_POINT('',(34.026725817244,70.4999987594783,1.5));
#14428=CARTESIAN_POINT('Origin',(38.026725817244,70.4999987594783,1.5));
#14429=CARTESIAN_POINT('Origin',(38.026725817244,70.4999987594783,0.));
#14430=CARTESIAN_POINT('',(34.026725817244,70.4999987594783,0.));
#14431=CARTESIAN_POINT('Origin',(38.026725817244,70.4999987594783,0.));
#14432=CARTESIAN_POINT('',(34.026725817244,70.4999987594783,0.));
#14433=CARTESIAN_POINT('Origin',(-37.9999988824129,9.37938103581198,1.5));
#14434=CARTESIAN_POINT('',(-41.9999988824129,9.37938103581198,1.5));
#14435=CARTESIAN_POINT('Origin',(-37.9999988824129,9.37938103581198,1.5));
#14436=CARTESIAN_POINT('Origin',(-37.9999988824129,9.37938103581198,0.));
#14437=CARTESIAN_POINT('',(-41.9999988824129,9.37938103581198,0.));
#14438=CARTESIAN_POINT('Origin',(-37.9999988824129,9.37938103581198,0.));
#14439=CARTESIAN_POINT('',(-41.9999988824129,9.37938103581198,0.));
#14440=CARTESIAN_POINT('Origin',(38.026725817244,9.37938103581199,1.5));
#14441=CARTESIAN_POINT('',(34.026725817244,9.37938103581199,1.5));
#14442=CARTESIAN_POINT('Origin',(38.026725817244,9.37938103581199,1.5));
#14443=CARTESIAN_POINT('Origin',(38.026725817244,9.37938103581199,0.));
#14444=CARTESIAN_POINT('',(34.026725817244,9.37938103581199,0.));
#14445=CARTESIAN_POINT('Origin',(38.026725817244,9.37938103581199,0.));
#14446=CARTESIAN_POINT('',(34.026725817244,9.37938103581199,0.));
#14447=CARTESIAN_POINT('Origin',(0.,52.,0.));
#14448=CARTESIAN_POINT('',(-48.,82.379,0.));
#14449=CARTESIAN_POINT('Origin',(-48.,64.5,2.));
#14450=CARTESIAN_POINT('Origin',(-48.,64.5,78.));
#14451=CARTESIAN_POINT('',(-48.,82.4788000236451,80.));
#14452=CARTESIAN_POINT('Origin',(-48.,52.,80.));
#14453=CARTESIAN_POINT('',(48.,82.4788000236451,80.));
#14454=CARTESIAN_POINT('Origin',(48.,39.5,78.));
#14455=CARTESIAN_POINT('Origin',(46.885814277053,65.2716668981629,70.1290254129395));
#14456=CARTESIAN_POINT('',(46.885814277053,65.2716668981629,70.1290254129395));
#14457=CARTESIAN_POINT('',(46.885814277053,65.2716668981629,74.1290254129395));
#14458=CARTESIAN_POINT('',(46.885814277053,65.271666898163,48.1290254129395));
#14459=CARTESIAN_POINT('',(48.899814277053,65.2716668981629,74.1290254129395));
#14460=CARTESIAN_POINT('',(46.885814277053,65.2716668981629,74.1290254129395));
#14461=CARTESIAN_POINT('',(48.899814277053,65.2716668981629,70.1290254129395));
#14462=CARTESIAN_POINT('',(48.899814277053,65.2716668981629,48.1290254129395));
#14463=CARTESIAN_POINT('',(46.885814277053,65.2716668981629,70.1290254129395));
#14464=CARTESIAN_POINT('Origin',(46.885814277053,64.999666898163,74.1290254129395));
#14465=CARTESIAN_POINT('',(46.8858142770527,56.9996667789537,74.1290254129395));
#14466=CARTESIAN_POINT('',(46.885814277053,64.999666898163,74.1290254129395));
#14467=CARTESIAN_POINT('',(48.8998142770526,56.9996667789536,74.1290254129395));
#14468=CARTESIAN_POINT('',(46.8858142770527,56.9996667789537,74.1290254129395));
#14469=CARTESIAN_POINT('',(48.899814277053,64.9996668981629,74.1290254129395));
#14470=CARTESIAN_POINT('Origin',(46.8858142770519,38.9996665107328,70.1290254129395));
#14471=CARTESIAN_POINT('',(46.8858142770519,38.9996665107328,70.1290254129395));
#14472=CARTESIAN_POINT('',(48.8998142770519,38.9996665107327,70.1290254129395));
#14473=CARTESIAN_POINT('Origin',(46.8858142770522,46.999666898163,74.1290254129395));
#14474=CARTESIAN_POINT('',(46.8858142770522,46.999666898163,74.1290254129395));
#14475=CARTESIAN_POINT('',(46.885814277053,64.999666898163,74.1290254129395));
#14476=CARTESIAN_POINT('',(48.8998142770522,46.9996668981629,74.1290254129395));
#14477=CARTESIAN_POINT('',(48.899814277053,64.9996668981629,74.1290254129395));
#14478=CARTESIAN_POINT('',(46.8858142770522,46.999666898163,74.1290254129395));
#14479=CARTESIAN_POINT('Origin',(46.8858142770523,46.999666898163,71.1290254129395));
#14480=CARTESIAN_POINT('',(46.8858142770523,46.999666898163,71.1290254129395));
#14481=CARTESIAN_POINT('',(46.8858142770523,46.999666898163,67.6290254129395));
#14482=CARTESIAN_POINT('',(48.8998142770523,46.9996668981629,71.1290254129395));
#14483=CARTESIAN_POINT('',(48.8998142770523,46.9996668981629,67.6290254129395));
#14484=CARTESIAN_POINT('',(46.8858142770523,46.999666898163,71.1290254129395));
#14485=CARTESIAN_POINT('Origin',(46.8858142770527,56.9996667789537,71.1290254129395));
#14486=CARTESIAN_POINT('',(46.8858142770527,56.9996667789537,71.1290254129395));
#14487=CARTESIAN_POINT('',(46.8858142770524,49.499666898163,71.1290254129395));
#14488=CARTESIAN_POINT('',(48.8998142770526,56.9996667789536,71.1290254129395));
#14489=CARTESIAN_POINT('',(48.8998142770524,49.4996668981629,71.1290254129395));
#14490=CARTESIAN_POINT('',(46.8858142770527,56.9996667789537,71.1290254129395));
#14491=CARTESIAN_POINT('Origin',(46.8858142770527,56.9996667789537,74.1290254129395));
#14492=CARTESIAN_POINT('',(46.8858142770527,56.9996667789537,66.1290254129395));
#14493=CARTESIAN_POINT('',(48.8998142770527,56.9996667789536,66.1290254129395));
#14494=CARTESIAN_POINT('Origin',(48.8998142770524,51.9996668981629,61.1290254129395));
#14495=CARTESIAN_POINT('',(48.8998142770528,63.7996668981648,72.1290254129395));
#14496=CARTESIAN_POINT('Origin',(48.8998142770528,62.9996668981648,72.1290254129395));
#14497=CARTESIAN_POINT('',(48.8998142770528,41.7996668981648,72.1290254129395));
#14498=CARTESIAN_POINT('Origin',(48.8998142770528,40.9996668981648,72.1290254129395));
#14499=CARTESIAN_POINT('Origin',(46.8858142770525,51.999666898163,61.1290254129395));
#14500=CARTESIAN_POINT('',(46.8858142770528,63.7996668981648,72.1290254129395));
#14501=CARTESIAN_POINT('Origin',(46.8858142770528,62.9996668981648,72.1290254129395));
#14502=CARTESIAN_POINT('',(46.8858142770528,41.7996668981648,72.1290254129395));
#14503=CARTESIAN_POINT('Origin',(46.8858142770528,40.9996668981648,72.1290254129395));
#14504=CARTESIAN_POINT('Origin',(45.8860006854534,28.0000000596046,5.));
#14505=CARTESIAN_POINT('',(45.8860006854534,33.7858926212788,47.5729688263201));
#14506=CARTESIAN_POINT('Origin',(46.0000006854534,39.5717851829529,47.5729688263201));
#14507=CARTESIAN_POINT('',(48.9000006854534,45.7967851829529,47.5729688263201));
#14508=CARTESIAN_POINT('Origin',(46.8858142770519,38.999666898163,47.5730254129395));
#14509=CARTESIAN_POINT('Origin',(50.,39.5717851829528,69.4229688263202));
#14510=CARTESIAN_POINT('',(48.9000006854534,64.2717851829528,69.4229688263203));
#14511=CARTESIAN_POINT('',(50.,64.2717851829528,69.4229688263203));
#14512=CARTESIAN_POINT('',(48.9000006854534,39.7717851829529,69.4229688263202));
#14513=CARTESIAN_POINT('',(50.,39.7717851829528,69.4229688263202));
#14514=CARTESIAN_POINT('',(48.9000006854534,45.7967851829528,69.4229688263203));
#14515=CARTESIAN_POINT('Origin',(50.,39.7717851829528,52.7229688263203));
#14516=CARTESIAN_POINT('',(48.9000006854534,39.7717851829529,55.8229688263203));
#14517=CARTESIAN_POINT('',(50.,39.7717851829528,55.8229688263203));
#14518=CARTESIAN_POINT('',(48.9000006854534,39.7717851829529,56.9479688263202));
#14519=CARTESIAN_POINT('Origin',(50.,64.4717851829529,55.8229688263203));
#14520=CARTESIAN_POINT('',(48.9000006854534,64.2717851829528,55.8229688263203));
#14521=CARTESIAN_POINT('',(50.,64.2717851829528,55.8229688263203));
#14522=CARTESIAN_POINT('',(48.9000006854534,58.2467851829529,55.8229688263203));
#14523=CARTESIAN_POINT('Origin',(50.,64.2717851829528,69.4229688263203));
#14524=CARTESIAN_POINT('',(48.9000006854534,64.2717851829529,65.2979688263203));
#14525=CARTESIAN_POINT('Origin',(48.9000006854534,52.0217851829528,61.1729688263203));
#14526=CARTESIAN_POINT('Origin',(48.8998142770528,62.9996668981648,50.1290254129395));
#14527=CARTESIAN_POINT('',(48.8998142770528,63.7996668981648,50.1290254129395));
#14528=CARTESIAN_POINT('Origin',(48.8998142770528,62.9996668981648,50.1290254129395));
#14529=CARTESIAN_POINT('Origin',(46.8858142770528,62.9996668981648,50.1290254129395));
#14530=CARTESIAN_POINT('',(46.8858142770528,63.7996668981648,50.1290254129395));
#14531=CARTESIAN_POINT('Origin',(46.8858142770528,40.9996668981648,50.1290254129395));
#14532=CARTESIAN_POINT('',(46.8858142770528,41.7996668981648,50.1290254129395));
#14533=CARTESIAN_POINT('Origin',(46.8858142770528,40.9996668981648,72.1290254129395));
#14534=CARTESIAN_POINT('',(46.8858142770528,41.7996668981648,72.1290254129395));
#14535=CARTESIAN_POINT('Origin',(46.8858142770528,62.9996668981648,72.1290254129395));
#14536=CARTESIAN_POINT('',(46.8858142770528,63.7996668981648,72.1290254129395));
#14537=CARTESIAN_POINT('Origin',(-39.,67.6005583645251,55.1541129829172));
#14538=CARTESIAN_POINT('',(-39.,59.9505583645251,48.5041129829172));
#14539=CARTESIAN_POINT('',(-39.,75.2505583645251,48.5041129829172));
#14540=CARTESIAN_POINT('',(-39.,63.6005583645251,48.5041129829172));
#14541=CARTESIAN_POINT('',(-39.,75.2505583645251,61.8041129829172));
#14542=CARTESIAN_POINT('',(-39.,75.2505583645251,61.8041129829172));
#14543=CARTESIAN_POINT('',(-39.,59.9505583645251,61.8041129829172));
#14544=CARTESIAN_POINT('',(-39.,59.9505583645251,61.8041129829172));
#14545=CARTESIAN_POINT('',(-39.,59.9505583645251,48.5041129829172));
#14546=CARTESIAN_POINT('Origin',(-46.,59.9505583645251,48.5041129829172));
#14547=CARTESIAN_POINT('',(-46.,75.2505583645251,48.5041129829172));
#14548=CARTESIAN_POINT('',(-46.,59.9505583645251,48.5041129829172));
#14549=CARTESIAN_POINT('Origin',(-46.,75.2505583645251,48.5041129829172));
#14550=CARTESIAN_POINT('',(-46.,75.2505583645251,61.8041129829172));
#14551=CARTESIAN_POINT('Origin',(-46.,75.2505583645251,61.8041129829172));
#14552=CARTESIAN_POINT('',(-46.,59.9505583645251,61.8041129829172));
#14553=CARTESIAN_POINT('Origin',(-46.,59.9505583645251,61.8041129829172));
#14554=CARTESIAN_POINT('Origin',(-48.,67.6005583645251,44.5041129829172));
#14555=CARTESIAN_POINT('Origin',(-48.,67.6005583645251,65.8041129829172));
#14556=UNCERTAINTY_MEASURE_WITH_UNIT(LENGTH_MEASURE(0.01),#14560,
'DISTANCE_ACCURACY_VALUE',
'Maximum model space distance between geometric entities at asserted c
onnectivities');
#14557=UNCERTAINTY_MEASURE_WITH_UNIT(LENGTH_MEASURE(0.01),#14560,
'DISTANCE_ACCURACY_VALUE',
'Maximum model space distance between geometric entities at asserted c
onnectivities');
#14558=(
GEOMETRIC_REPRESENTATION_CONTEXT(3)
GLOBAL_UNCERTAINTY_ASSIGNED_CONTEXT((#14556))
GLOBAL_UNIT_ASSIGNED_CONTEXT((#14560,#14562,#14563))
REPRESENTATION_CONTEXT('','3D')
);
#14559=(
GEOMETRIC_REPRESENTATION_CONTEXT(3)
GLOBAL_UNCERTAINTY_ASSIGNED_CONTEXT((#14557))
GLOBAL_UNIT_ASSIGNED_CONTEXT((#14560,#14562,#14563))
REPRESENTATION_CONTEXT('','3D')
);
#14560=(
LENGTH_UNIT()
NAMED_UNIT(*)
SI_UNIT(.MILLI.,.METRE.)
);
#14561=(
LENGTH_UNIT()
NAMED_UNIT(*)
SI_UNIT($,.METRE.)
);
#14562=(
NAMED_UNIT(*)
PLANE_ANGLE_UNIT()
SI_UNIT($,.RADIAN.)
);
#14563=(
NAMED_UNIT(*)
SI_UNIT($,.STERADIAN.)
SOLID_ANGLE_UNIT()
);
#14564=SHAPE_DEFINITION_REPRESENTATION(#14565,#14566);
#14565=PRODUCT_DEFINITION_SHAPE('',$,#14568);
#14566=SHAPE_REPRESENTATION('',(#7729),#14558);
#14567=PRODUCT_DEFINITION_CONTEXT('part definition',#14572,'design');
#14568=PRODUCT_DEFINITION('Arduino Case  (1) (1)',
'Arduino Case  (1) (1)',#14569,#14567);
#14569=PRODUCT_DEFINITION_FORMATION('',$,#14574);
#14570=PRODUCT_RELATED_PRODUCT_CATEGORY('Arduino Case  (1) (1)',
'Arduino Case  (1) (1)',(#14574));
#14571=APPLICATION_PROTOCOL_DEFINITION('international standard',
'automotive_design',2009,#14572);
#14572=APPLICATION_CONTEXT(
'Core Data for Automotive Mechanical Design Process');
#14573=PRODUCT_CONTEXT('part definition',#14572,'mechanical');
#14574=PRODUCT('Arduino Case  (1) (1)','Arduino Case  (1) (1)',$,(#14573));
#14575=PRESENTATION_STYLE_ASSIGNMENT((#14577));
#14576=PRESENTATION_STYLE_ASSIGNMENT((#14578));
#14577=SURFACE_STYLE_USAGE(.BOTH.,#14579);
#14578=SURFACE_STYLE_USAGE(.BOTH.,#14580);
#14579=SURFACE_SIDE_STYLE('',(#14581));
#14580=SURFACE_SIDE_STYLE('',(#14582));
#14581=SURFACE_STYLE_FILL_AREA(#14583);
#14582=SURFACE_STYLE_FILL_AREA(#14584);
#14583=FILL_AREA_STYLE('Stahl - satiniert',(#14585));
#14584=FILL_AREA_STYLE('Kunststoff - durchscheinend gl\X\E4nzend (Wei\X\DF
)',(#14586));
#14585=FILL_AREA_STYLE_COLOUR('Stahl - satiniert',#14587);
#14586=FILL_AREA_STYLE_COLOUR(
'Kunststoff - durchscheinend gl\X\E4nzend (Wei\X\DF)',#14588);
#14587=COLOUR_RGB('Stahl - satiniert',0.627450980392157,0.627450980392157,
0.627450980392157);
#14588=COLOUR_RGB('Kunststoff - durchscheinend gl\X\E4nzend (Wei\X\DF)',
0.964705882352941,0.964705882352941,0.952941176470588);
ENDSEC;
END-ISO-10303-21;
